held_out,train_dataset,family,acc.true,acc.pred,f1.true,f1.pred,auroc.true,auroc.pred,brier.true,brier.pred,meanconf.true,meanconf.pred,nll.true,nll.pred
imdb,imdb,sentiment,0.718999981880188,0.7483659982681274,0.7118985652923584,0.70418781042099,0.9523163437843323,0.921787679195404,0.18182618916034698,0.19744445383548737,0.6430283188819885,0.7478304505348206,0.5440698862075806,0.5491683483123779
imdb,imdb,sentiment,0.878000020980835,0.7703686952590942,0.8776818513870239,0.7458202242851257,0.9532879590988159,0.9284754991531372,0.15091365575790405,0.18529799580574036,0.6448434591293335,0.7489794492721558,0.4820103645324707,0.5107688307762146
imdb,imdb,sentiment,0.5824999809265137,0.7052254676818848,0.4163922369480133,0.6520630121231079,0.8804320693016052,0.888640284538269,0.21878686547279358,0.2194550484418869,0.6350644826889038,0.6231356859207153,0.6265318989753723,0.5891799926757812
imdb,imdb,sentiment,0.5580000281333923,0.6614506840705872,0.35815146565437317,0.6037940382957458,0.8576363325119019,0.8469666242599487,0.2838815450668335,0.27284517884254456,0.8035904765129089,0.6488283276557922,0.7740233540534973,0.6403600573539734
imdb,imdb,sentiment,0.5580000281333923,0.6725295782089233,0.35815146565437317,0.6200499534606934,0.8528023362159729,0.8379961848258972,0.28615862131118774,0.2730364203453064,0.8066902160644531,0.6205705404281616,0.780423641204834,0.634412407875061
imdb,imdb,sentiment,0.5580000281333923,0.6688995957374573,0.35815146565437317,0.6099212765693665,0.8615038990974426,0.8494337797164917,0.2740347981452942,0.26380252838134766,0.7859258651733398,0.6140298247337341,0.7476861476898193,0.6242244243621826
imdb,imdb,sentiment,0.9085000157356262,0.7839190363883972,0.9073895812034607,0.7505669593811035,0.9647202491760254,0.9296649098396301,0.09002986550331116,0.1773962378501892,0.7783832550048828,0.7939096093177795,0.31861042976379395,0.4973638355731964
imdb,imdb,sentiment,0.8949999809265137,0.7895439863204956,0.8944060206413269,0.7679586410522461,0.9595618844032288,0.9378788471221924,0.11237207055091858,0.1660832315683365,0.7249323129653931,0.7976939082145691,0.38322627544403076,0.48088276386260986
imdb,imdb,sentiment,0.8050000071525574,0.7371900081634521,0.804530680179596,0.7014928460121155,0.9418895840644836,0.9041690230369568,0.1899898201227188,0.21079768240451813,0.5893231630325317,0.7159841060638428,0.5689504146575928,0.5548568367958069
imdb,imdb,sentiment,0.5580000281333923,0.6905655264854431,0.35815146565437317,0.6258175373077393,0.8627582788467407,0.8829443454742432,0.26327112317085266,0.2394648790359497,0.7637314796447754,0.64459228515625,0.7207792401313782,0.6082095503807068
imdb,imdb,sentiment,0.7954999804496765,0.7016037106513977,0.7949348092079163,0.6424587368965149,0.9358345866203308,0.8940945863723755,0.19864186644554138,0.21888361871242523,0.5751235485076904,0.7067400813102722,0.5877537131309509,0.5769494771957397
imdb,imdb,sentiment,0.8985000252723694,0.8450976014137268,0.8980354070663452,0.8308366537094116,0.9654359221458435,0.96855628490448,0.07875598967075348,0.11435912549495697,0.8528338670730591,0.8726908564567566,0.27114254236221313,0.40213117003440857
imdb,imdb,sentiment,0.5895000100135803,0.695523202419281,0.43206796050071716,0.6434445381164551,0.8858646750450134,0.8734443187713623,0.21558710932731628,0.2543620467185974,0.632446825504303,0.6455302834510803,0.6198713779449463,0.6221300959587097
imdb,imdb,sentiment,0.5580000281333923,0.6906841993331909,0.35815146565437317,0.6321238279342651,0.8639543652534485,0.880050778388977,0.2601878345012665,0.23639720678329468,0.7577823400497437,0.6654670834541321,0.7133994698524475,0.6017405390739441
imdb,imdb,sentiment,0.9024999737739563,0.817581295967102,0.8998888731002808,0.7927737832069397,0.9666725397109985,0.9596378207206726,0.07321356981992722,0.13832740485668182,0.9070397615432739,0.8658321499824524,0.24453233182430267,0.44197797775268555
imdb,imdb,sentiment,0.9054999947547913,0.839544415473938,0.902969241142273,0.8205704689025879,0.9687515497207642,0.961254358291626,0.07203281670808792,0.12083356082439423,0.9174878001213074,0.8725037574768066,0.24655547738075256,0.39556685090065
imdb,imdb,sentiment,0.8690000176429749,0.8085998296737671,0.8644609451293945,0.7849745750427246,0.9528596997261047,0.9520733952522278,0.15763084590435028,0.15438619256019592,0.6287570595741272,0.7857053279876709,0.499288946390152,0.4853721857070923
imdb,imdb,sentiment,0.8485000133514404,0.7880653142929077,0.8484954237937927,0.7510478496551514,0.9474250674247742,0.9455082416534424,0.18051573634147644,0.16490314900875092,0.5975747108459473,0.768426775932312,0.5491027235984802,0.5045063495635986
imdb,imdb,sentiment,0.6890000104904175,0.7467004656791687,0.6815453171730042,0.6964569091796875,0.883389413356781,0.9249794483184814,0.22480863332748413,0.18602420389652252,0.5455032587051392,0.6426486372947693,0.6422072052955627,0.5774651169776917
imdb,imdb,sentiment,0.44200000166893005,0.6958075165748596,0.30727890133857727,0.6307878494262695,0.7510263323783875,0.8803234100341797,0.25652560591697693,0.22552187740802765,0.5861009955406189,0.5797778964042664,0.7060794830322266,0.646844744682312
imdb,imdb,sentiment,0.593500018119812,0.7225568890571594,0.5574256777763367,0.6747470498085022,0.9252055883407593,0.9078494310379028,0.2220676690340042,0.20356173813343048,0.564012348651886,0.6343404054641724,0.6357851028442383,0.609319806098938
imdb,imdb,sentiment,0.6060000061988831,0.6981274485588074,0.49670687317848206,0.6399068832397461,0.7322952747344971,0.890450656414032,0.23477081954479218,0.21592003107070923,0.5490947365760803,0.5878660082817078,0.6623715162277222,0.6215634942054749
imdb,imdb,sentiment,0.828499972820282,0.7384465932846069,0.8277150392532349,0.6868265867233276,0.91157466173172,0.9321743249893188,0.20991986989974976,0.19080287218093872,0.553317666053772,0.6266301870346069,0.6120510697364807,0.5742933750152588
imdb,imdb,sentiment,0.7304999828338623,0.7556269764900208,0.687080442905426,0.7173401117324829,0.9390832781791687,0.9148736000061035,0.19737574458122253,0.1888638287782669,0.591573178768158,0.6345140337944031,0.5847885012626648,0.5616799592971802
imdb,imdb,sentiment,0.6804999709129333,0.7223271727561951,0.6701062917709351,0.677006185054779,0.9021234512329102,0.9008813500404358,0.22155646979808807,0.21839827299118042,0.5529242753982544,0.6329482197761536,0.6353230476379395,0.6088402271270752
imdb,imdb,sentiment,0.44200000166893005,0.7050989270210266,0.3065187335014343,0.6465383172035217,0.8089821934700012,0.9039652943611145,0.28923287987709045,0.20434868335723877,0.6874553561210632,0.6116735339164734,0.7742683291435242,0.6027764678001404
imdb,imdb,sentiment,0.6909999847412109,0.7336794137954712,0.6296522617340088,0.6856720447540283,0.9007317423820496,0.9072141051292419,0.22250014543533325,0.19483433663845062,0.5499970316886902,0.590122401714325,0.6376302242279053,0.5795893669128418
imdb,imdb,sentiment,0.5695000290870667,0.6712537407875061,0.3861730694770813,0.6123724579811096,0.9421541094779968,0.8442091345787048,0.21927157044410706,0.23287320137023926,0.6152839660644531,0.5509442687034607,0.6288197636604309,0.6240580677986145
imdb,imdb,sentiment,0.7229999899864197,0.7135115265846252,0.6830573081970215,0.6634045839309692,0.8908533453941345,0.902273952960968,0.20228058099746704,0.20371192693710327,0.5877053737640381,0.6558659672737122,0.5950056910514832,0.6245920062065125
imdb,imdb,sentiment,0.5715000033378601,0.7448016405105591,0.526105523109436,0.7032621502876282,0.9236587285995483,0.9164882898330688,0.22346192598342896,0.1905786395072937,0.568225085735321,0.6168555021286011,0.6383994817733765,0.5753759145736694
imdb,imdb,sentiment,0.5835000276565552,0.6743941307067871,0.5424584150314331,0.5964264869689941,0.9242132306098938,0.8566910028457642,0.236570805311203,0.22286100685596466,0.5285789370536804,0.5355201363563538,0.6661513447761536,0.6169346570968628
imdb,imdb,sentiment,0.5569999814033508,0.6532105207443237,0.35773923993110657,0.5586856007575989,0.5270337462425232,0.8416096568107605,0.24693983793258667,0.23270243406295776,0.581017017364502,0.5029426217079163,0.6870176792144775,0.6287062168121338
imdb,imdb,sentiment,0.8009999990463257,0.7361109256744385,0.7863330245018005,0.6823804378509521,0.9152531623840332,0.9023049473762512,0.20841075479984283,0.1973639279603958,0.5590178370475769,0.5881849527359009,0.6089839935302734,0.5554186105728149
imdb,imdb,sentiment,0.8565000295639038,0.7679824233055115,0.8563663959503174,0.7311177253723145,0.9408966898918152,0.9416605830192566,0.19013267755508423,0.17505252361297607,0.5803536176681519,0.666100025177002,0.5704318284988403,0.5583430528640747
imdb,imdb,sentiment,0.5895000100135803,0.7786968350410461,0.5513797402381897,0.7424086928367615,0.9338822960853577,0.9453526735305786,0.21116384863853455,0.17075124382972717,0.6176142692565918,0.7030306458473206,0.6090083122253418,0.5433349609375
imdb,imdb,sentiment,0.5274999737739563,0.7066069841384888,0.4916675090789795,0.6413825750350952,0.6584399938583374,0.8927371501922607,0.2464260309934616,0.20533187687397003,0.533898115158081,0.5493354201316833,0.6859455704689026,0.5879263281822205
imdb,imdb,sentiment,0.8529999852180481,0.7563716769218445,0.8522761464118958,0.6990944147109985,0.9335888624191284,0.9345337152481079,0.19640110433101654,0.1799841821193695,0.5699973702430725,0.699770987033844,0.583940863609314,0.5415917634963989
imdb,imdb,sentiment,0.8679999709129333,0.8769664168357849,0.8616647720336914,0.8685631155967712,0.96607905626297,0.9758668541908264,0.09198271483182907,0.09745965898036957,0.910199761390686,0.9095456004142761,0.29606136679649353,0.3593359589576721
imdb,imdb,sentiment,0.9125000238418579,0.8409882187843323,0.9113783836364746,0.8234543204307556,0.9680257439613342,0.9670535922050476,0.06710001826286316,0.11797094345092773,0.9167553782463074,0.9022932052612305,0.23810718953609467,0.40241262316703796
imdb,imdb,sentiment,0.9089999794960022,0.8590403199195862,0.9078648090362549,0.8417752981185913,0.9657318592071533,0.9709458351135254,0.06981303542852402,0.10450684279203415,0.886367917060852,0.8906880021095276,0.2397097945213318,0.3677014112472534
imdb,imdb,sentiment,0.9110000133514404,0.8670231103897095,0.909142017364502,0.86127108335495,0.9680196642875671,0.9741172790527344,0.06822320818901062,0.09975133836269379,0.9272679090499878,0.8957259654998779,0.23567979037761688,0.3642726540565491
imdb,imdb,sentiment,0.8820000290870667,0.8456266522407532,0.8819201588630676,0.8357481360435486,0.9672589302062988,0.9657002091407776,0.09208947420120239,0.12071262300014496,0.9341468214988708,0.8906704783439636,0.33463582396507263,0.41711491346359253
imdb,imdb,sentiment,0.9035000205039978,0.8241517543792725,0.901584804058075,0.8123905062675476,0.9647005200386047,0.9602471590042114,0.07372631877660751,0.1374775469303131,0.8696790933609009,0.8234750628471375,0.2505742907524109,0.44294604659080505
imdb,imdb,sentiment,0.9079999923706055,0.8548811674118042,0.9060518741607666,0.8501885533332825,0.965652346611023,0.9614489078521729,0.07186854630708694,0.11737703531980515,0.9076215028762817,0.8923975825309753,0.24702362716197968,0.3788423538208008
imdb,imdb,sentiment,0.9079999923706055,0.8524548411369324,0.906723141670227,0.8468145132064819,0.9650573134422302,0.9695147275924683,0.08158192783594131,0.117992103099823,0.809573769569397,0.856243371963501,0.28857576847076416,0.41081514954566956
imdb,imdb,sentiment,0.9054999947547913,0.8600450158119202,0.9046844840049744,0.8535336256027222,0.9655428528785706,0.97330641746521,0.08026227355003357,0.10396990180015564,0.8202097415924072,0.8864912390708923,0.28236034512519836,0.3695840537548065
imdb,imdb,sentiment,0.906499981880188,0.8807743191719055,0.9046981930732727,0.872260332107544,0.9670430421829224,0.9771749377250671,0.06944933533668518,0.09617986530065536,0.9162267446517944,0.9086667895317078,0.2354588508605957,0.3630836308002472
imdb,imdb,sentiment,0.8805000185966492,0.8987623453140259,0.8755983114242554,0.9012326002120972,0.9681321978569031,0.9781238436698914,0.09113456308841705,0.08227471262216568,0.9269333481788635,0.9224682450294495,0.32569417357444763,0.3063550293445587
imdb,imdb,sentiment,0.8955000042915344,0.8855518698692322,0.8920608162879944,0.8805007338523865,0.9657430648803711,0.9774714112281799,0.07767920941114426,0.08918898552656174,0.8930657505989075,0.9134438633918762,0.25990939140319824,0.33244210481643677
imdb,imdb,sentiment,0.8995000123977661,0.8363378047943115,0.8990930914878845,0.8284858465194702,0.9663811326026917,0.9603598713874817,0.0782889574766159,0.12907515466213226,0.8663200736045837,0.8560978174209595,0.2694232165813446,0.4097805917263031
imdb,imdb,sentiment,0.8895000219345093,0.8337832093238831,0.8857358694076538,0.817734956741333,0.9665899276733398,0.954600989818573,0.08134631812572479,0.1338624805212021,0.8455161452293396,0.8319044709205627,0.2749819755554199,0.4342714548110962
imdb,imdb,sentiment,0.8220000267028809,0.8865552544593811,0.8060222268104553,0.8762509822845459,0.9677307605743408,0.9791131615638733,0.16306175291538239,0.08434318006038666,0.9754866361618042,0.928364634513855,0.7918742299079895,0.3173709213733673
imdb,imdb,sentiment,0.8855000138282776,0.8665007948875427,0.8853789567947388,0.8625435829162598,0.9673101305961609,0.9703388810157776,0.08584323525428772,0.10419735312461853,0.9359570741653442,0.9075881838798523,0.3049975335597992,0.36153432726860046
imdb,imdb,sentiment,0.9054999947547913,0.8738040328025818,0.9028055667877197,0.866024374961853,0.9703038930892944,0.9732609391212463,0.07236602157354355,0.09465594589710236,0.9333946108818054,0.9100821018218994,0.2418414205312729,0.33518266677856445
imdb,imdb,sentiment,0.7480000257492065,0.7371424436569214,0.7446818947792053,0.7011739015579224,0.9352704882621765,0.9043434858322144,0.1945829838514328,0.20042964816093445,0.5960099101066589,0.6613821387290955,0.5770227313041687,0.6203516125679016
imdb,imdb,sentiment,0.7049999833106995,0.7266351580619812,0.7000078558921814,0.6764019727706909,0.8788310289382935,0.8984657526016235,0.2227412313222885,0.2026180922985077,0.5492147207260132,0.6399078965187073,0.6378965973854065,0.6057002544403076
imdb,imdb,sentiment,0.675000011920929,0.7669350504875183,0.5978499054908752,0.7174183130264282,0.9584940075874329,0.9347327947616577,0.19916103780269623,0.17280033230781555,0.6165298223495483,0.6442059278488159,0.5873250961303711,0.5221415758132935
imdb,imdb,sentiment,0.765999972820282,0.7935625314712524,0.764215350151062,0.7634515762329102,0.9453567266464233,0.9420586228370667,0.1922338604927063,0.1588372141122818,0.5897886157035828,0.7206263542175293,0.573457658290863,0.5163459777832031
imdb,imdb,sentiment,0.8669999837875366,0.7517239451408386,0.8617427945137024,0.707038938999176,0.9511106610298157,0.926605224609375,0.17441168427467346,0.18638655543327332,0.6019428372383118,0.6918413043022156,0.5375193953514099,0.5705421566963196
imdb,imdb,sentiment,0.5709999799728394,0.7682587504386902,0.38973647356033325,0.7309324145317078,0.932198166847229,0.9311742782592773,0.21838413178920746,0.16975325345993042,0.6345658302307129,0.6316357254981995,0.6257821917533875,0.531662106513977
imdb,imdb,sentiment,0.6865000128746033,0.6641066074371338,0.6807242035865784,0.5947470664978027,0.7400121092796326,0.8334505558013916,0.2295173853635788,0.23461687564849854,0.5453411340713501,0.525745153427124,0.6517854332923889,0.6271055936813354
imdb,imdb,sentiment,0.44200000166893005,0.7212156653404236,0.3065187335014343,0.6601634621620178,0.6494388580322266,0.8878764510154724,0.2688962519168854,0.1977066993713379,0.6126535534858704,0.5632033348083496,0.7315815687179565,0.5832906365394592
imdb,imdb,sentiment,0.5600000023841858,0.8090262413024902,0.3631163239479065,0.7841636538505554,0.928835391998291,0.9518004655838013,0.23579618334770203,0.14876578748226166,0.7489442825317383,0.6714373230934143,0.653769850730896,0.4742799997329712
imdb,imdb,sentiment,0.8934999704360962,0.8254108428955078,0.889704704284668,0.8114269375801086,0.9669371247291565,0.962130069732666,0.07968828827142715,0.1325509250164032,0.8894086480140686,0.8800750970840454,0.2621389925479889,0.42839348316192627
imdb,imdb,sentiment,0.8730000257492065,0.85930997133255,0.8670823574066162,0.8470456600189209,0.9678311347961426,0.96345055103302,0.09163089096546173,0.10852909833192825,0.8756942749023438,0.8682579398155212,0.2990589737892151,0.36114367842674255
imdb,imdb,sentiment,0.9075000286102295,0.8402547240257263,0.9066122174263,0.8200388550758362,0.9652701616287231,0.9638760089874268,0.07051485031843185,0.11946415901184082,0.8806639313697815,0.9077942371368408,0.24535249173641205,0.41723164916038513
imdb,imdb,sentiment,0.906000018119812,0.877406120300293,0.9037165641784668,0.8685404658317566,0.9674702882766724,0.9749379754066467,0.0702308639883995,0.103053517639637,0.910651445388794,0.8983144164085388,0.23749934136867523,0.37471041083335876
imdb,imdb,sentiment,0.9014999866485596,0.8597666025161743,0.9001914858818054,0.8541842103004456,0.9630036950111389,0.9676311016082764,0.07223017513751984,0.11475729942321777,0.8937199711799622,0.8964836597442627,0.25309035181999207,0.37772136926651
imdb,imdb,sentiment,0.9004999995231628,0.8807706236839294,0.9000712633132935,0.8728112578392029,0.968597948551178,0.9774842858314514,0.07392008602619171,0.09324280917644501,0.9238216280937195,0.9001608490943909,0.2547491490840912,0.34213218092918396
imdb,imdb,sentiment,0.9144999980926514,0.8848329782485962,0.9130644798278809,0.8832533955574036,0.9692167639732361,0.9769360423088074,0.06558500230312347,0.09493958204984665,0.9345981478691101,0.9155609011650085,0.22877533733844757,0.34585413336753845
imdb,imdb,sentiment,0.9024999737739563,0.8964455723762512,0.8999548554420471,0.8923906087875366,0.9654384255409241,0.9801670908927917,0.07834082841873169,0.08490107208490372,0.9609837532043457,0.9386235475540161,0.2938399612903595,0.3281824588775635
imdb,imdb,sentiment,0.8799999952316284,0.8796463012695312,0.8745735287666321,0.8681524991989136,0.9684900045394897,0.9771919846534729,0.08570206165313721,0.09582974016666412,0.9028040170669556,0.8872178792953491,0.2768619656562805,0.36078816652297974
imdb,imdb,sentiment,0.9039999842643738,0.8825496435165405,0.9010027647018433,0.876883327960968,0.9691027402877808,0.9767103791236877,0.07574673742055893,0.09458247572183609,0.9270414710044861,0.9197421669960022,0.258094847202301,0.3508826494216919
imdb,imdb,sentiment,0.9179999828338623,0.8873723149299622,0.9163125157356262,0.8805544376373291,0.9722653031349182,0.9725683331489563,0.06511679291725159,0.08979733288288116,0.9448729157447815,0.9499630928039551,0.22686150670051575,0.32206660509109497
imdb,imdb,sentiment,0.8834999799728394,0.8857489824295044,0.8788210153579712,0.8797153234481812,0.9694022536277771,0.9748564958572388,0.08675779402256012,0.09126650542020798,0.9076613783836365,0.8966092467308044,0.29469314217567444,0.3363266587257385
imdb,imdb,sentiment,0.8865000009536743,0.8696087002754211,0.8822723627090454,0.8679375648498535,0.9662057757377625,0.9734879732131958,0.08090212196111679,0.10312910377979279,0.8773670792579651,0.8730893731117249,0.2656674385070801,0.3617745339870453
imdb,imdb,sentiment,0.9010000228881836,0.8623415231704712,0.8979818820953369,0.857944905757904,0.9700661897659302,0.9660035967826843,0.0738692507147789,0.11296021193265915,0.8855814933776855,0.8747248649597168,0.24780689179897308,0.36859849095344543
imdb,imdb,sentiment,0.9160000085830688,0.8576087951660156,0.9151343107223511,0.8471709489822388,0.9716307520866394,0.9649667143821716,0.06314320117235184,0.11364582926034927,0.8976556658744812,0.8677741885185242,0.21852311491966248,0.37805768847465515
imdb,imdb,sentiment,0.8379999995231628,0.8797377943992615,0.8257642984390259,0.870795726776123,0.9668985605239868,0.966156005859375,0.12817934155464172,0.09603738784790039,0.9325101971626282,0.9062755703926086,0.4583556056022644,0.32098332047462463
imdb,imdb,sentiment,0.9100000262260437,0.8921648859977722,0.9081211686134338,0.8909988403320312,0.9739682078361511,0.9768776893615723,0.06453348696231842,0.08603247255086899,0.9224828481674194,0.9099900722503662,0.21373866498470306,0.3200935125350952
imdb,imdb,sentiment,0.8824999928474426,0.8665698170661926,0.8777808547019958,0.8519508838653564,0.9701021909713745,0.9668685793876648,0.08413667976856232,0.10257085412740707,0.9248272776603699,0.9125118255615234,0.2695818841457367,0.36276042461395264
imdb,imdb,sentiment,0.8989999890327454,0.8835525512695312,0.8961379528045654,0.8792346119880676,0.9664338231086731,0.977544903755188,0.07359804958105087,0.09064966440200806,0.8976802229881287,0.9048978686332703,0.2462913542985916,0.34047648310661316
imdb,imdb,sentiment,0.8479999899864197,0.8659271597862244,0.8376928567886353,0.8592655062675476,0.9664875268936157,0.9709674119949341,0.11063370108604431,0.0989004522562027,0.9246575236320496,0.8904377222061157,0.3572075664997101,0.3371953070163727
imdb,imdb,sentiment,0.9004999995231628,0.8848400712013245,0.8992924690246582,0.8751832842826843,0.9680100679397583,0.9703139662742615,0.07412528246641159,0.08838127553462982,0.9457765221595764,0.9305504560470581,0.2600368857383728,0.30582883954048157
imdb,imdb,sentiment,0.9185000061988831,0.9038053750991821,0.9174173474311829,0.9026199579238892,0.9746042490005493,0.9765743017196655,0.05972444638609886,0.07108291238546371,0.9222575426101685,0.927834689617157,0.20399124920368195,0.25452476739883423
imdb,imdb,sentiment,0.8579999804496765,0.8798184394836426,0.8492439389228821,0.8772180080413818,0.9702886939048767,0.9779874086380005,0.0989745631814003,0.09053267538547516,0.906646728515625,0.9258995056152344,0.3105875849723816,0.3344247341156006
imdb,imdb,sentiment,0.8650000095367432,0.8964530825614929,0.8574596047401428,0.8924242854118347,0.9651718735694885,0.9777765274047852,0.1022518202662468,0.0822124108672142,0.924037754535675,0.9360406398773193,0.32994338870048523,0.2966731786727905
imdb,imdb,sentiment,0.8989999890327454,0.910851001739502,0.8955790400505066,0.9042096734046936,0.9717934727668762,0.9804539084434509,0.08114325255155563,0.0696403831243515,0.9672338962554932,0.9390033483505249,0.32545578479766846,0.27512964606285095
imdb,imdb,sentiment,0.7799999713897705,0.8655403852462769,0.7529308795928955,0.8557871580123901,0.9674186110496521,0.9667212963104248,0.1499701291322708,0.10114870965480804,0.8920841217041016,0.8824743628501892,0.44929495453834534,0.3411514163017273
imdb,imdb,sentiment,0.9004999995231628,0.9014917612075806,0.897187352180481,0.9025964736938477,0.9743306040763855,0.9806451201438904,0.07436688244342804,0.07491783052682877,0.9339554309844971,0.9430734515190125,0.2500915229320526,0.28793296217918396
imdb,imdb,sentiment,0.9120000004768372,0.9003786444664001,0.9092198610305786,0.8962799906730652,0.9754390120506287,0.9760141968727112,0.07561692595481873,0.0773024633526802,0.9722181558609009,0.9588289856910706,0.3140202462673187,0.2821704149246216
imdb,imdb,sentiment,0.906000018119812,0.906777024269104,0.9035303592681885,0.9063514471054077,0.9707382321357727,0.979013204574585,0.07413823157548904,0.07220238447189331,0.9477137923240662,0.9205004572868347,0.2557372450828552,0.2671177387237549
imdb,imdb,sentiment,0.8295000195503235,0.73927903175354,0.8184698224067688,0.6692279577255249,0.9435524344444275,0.9056875705718994,0.22819402813911438,0.19176149368286133,0.5276756882667542,0.5415557026863098,0.6494194865226746,0.5651079416275024
imdb,imdb,sentiment,0.7894999980926514,0.7653291821479797,0.7687574625015259,0.7201895713806152,0.9401430487632751,0.9371974468231201,0.20492495596408844,0.18012389540672302,0.5650829076766968,0.6285437345504761,0.6016390919685364,0.5617690086364746
imdb,imdb,sentiment,0.6150000095367432,0.7280717492103577,0.4880291819572449,0.666485071182251,0.9402565956115723,0.9042654037475586,0.21710985898971558,0.18476837873458862,0.5917748808860779,0.6786675453186035,0.6256051063537598,0.5917086601257324
imdb,imdb,sentiment,0.5814999938011169,0.6804516911506653,0.41499438881874084,0.6033108830451965,0.9010986685752869,0.8451746702194214,0.22851653397083282,0.23246529698371887,0.5717907547950745,0.5104870200157166,0.6494959592819214,0.6296170353889465
imdb,imdb,sentiment,0.7699999809265137,0.699554979801178,0.7626477479934692,0.6386017203330994,0.8401135802268982,0.8663262128829956,0.23298317193984985,0.22172094881534576,0.5250861644744873,0.5842036008834839,0.6590172052383423,0.6633206009864807
imdb,imdb,sentiment,0.8654999732971191,0.7160282731056213,0.8597488403320312,0.6501742601394653,0.9535287022590637,0.8809830546379089,0.2143757939338684,0.19903449714183807,0.5434434413909912,0.554207444190979,0.6215108633041382,0.5782217383384705
imdb,imdb,sentiment,0.8495000004768372,0.7533217072486877,0.84345543384552,0.7057662010192871,0.9352167844772339,0.893500566482544,0.22404509782791138,0.1877392679452896,0.5317626595497131,0.5484238862991333,0.6410541534423828,0.5611860156059265
imdb,imdb,sentiment,0.7649999856948853,0.7022035717964172,0.7360852360725403,0.6255024075508118,0.9279581308364868,0.8894543051719666,0.21536466479301453,0.20799000561237335,0.5526340007781982,0.5960978269577026,0.6232474446296692,0.6327816843986511
imdb,imdb,sentiment,0.8930000066757202,0.8951302170753479,0.8894988894462585,0.8922443389892578,0.973264217376709,0.9783260822296143,0.07227927446365356,0.07732067257165909,0.9116595387458801,0.934756875038147,0.23634129762649536,0.28442782163619995
imdb,imdb,sentiment,0.8134999871253967,0.8866679072380066,0.7959200739860535,0.8848685026168823,0.9632261991500854,0.9715390205383301,0.1459469199180603,0.08698312938213348,0.9351638555526733,0.9160979390144348,0.4854958951473236,0.2998133897781372
imdb,imdb,sentiment,0.8845000267028809,0.8952596783638,0.879510223865509,0.8910096287727356,0.9755129814147949,0.9732723236083984,0.07811316102743149,0.07878242433071136,0.8850988149642944,0.9167644381523132,0.25069084763526917,0.277448832988739
imdb,imdb,sentiment,0.9150000214576721,0.8749200105667114,0.9135388135910034,0.8665539622306824,0.97312992811203,0.9710100293159485,0.061019446700811386,0.09103523194789886,0.9300059080123901,0.9249444603919983,0.20905701816082,0.31906402111053467
imdb,imdb,sentiment,0.9135000109672546,0.9050381779670715,0.9117580652236938,0.9013859033584595,0.9726266860961914,0.9786094427108765,0.06608313322067261,0.07395165413618088,0.9383899569511414,0.9447165727615356,0.22461548447608948,0.28450626134872437
imdb,imdb,sentiment,0.8939999938011169,0.880286455154419,0.8903685808181763,0.8766688704490662,0.9704057574272156,0.9743630290031433,0.07418792694807053,0.09053835272789001,0.8865341544151306,0.9121426939964294,0.24561157822608948,0.3256670832633972
imdb,imdb,sentiment,0.828499972820282,0.8781943321228027,0.8146342039108276,0.8666929006576538,0.9751405119895935,0.9680907726287842,0.13200779259204865,0.08636240661144257,0.9439607262611389,0.901039183139801,0.435321182012558,0.29108160734176636
imdb,imdb,sentiment,0.9125000238418579,0.8652230501174927,0.9113984704017639,0.8526403903961182,0.9706774353981018,0.9584217071533203,0.06609901785850525,0.09812472015619278,0.879267156124115,0.8786706328392029,0.2301480919122696,0.3258495330810547
imdb,imdb,sentiment,0.8424999713897705,0.9110612869262695,0.831221878528595,0.9123815894126892,0.9714817404747009,0.9779924750328064,0.10656742006540298,0.068961963057518,0.8866146206855774,0.9408078789710999,0.3272779583930969,0.251591295003891
imdb,imdb,sentiment,0.828499972820282,0.9064487218856812,0.8149605989456177,0.9030364155769348,0.9691270589828491,0.9769775867462158,0.1320798099040985,0.07313065230846405,0.9380134344100952,0.9330127835273743,0.43478599190711975,0.2749049961566925
imdb,imdb,sentiment,0.8650000095367432,0.889545202255249,0.8574596047401428,0.8869086503982544,0.9662067890167236,0.9710742235183716,0.10437677800655365,0.08495195209980011,0.9491837024688721,0.9252747297286987,0.3575926125049591,0.29548385739326477
imdb,imdb,sentiment,0.8349999785423279,0.8579556941986084,0.8220256567001343,0.8473749756813049,0.9729586243629456,0.9614311456680298,0.11587213724851608,0.10593322664499283,0.9036440253257751,0.9152520298957825,0.3592568337917328,0.34794139862060547
imdb,imdb,sentiment,0.9160000085830688,0.9002363681793213,0.9147933721542358,0.895523726940155,0.9740680456161499,0.9759920835494995,0.06189059093594551,0.07702010124921799,0.952421247959137,0.9380564093589783,0.22719934582710266,0.2848619222640991
imdb,imdb,sentiment,0.9160000085830688,0.8908854722976685,0.9144406914710999,0.8842467069625854,0.9740269780158997,0.9690735936164856,0.06501790136098862,0.08599551022052765,0.9530843496322632,0.9159538745880127,0.23422187566757202,0.2991800904273987
imdb,imdb,sentiment,0.8799999952316284,0.88304203748703,0.8753070831298828,0.8776056170463562,0.9666994214057922,0.9726014733314514,0.09416399151086807,0.08666118234395981,0.959782600402832,0.9359623193740845,0.33539527654647827,0.30282527208328247
imdb,imdb,sentiment,0.8799999952316284,0.8799627423286438,0.8744085431098938,0.8740885853767395,0.9706308245658875,0.9728183746337891,0.08178076893091202,0.08710634708404541,0.8882164359092712,0.8996373414993286,0.2629756033420563,0.3115798234939575
imdb,imdb,sentiment,0.8985000252723694,0.881938099861145,0.8952744007110596,0.874543309211731,0.9700844287872314,0.9612689018249512,0.08353828638792038,0.0898030623793602,0.9643272757530212,0.9230160713195801,0.31209439039230347,0.30681440234184265
imdb,imdb,sentiment,0.8560000061988831,0.8695207834243774,0.8472762703895569,0.8585242629051208,0.9705608487129211,0.9639105796813965,0.10424648970365524,0.09819509834051132,0.922864556312561,0.9102867245674133,0.32907018065452576,0.31556436419487
imdb,imdb,sentiment,0.8824999928474426,0.8860356211662292,0.8773191571235657,0.8812151551246643,0.9739205837249756,0.9670068025588989,0.0877772644162178,0.08470887690782547,0.9333316683769226,0.9032838344573975,0.2836143374443054,0.27667179703712463
imdb,imdb,sentiment,0.9139999747276306,0.8894496560096741,0.9134460687637329,0.8853129148483276,0.9718674421310425,0.9751085042953491,0.06820207089185715,0.07949248701334,0.8892803192138672,0.9066224694252014,0.2322929948568344,0.28411898016929626
imdb,imdb,sentiment,0.8535000085830688,0.873369574546814,0.8440224528312683,0.8665040135383606,0.9709805250167847,0.9686377048492432,0.09974844753742218,0.09857958555221558,0.8935680985450745,0.9058414101600647,0.3097558915615082,0.3404247760772705
imdb,imdb,sentiment,0.8665000200271606,0.869619607925415,0.8592807650566101,0.8581889271736145,0.9732439517974854,0.9670398831367493,0.08868763595819473,0.10072015970945358,0.8624736070632935,0.8930730223655701,0.2827918827533722,0.3322764039039612
imdb,imdb,sentiment,0.902999997138977,0.8986375331878662,0.9004515409469604,0.8977006077766418,0.9741228222846985,0.967391312122345,0.06686250865459442,0.07473349571228027,0.9115824103355408,0.9205097556114197,0.2190399020910263,0.246987983584404
imdb,imdb,sentiment,0.9120000004768372,0.8860467672348022,0.9109808206558228,0.8765490651130676,0.9715233445167542,0.9772424101829529,0.06408104300498962,0.08397585898637772,0.9062548875808716,0.9169710278511047,0.21728496253490448,0.31288135051727295
imdb,imdb,sentiment,0.8654999732971191,0.8889697194099426,0.8580219745635986,0.870857834815979,0.9731451272964478,0.9715994596481323,0.09283333271741867,0.08267200738191605,0.9119853973388672,0.9269559979438782,0.28595057129859924,0.30678942799568176
imdb,imdb,sentiment,0.8755000233650208,0.8655901551246643,0.8695539832115173,0.8558298349380493,0.9735024571418762,0.9601924419403076,0.08315402269363403,0.10111773759126663,0.8822426199913025,0.9093992710113525,0.26478877663612366,0.32916259765625
imdb,imdb,sentiment,0.8554999828338623,0.8927717208862305,0.8466289639472961,0.8900390267372131,0.9716277122497559,0.974430501461029,0.1014101430773735,0.07788204401731491,0.9119729399681091,0.9081642627716064,0.3173114061355591,0.2746201455593109
imdb,imdb,sentiment,0.8924999833106995,0.8684120178222656,0.88875412940979,0.8517311215400696,0.9746473431587219,0.9608483910560608,0.07168994098901749,0.1004725843667984,0.906315803527832,0.9146116971969604,0.23107565939426422,0.35777387022972107
imdb,imdb,sentiment,0.8999999761581421,0.8872799277305603,0.8970239758491516,0.8784874081611633,0.9730539321899414,0.9753598570823669,0.07102866470813751,0.08114731311798096,0.8645948767662048,0.9022796750068665,0.24139702320098877,0.2996794581413269
imdb,imdb,sentiment,0.8899999856948853,0.8621804714202881,0.8861885666847229,0.8514161109924316,0.9736950397491455,0.9543921947479248,0.07407493889331818,0.10274429619312286,0.919862687587738,0.8852049112319946,0.2368384599685669,0.3312136232852936
imdb,imdb,sentiment,0.8960000276565552,0.8659389615058899,0.8923964500427246,0.8585081100463867,0.9733752608299255,0.9601378440856934,0.07229728251695633,0.09943746030330658,0.884813129901886,0.8960146307945251,0.2377997487783432,0.31016436219215393
imdb,imdb,sentiment,0.8709999918937683,0.8851889371871948,0.8639916181564331,0.8820436000823975,0.973501443862915,0.9676792025566101,0.0896817073225975,0.08474747091531754,0.8968639969825745,0.9125015139579773,0.2822898030281067,0.277799129486084
imdb,imdb,sentiment,0.9114999771118164,0.8847301602363586,0.9105228781700134,0.8778868913650513,0.9711376428604126,0.9719274044036865,0.06885535269975662,0.08312860876321793,0.8592439889907837,0.9170674681663513,0.23900602757930756,0.2878261208534241
imdb,imdb,sentiment,0.8629999756813049,0.8610848784446716,0.8560319542884827,0.8541175723075867,0.970268964767456,0.958815336227417,0.09013280272483826,0.10275490581989288,0.8825182318687439,0.9040777087211609,0.285368412733078,0.32650884985923767
imdb,imdb,sentiment,0.8995000123977661,0.8861952424049377,0.8992822170257568,0.8764034509658813,0.9747365713119507,0.9711483120918274,0.07684501260519028,0.08785004913806915,0.8631922602653503,0.928051233291626,0.2602725327014923,0.31684449315071106
imdb,imdb,sentiment,0.9085000157356262,0.8488820791244507,0.9064650535583496,0.8372337818145752,0.9684393405914307,0.9622237682342529,0.06913308799266815,0.12177327275276184,0.9322236180305481,0.8774265050888062,0.23994341492652893,0.3896495997905731
imdb,imdb,sentiment,0.6995000243186951,0.7575557231903076,0.6382428407669067,0.7110516428947449,0.944696307182312,0.9233517050743103,0.2066338211297989,0.1804959774017334,0.5766924023628235,0.6229348182678223,0.6045019030570984,0.544653058052063
imdb,imdb,sentiment,0.7210000157356262,0.7372081875801086,0.6739130616188049,0.6979271173477173,0.9278674125671387,0.9197902083396912,0.18793123960494995,0.19671779870986938,0.6187207698822021,0.648144006729126,0.5625657439231873,0.5754697918891907
imdb,imdb,sentiment,0.8834999799728394,0.8681879043579102,0.879207968711853,0.8532106280326843,0.9623873829841614,0.9772920608520508,0.0831717848777771,0.10191598534584045,0.8558084964752197,0.9029983282089233,0.27891629934310913,0.3878030478954315
imdb,imdb,sentiment,0.8744999766349792,0.902824342250824,0.8685649037361145,0.9036393761634827,0.9676319360733032,0.9795624017715454,0.10194331407546997,0.07554812729358673,0.9604803323745728,0.937547504901886,0.4099390506744385,0.2772550880908966
imdb,imdb,sentiment,0.8705000281333923,0.7396841645240784,0.8663360476493835,0.696742594242096,0.9498085975646973,0.91684889793396,0.17484541237354279,0.18663066625595093,0.6001620888710022,0.6583727598190308,0.5381227135658264,0.5625197291374207
imdb,imdb,sentiment,0.7894999980926514,0.9068264365196228,0.7654020190238953,0.9056652784347534,0.9605141878128052,0.9809414148330688,0.1785903126001358,0.06730902194976807,0.9530038833618164,0.9533432126045227,0.7030453085899353,0.2579615116119385
imdb,imdb,sentiment,0.5130000114440918,0.7469200491905212,0.43623754382133484,0.7019327878952026,0.909044623374939,0.9230195879936218,0.22790227830410004,0.1860387772321701,0.5843823552131653,0.6178800463676453,0.6466795206069946,0.5678691864013672
imdb,imdb,sentiment,0.8865000009536743,0.8812049031257629,0.8820374608039856,0.8741880655288696,0.9723833799362183,0.9698740243911743,0.0785411149263382,0.09290806949138641,0.9123718738555908,0.9007288813591003,0.25274163484573364,0.3188427984714508
imdb,imdb,sentiment,0.8999999761581421,0.8540970087051392,0.8970956206321716,0.8409067988395691,0.9754126667976379,0.9530596733093262,0.06904784590005875,0.1087714210152626,0.9135858416557312,0.899067759513855,0.2244584709405899,0.3401532471179962
imdb,imdb,sentiment,0.9049999713897705,0.8981988430023193,0.902374267578125,0.8942804336547852,0.974457323551178,0.9726818799972534,0.06818848848342896,0.0725780725479126,0.879697859287262,0.93072909116745,0.23055864870548248,0.25253209471702576
imdb,imdb,sentiment,0.9024999737739563,0.8688322901725769,0.8996508717536926,0.8513229489326477,0.9729616641998291,0.9625055193901062,0.07346943765878677,0.09782637655735016,0.9366849064826965,0.9114437103271484,0.2408870905637741,0.3278513550758362
imdb,imdb,sentiment,0.8870000243186951,0.8599805235862732,0.8830845952033997,0.8413885235786438,0.9697018265724182,0.9543410539627075,0.07592165470123291,0.1062980368733406,0.8805857300758362,0.9095171689987183,0.24986831843852997,0.3538588583469391
imdb,imdb,sentiment,0.8955000042915344,0.8495835661888123,0.8924089074134827,0.8273616433143616,0.9643036723136902,0.9523054361343384,0.0782618597149849,0.11168268322944641,0.9046007394790649,0.8998928070068359,0.2564675509929657,0.3675999045372009
imdb,imdb,sentiment,0.8939999938011169,0.8764922022819519,0.8905717134475708,0.8621551394462585,0.9749154448509216,0.9624125361442566,0.07350262999534607,0.0902043879032135,0.850081741809845,0.9123557806015015,0.24947021901607513,0.2930680513381958
imdb,imdb,sentiment,0.8955000042915344,0.8775230646133423,0.8923711776733398,0.8681708574295044,0.9745140671730042,0.9644120931625366,0.07004203647375107,0.08925757557153702,0.896117091178894,0.9074013829231262,0.22789540886878967,0.30485934019088745
imdb,imdb,sentiment,0.887499988079071,0.8572838306427002,0.8830293416976929,0.8191909790039062,0.9692547917366028,0.9556176662445068,0.08058158308267593,0.10331427305936813,0.9054261445999146,0.932113528251648,0.25836122035980225,0.34472575783729553
imdb,imdb,sentiment,0.8989999890327454,0.849692165851593,0.8957334160804749,0.8316344022750854,0.9700398445129395,0.9515252113342285,0.07463143765926361,0.11381391435861588,0.9213978052139282,0.8930867910385132,0.2469034045934677,0.360095351934433
imdb,imdb,sentiment,0.8140000104904175,0.7636605501174927,0.7973041534423828,0.7139074206352234,0.9592248201370239,0.9215664863586426,0.20882293581962585,0.1825040876865387,0.5551073551177979,0.5734971165657043,0.610007107257843,0.5306143164634705
imdb,imdb,sentiment,0.8949999809265137,0.9026617407798767,0.8916435241699219,0.901847243309021,0.9728385210037231,0.9743141531944275,0.07304099947214127,0.07260080426931381,0.9191272258758545,0.9391471743583679,0.23739011585712433,0.26061031222343445
imdb,imdb,sentiment,0.9035000205039978,0.8981796503067017,0.9007485508918762,0.8949553370475769,0.9740127921104431,0.9684156179428101,0.06986407190561295,0.08090946078300476,0.8979663252830505,0.9191284775733948,0.22762270271778107,0.29008567333221436
imdb,imdb,sentiment,0.8949999809265137,0.8797782063484192,0.8911951780319214,0.8750869631767273,0.9739717841148376,0.9644776582717896,0.0783449113368988,0.0888567641377449,0.8349436521530151,0.8910698294639587,0.2683580815792084,0.28751716017723083
imdb,imdb,sentiment,0.8320000171661377,0.7824816703796387,0.8318585753440857,0.7586702704429626,0.962734043598175,0.9385535717010498,0.12207619100809097,0.17013919353485107,0.7664352655410767,0.80594402551651,0.3912142217159271,0.48787015676498413
imdb,imdb,sentiment,0.9020000100135803,0.853131890296936,0.8993251919746399,0.8385405540466309,0.9740204215049744,0.9453791379928589,0.06933492422103882,0.10439673811197281,0.8969811201095581,0.8991327285766602,0.2264101207256317,0.3143739402294159
imdb,imdb,sentiment,0.8939999938011169,0.8853083252906799,0.8902435898780823,0.878548800945282,0.9738197326660156,0.9655949473381042,0.07306218147277832,0.08751388639211655,0.8836326599121094,0.9209575057029724,0.24033689498901367,0.29748883843421936
rotten_tomatoes,rotten_tomatoes,sentiment,0.5580000281333923,0.6687852144241333,0.35815146565437317,0.6143829226493835,0.9032095670700073,0.8406462669372559,0.2647833824157715,0.2557479441165924,0.7902506589889526,0.6519148945808411,0.7221407294273376,0.5667046308517456
rotten_tomatoes,rotten_tomatoes,sentiment,0.5584999918937683,0.7304085493087769,0.35939639806747437,0.7038624882698059,0.8979518413543701,0.8574115633964539,0.25469154119491577,0.2405906319618225,0.7724550366401672,0.6751300096511841,0.697994589805603,0.5336638689041138
rotten_tomatoes,rotten_tomatoes,sentiment,0.6765000224113464,0.6744741797447205,0.6066093444824219,0.6234533786773682,0.8805065751075745,0.8419902324676514,0.20275640487670898,0.2682943046092987,0.6115553379058838,0.6794009208679199,0.5944099426269531,0.6118926405906677
rotten_tomatoes,rotten_tomatoes,sentiment,0.4494999945163727,0.7164822816848755,0.32138389348983765,0.6703710556030273,0.935757040977478,0.8942376375198364,0.24898390471935272,0.21124283969402313,0.6835311055183411,0.7306559085845947,0.6821684241294861,0.5729656219482422
rotten_tomatoes,rotten_tomatoes,sentiment,0.8504999876022339,0.6867314577102661,0.8491529226303101,0.6387636661529541,0.9296402335166931,0.8441035151481628,0.18601778149604797,0.23807795345783234,0.5860381722450256,0.6992664337158203,0.5619080662727356,0.5818266272544861
rotten_tomatoes,rotten_tomatoes,sentiment,0.5580000281333923,0.6506954431533813,0.35815146565437317,0.6106270551681519,0.8522909283638,0.8019159436225891,0.30194008350372314,0.2911343276500702,0.836109459400177,0.6248856782913208,0.8273733854293823,0.5957317352294922
rotten_tomatoes,rotten_tomatoes,sentiment,0.593999981880188,0.7222314476966858,0.4419366717338562,0.6819243431091309,0.8979994654655457,0.8826223611831665,0.20979902148246765,0.22333671152591705,0.6694501042366028,0.6831661462783813,0.6039748787879944,0.5473355054855347
rotten_tomatoes,rotten_tomatoes,sentiment,0.5644999742507935,0.7062203288078308,0.37414470314979553,0.6700291633605957,0.8964658379554749,0.8670458793640137,0.22712482511997223,0.23599334061145782,0.7121971249580383,0.6662650108337402,0.638190507888794,0.5638381838798523
rotten_tomatoes,rotten_tomatoes,sentiment,0.8615000247955322,0.7480524182319641,0.8592836856842041,0.7076036930084229,0.931039035320282,0.89696204662323,0.18511025607585907,0.19699326157569885,0.5867674946784973,0.7222661375999451,0.5600976347923279,0.5175403952598572
rotten_tomatoes,rotten_tomatoes,sentiment,0.8824999928474426,0.7530924677848816,0.8819780945777893,0.718643069267273,0.9592592716217041,0.9087868332862854,0.12859134376049042,0.19393771886825562,0.6841089129447937,0.7653303742408752,0.4281364679336548,0.5036081671714783
rotten_tomatoes,rotten_tomatoes,sentiment,0.8949999809265137,0.7785628437995911,0.8932510018348694,0.739423930644989,0.9615171551704407,0.9299168586730957,0.11451873928308487,0.1585691124200821,0.7101167440414429,0.7861278653144836,0.39184731245040894,0.47843602299690247
rotten_tomatoes,rotten_tomatoes,sentiment,0.8805000185966492,0.7693735957145691,0.8757005333900452,0.7457165718078613,0.9652615785598755,0.9068089127540588,0.09588627517223358,0.1773044764995575,0.7936022281646729,0.760822594165802,0.3232002556324005,0.4675259590148926
rotten_tomatoes,rotten_tomatoes,sentiment,0.8840000033378601,0.7912428379058838,0.8829879760742188,0.7698192596435547,0.9539989829063416,0.9265136122703552,0.15804710984230042,0.166856586933136,0.625386118888855,0.738889753818512,0.5004566311836243,0.47714167833328247
rotten_tomatoes,rotten_tomatoes,sentiment,0.8364999890327454,0.7493301630020142,0.8362313508987427,0.7197796106338501,0.9288505911827087,0.8930442929267883,0.1897095888853073,0.19752900302410126,0.5827910900115967,0.6924009919166565,0.5694841146469116,0.5472062826156616
rotten_tomatoes,rotten_tomatoes,sentiment,0.597000002861023,0.7050489783287048,0.4484280049800873,0.646027684211731,0.8921512961387634,0.8788650631904602,0.21002055704593658,0.2313046157360077,0.659938633441925,0.7214455604553223,0.6055771708488464,0.5968171954154968
rotten_tomatoes,rotten_tomatoes,sentiment,0.8144999742507935,0.7646356821060181,0.8144060373306274,0.7301397323608398,0.9363865256309509,0.9096745252609253,0.18777485191822052,0.18203893303871155,0.5914623141288757,0.7175896167755127,0.5645192861557007,0.49861180782318115
rotten_tomatoes,rotten_tomatoes,sentiment,0.7695000171661377,0.688398540019989,0.7694833278656006,0.6327780485153198,0.8683079481124878,0.8518369793891907,0.19615884125232697,0.22749611735343933,0.5931928753852844,0.6684246063232422,0.5812559723854065,0.6195394396781921
rotten_tomatoes,rotten_tomatoes,sentiment,0.828000009059906,0.6954357624053955,0.8185684680938721,0.6530270576477051,0.9221996068954468,0.8520901799201965,0.18997709453105927,0.23368501663208008,0.5858327150344849,0.6637094616889954,0.5699873566627502,0.5781120657920837
rotten_tomatoes,rotten_tomatoes,sentiment,0.8345000147819519,0.7325398921966553,0.8266732096672058,0.6799218654632568,0.92086261510849,0.8907639980316162,0.19801801443099976,0.18675372004508972,0.571800708770752,0.6706562638282776,0.5872437953948975,0.5633282661437988
rotten_tomatoes,rotten_tomatoes,sentiment,0.8845000267028809,0.7807407379150391,0.8836292624473572,0.7464538216590881,0.9554718136787415,0.9141967296600342,0.17052166163921356,0.16520044207572937,0.6045868992805481,0.7034900784492493,0.528446614742279,0.4968336820602417
rotten_tomatoes,rotten_tomatoes,sentiment,0.6754999756813049,0.6989736557006836,0.6108850240707397,0.6477938294410706,0.8343489766120911,0.8560357093811035,0.2261212319135666,0.22384238243103027,0.5503093004226685,0.6292828321456909,0.6449055075645447,0.6157217025756836
rotten_tomatoes,rotten_tomatoes,sentiment,0.5609999895095825,0.7210631370544434,0.36558401584625244,0.655676543712616,0.8359728455543518,0.8852953314781189,0.2318740338087082,0.1901993453502655,0.6113659739494324,0.635628879070282,0.6553792953491211,0.5755888819694519
rotten_tomatoes,rotten_tomatoes,sentiment,0.6685000061988831,0.7108794450759888,0.5935157537460327,0.6467454433441162,0.7991929650306702,0.848946213722229,0.2129128873348236,0.20132605731487274,0.6108343601226807,0.6252003312110901,0.6154439449310303,0.5931768417358398
rotten_tomatoes,rotten_tomatoes,sentiment,0.5879999995231628,0.695658802986145,0.4369092285633087,0.6290604472160339,0.7578085660934448,0.8553621768951416,0.2335132211446762,0.20610766112804413,0.5637746453285217,0.5982696413993835,0.6597086191177368,0.6061450242996216
rotten_tomatoes,rotten_tomatoes,sentiment,0.5584999918937683,0.6593208909034729,0.3635006248950958,0.5831866264343262,0.6145600080490112,0.8025004863739014,0.2431022822856903,0.23010487854480743,0.571344792842865,0.5713236331939697,0.6792020201683044,0.6189588308334351
rotten_tomatoes,rotten_tomatoes,sentiment,0.6420000195503235,0.7197388410568237,0.5393815636634827,0.6672070026397705,0.9263854622840881,0.8720380067825317,0.2003617137670517,0.2028421014547348,0.6369604468345642,0.663977861404419,0.5873942375183105,0.5586743950843811
rotten_tomatoes,rotten_tomatoes,sentiment,0.5634999871253967,0.647947371006012,0.3916442096233368,0.580220639705658,0.5659047961235046,0.7894653081893921,0.2449045330286026,0.241314098238945,0.5931764841079712,0.534494936466217,0.6829060912132263,0.6284153461456299
rotten_tomatoes,rotten_tomatoes,sentiment,0.559499979019165,0.6582704782485962,0.365953266620636,0.5732163190841675,0.7265008091926575,0.8039739727973938,0.2383936047554016,0.23084697127342224,0.5778220295906067,0.5887770652770996,0.6695173978805542,0.6413211226463318
rotten_tomatoes,rotten_tomatoes,sentiment,0.6035000085830688,0.6506022810935974,0.5677738189697266,0.5512880086898804,0.6090179681777954,0.820669412612915,0.24372220039367676,0.2169370949268341,0.5283154249191284,0.5637518763542175,0.6805512309074402,0.640495777130127
rotten_tomatoes,rotten_tomatoes,sentiment,0.5584999918937683,0.6437442302703857,0.35939639806747437,0.5467007756233215,0.5137652158737183,0.7595611214637756,0.24693092703819275,0.22201932966709137,0.5740532875061035,0.48580777645111084,0.6870248913764954,0.6040589809417725
rotten_tomatoes,rotten_tomatoes,sentiment,0.7674999833106995,0.711268961429596,0.7674901485443115,0.6747175455093384,0.8726838231086731,0.8402700424194336,0.2112913429737091,0.21574299037456512,0.5601905584335327,0.6089813113212585,0.6144869327545166,0.5895693898200989
rotten_tomatoes,rotten_tomatoes,sentiment,0.8500000238418579,0.7401703596115112,0.8495774865150452,0.692319929599762,0.935734212398529,0.898591160774231,0.17704708874225616,0.18743649125099182,0.6018526554107666,0.6743699908256531,0.5416988730430603,0.5416094064712524
rotten_tomatoes,rotten_tomatoes,sentiment,0.6869999766349792,0.6686566472053528,0.6418662071228027,0.6027955412864685,0.7799079418182373,0.8345510959625244,0.21586239337921143,0.2254491150379181,0.585111677646637,0.6152704358100891,0.6226508617401123,0.6240320205688477
rotten_tomatoes,rotten_tomatoes,sentiment,0.8985000252723694,0.7954790592193604,0.8960832953453064,0.7805006504058838,0.9672544002532959,0.9264439344406128,0.07831522822380066,0.16190963983535767,0.8406520485877991,0.7963467836380005,0.26781514286994934,0.43345823884010315
rotten_tomatoes,rotten_tomatoes,sentiment,0.8855000138282776,0.8523426651954651,0.881141185760498,0.8515281081199646,0.9655879735946655,0.9484532475471497,0.09587051719427109,0.11720851808786392,0.9582146406173706,0.857808530330658,0.39922574162483215,0.36356502771377563
rotten_tomatoes,rotten_tomatoes,sentiment,0.5580000281333923,0.7097918391227722,0.35815146565437317,0.6672067642211914,0.8725094795227051,0.8693398833274841,0.25743627548217773,0.22587397694587708,0.7665982842445374,0.6832773685455322,0.7060795426368713,0.5579645037651062
rotten_tomatoes,rotten_tomatoes,sentiment,0.909500002861023,0.8637952208518982,0.9083812832832336,0.8556682467460632,0.9678230285644531,0.9545711278915405,0.06769169867038727,0.10480322688817978,0.9146127700805664,0.858681321144104,0.22803127765655518,0.3380637764930725
rotten_tomatoes,rotten_tomatoes,sentiment,0.5995000004768372,0.725359320640564,0.4537850022315979,0.677914559841156,0.8919429779052734,0.8922338485717773,0.21016108989715576,0.2091795802116394,0.6507757902145386,0.6747985482215881,0.6067563891410828,0.5466747879981995
rotten_tomatoes,rotten_tomatoes,sentiment,0.8834999799728394,0.837099552154541,0.8833914995193481,0.8102622628211975,0.9701422452926636,0.9597993493080139,0.08365046232938766,0.1204197034239769,0.867477536201477,0.8598306179046631,0.27710890769958496,0.407143235206604
rotten_tomatoes,rotten_tomatoes,sentiment,0.8855000138282776,0.8339670896530151,0.8852928280830383,0.8158031105995178,0.9661616683006287,0.9481342434883118,0.09107277542352676,0.12985077500343323,0.9542073011398315,0.8567250370979309,0.31997716426849365,0.39465025067329407
rotten_tomatoes,rotten_tomatoes,sentiment,0.8980000019073486,0.8449076414108276,0.8975537419319153,0.830742359161377,0.967742919921875,0.9524759650230408,0.0786033496260643,0.1264304667711258,0.9525490999221802,0.8816200494766235,0.2933284044265747,0.40334948897361755
rotten_tomatoes,rotten_tomatoes,sentiment,0.8870000243186951,0.8224166631698608,0.8838767409324646,0.7966799139976501,0.9586576819419861,0.9418706297874451,0.1292487233877182,0.14471550285816193,0.6819078326225281,0.7952138185501099,0.4299168288707733,0.4335235357284546
rotten_tomatoes,rotten_tomatoes,sentiment,0.8899999856948853,0.8381882309913635,0.8863587975502014,0.8276934623718262,0.9644597768783569,0.9489434361457825,0.09831227362155914,0.12709243595600128,0.7672481536865234,0.8389124870300293,0.33814218640327454,0.3871181905269623
rotten_tomatoes,rotten_tomatoes,sentiment,0.9010000228881836,0.8509144186973572,0.9004840850830078,0.8412601351737976,0.969003438949585,0.9495676755905151,0.07791006565093994,0.12420392781496048,0.9566265344619751,0.8684453368186951,0.28906679153442383,0.37335705757141113
rotten_tomatoes,rotten_tomatoes,sentiment,0.6769999861717224,0.736154317855835,0.6045621037483215,0.6974772214889526,0.8974719047546387,0.89969801902771,0.1997140645980835,0.19953536987304688,0.6185312867164612,0.7014636993408203,0.5874052047729492,0.5532869100570679
rotten_tomatoes,rotten_tomatoes,sentiment,0.8679999709129333,0.8533419966697693,0.8679572343826294,0.8464284539222717,0.966197669506073,0.9546593427658081,0.09406212717294693,0.12254831939935684,0.8988229632377625,0.858719527721405,0.29989174008369446,0.3830907940864563
rotten_tomatoes,rotten_tomatoes,sentiment,0.890500009059906,0.8137105703353882,0.8869378566741943,0.8007560968399048,0.9654242396354675,0.9352281093597412,0.08573322743177414,0.14928418397903442,0.8242301940917969,0.8185080289840698,0.2909028232097626,0.4320744276046753
rotten_tomatoes,rotten_tomatoes,sentiment,0.9049999713897705,0.8348821401596069,0.9042754769325256,0.8211960792541504,0.9681276082992554,0.9460834860801697,0.07102148979902267,0.1303580105304718,0.9326249361038208,0.8629561066627502,0.24076597392559052,0.38781315088272095
rotten_tomatoes,rotten_tomatoes,sentiment,0.7919999957084656,0.7475442290306091,0.7756444811820984,0.708782434463501,0.9023500084877014,0.9153257608413696,0.1934526264667511,0.18313060700893402,0.5890103578567505,0.7148592472076416,0.5769143104553223,0.5074377655982971
rotten_tomatoes,rotten_tomatoes,sentiment,0.9210000038146973,0.8560130000114441,0.9199597835540771,0.8430439829826355,0.9720235466957092,0.9620552659034729,0.061103519052267075,0.1122373417019844,0.933376133441925,0.9213939309120178,0.21384182572364807,0.3763435482978821
rotten_tomatoes,rotten_tomatoes,sentiment,0.9039999842643738,0.8578048348426819,0.9009312391281128,0.8427430391311646,0.9743168950080872,0.9574111700057983,0.07176782190799713,0.11047056317329407,0.9126564264297485,0.8986814618110657,0.2452835738658905,0.37126293778419495
rotten_tomatoes,rotten_tomatoes,sentiment,0.8525000214576721,0.7882488965988159,0.8524999618530273,0.7514393925666809,0.9602901935577393,0.9275643229484558,0.14679506421089172,0.1640165001153946,0.657597541809082,0.7236096262931824,0.4725554585456848,0.5168308019638062
rotten_tomatoes,rotten_tomatoes,sentiment,0.8579999804496765,0.8161434531211853,0.8502135276794434,0.8035659193992615,0.9638424515724182,0.9332752227783203,0.150981143116951,0.1476759910583496,0.6440485715866089,0.710483193397522,0.4829900562763214,0.46893563866615295
rotten_tomatoes,rotten_tomatoes,sentiment,0.6919999718666077,0.7456684708595276,0.6264126300811768,0.696375846862793,0.9474133849143982,0.8873965740203857,0.19176702201366425,0.19582869112491608,0.6173336505889893,0.6643713712692261,0.5707334280014038,0.5753960013389587
rotten_tomatoes,rotten_tomatoes,sentiment,0.8895000219345093,0.730642557144165,0.8880579471588135,0.6840040683746338,0.9523908495903015,0.8898364901542664,0.18066343665122986,0.1956401914358139,0.588722825050354,0.693206250667572,0.550830066204071,0.5515345931053162
rotten_tomatoes,rotten_tomatoes,sentiment,0.8554999828338623,0.7709242701530457,0.8543593287467957,0.7254689931869507,0.9346668720245361,0.9114847183227539,0.18541158735752106,0.17338046431541443,0.5860097408294678,0.6795528531074524,0.5607038140296936,0.5285160541534424
rotten_tomatoes,rotten_tomatoes,sentiment,0.8374999761581421,0.7809455394744873,0.8374248743057251,0.7442771196365356,0.9618769884109497,0.9099963903427124,0.15292276442050934,0.1760447472333908,0.6547425389289856,0.726097047328949,0.48205214738845825,0.5402795672416687
rotten_tomatoes,rotten_tomatoes,sentiment,0.8324999809265137,0.7409098744392395,0.8249635696411133,0.7078137397766113,0.9147341847419739,0.890781819820404,0.1991768777370453,0.19502906501293182,0.5705926418304443,0.6646422743797302,0.5897008776664734,0.5255869626998901
rotten_tomatoes,rotten_tomatoes,sentiment,0.5845000147819519,0.7488272786140442,0.4209121763706207,0.6937755346298218,0.9190831780433655,0.9072635769844055,0.20823591947555542,0.17134526371955872,0.6559025049209595,0.687501072883606,0.6013857126235962,0.5336794257164001
rotten_tomatoes,rotten_tomatoes,sentiment,0.5960000157356262,0.746574342250824,0.44705936312675476,0.6994063854217529,0.9263773560523987,0.9040310382843018,0.20296454429626465,0.1959410309791565,0.658362090587616,0.665351927280426,0.5894079804420471,0.5727083086967468
rotten_tomatoes,rotten_tomatoes,sentiment,0.8840000033378601,0.7509562373161316,0.88033527135849,0.6990984678268433,0.9563709497451782,0.9046810269355774,0.16062715649604797,0.18427833914756775,0.621528685092926,0.6966477036476135,0.50620037317276,0.5771915912628174
rotten_tomatoes,rotten_tomatoes,sentiment,0.8420000076293945,0.807978630065918,0.8312860131263733,0.8015787601470947,0.9663375616073608,0.9243231415748596,0.10983175039291382,0.1540278196334839,0.8239042162895203,0.7973994612693787,0.34527507424354553,0.4210825562477112
rotten_tomatoes,rotten_tomatoes,sentiment,0.8980000019073486,0.8619041442871094,0.8976314663887024,0.8571851253509521,0.9680546522140503,0.9546282887458801,0.07448211312294006,0.10958816856145859,0.908704936504364,0.8625092506408691,0.2476152926683426,0.35336485505104065
rotten_tomatoes,rotten_tomatoes,sentiment,0.8730000257492065,0.7531554102897644,0.8723746538162231,0.7432295680046082,0.9500442743301392,0.8873581886291504,0.16148287057876587,0.20065544545650482,0.6222975850105286,0.6773719787597656,0.5079532861709595,0.519103467464447
rotten_tomatoes,rotten_tomatoes,sentiment,0.9089999794960022,0.8088741302490234,0.907484233379364,0.7848224639892578,0.9675741791725159,0.939569890499115,0.07086607813835144,0.1562364548444748,0.8683306574821472,0.8349326252937317,0.24196501076221466,0.45495736598968506
rotten_tomatoes,rotten_tomatoes,sentiment,0.9045000076293945,0.785930871963501,0.9035059213638306,0.7582346796989441,0.9665747284889221,0.9251757264137268,0.08031750470399857,0.16393081843852997,0.8127843737602234,0.8175126910209656,0.2840009331703186,0.4544554054737091
rotten_tomatoes,rotten_tomatoes,sentiment,0.5580000281333923,0.6978967189788818,0.35815146565437317,0.6402543783187866,0.8774266242980957,0.8723600506782532,0.25623682141304016,0.22375105321407318,0.7677059769630432,0.6864363551139832,0.7028710246086121,0.5550038814544678
rotten_tomatoes,rotten_tomatoes,sentiment,0.8684999942779541,0.8127849698066711,0.8619703054428101,0.7898175716400146,0.9707808494567871,0.9415094256401062,0.09414295852184296,0.14621058106422424,0.8875076174736023,0.8312363028526306,0.3072633743286133,0.4209842085838318
rotten_tomatoes,rotten_tomatoes,sentiment,0.5830000042915344,0.7447955012321472,0.41752535104751587,0.7193930745124817,0.8952261805534363,0.896091878414154,0.21278077363967896,0.1984821856021881,0.6688263416290283,0.6910454034805298,0.6106413006782532,0.5191358923912048
rotten_tomatoes,rotten_tomatoes,sentiment,0.5580000281333923,0.7253709435462952,0.35815146565437317,0.6868811845779419,0.8863669633865356,0.8753123879432678,0.25984081625938416,0.2112189531326294,0.7768183946609497,0.6796157360076904,0.7110539078712463,0.5277442336082458
rotten_tomatoes,rotten_tomatoes,sentiment,0.8644999861717224,0.8417324423789978,0.8644996881484985,0.8258054852485657,0.9712709188461304,0.9490394592285156,0.10639674216508865,0.12686660885810852,0.9381811022758484,0.8547563552856445,0.3832526206970215,0.3876415193080902
rotten_tomatoes,rotten_tomatoes,sentiment,0.8690000176429749,0.8423383831977844,0.8689869046211243,0.8297975659370422,0.9631146788597107,0.9510483741760254,0.09518734365701675,0.12399761378765106,0.921292245388031,0.8945069313049316,0.3102351725101471,0.4068962335586548
rotten_tomatoes,rotten_tomatoes,sentiment,0.8820000290870667,0.8579065799713135,0.8818936944007874,0.8472142219543457,0.9652833342552185,0.9586505889892578,0.08724323660135269,0.10834997147321701,0.9251354336738586,0.8957792520523071,0.2861623466014862,0.35178741812705994
rotten_tomatoes,rotten_tomatoes,sentiment,0.9194999933242798,0.8480595350265503,0.9185764789581299,0.8415840268135071,0.9747811555862427,0.9471940398216248,0.06096092239022255,0.12288176268339157,0.8910952806472778,0.8597882390022278,0.21193359792232513,0.36202263832092285
rotten_tomatoes,rotten_tomatoes,sentiment,0.9129999876022339,0.8872730135917664,0.9124110341072083,0.8870555758476257,0.9716262221336365,0.9711887836456299,0.0678325891494751,0.09005890041589737,0.9420454502105713,0.91420578956604,0.23644202947616577,0.31941208243370056
rotten_tomatoes,rotten_tomatoes,sentiment,0.8180000185966492,0.8765192031860352,0.8174477815628052,0.8749175667762756,0.9547663331031799,0.9649794697761536,0.13185304403305054,0.09930017590522766,0.8998510837554932,0.9154664874076843,0.40738213062286377,0.3342116177082062
rotten_tomatoes,rotten_tomatoes,sentiment,0.902999997138977,0.837257444858551,0.9011721014976501,0.8253150582313538,0.9644648432731628,0.9510304927825928,0.08354157209396362,0.1206403523683548,0.8055128455162048,0.8335505127906799,0.2952135503292084,0.3986365795135498
rotten_tomatoes,rotten_tomatoes,sentiment,0.9045000076293945,0.869659960269928,0.9040364623069763,0.8641619086265564,0.9707874059677124,0.9636538624763489,0.07021782547235489,0.10491706430912018,0.8832080960273743,0.8843298554420471,0.23773273825645447,0.34782540798187256
rotten_tomatoes,rotten_tomatoes,sentiment,0.8834999799728394,0.7899037003517151,0.8806887865066528,0.7604061365127563,0.9528895616531372,0.9334916472434998,0.1539783626794815,0.16025318205356598,0.6333971619606018,0.7670543193817139,0.4909893870353699,0.46981537342071533
rotten_tomatoes,rotten_tomatoes,sentiment,0.8989999890327454,0.82480788230896,0.8961732983589172,0.8103635311126709,0.9681646227836609,0.9443460702896118,0.07678556442260742,0.1386798769235611,0.8573758006095886,0.8204658627510071,0.25956064462661743,0.4272831678390503
rotten_tomatoes,rotten_tomatoes,sentiment,0.906000018119812,0.8772974610328674,0.9052494764328003,0.8775241374969482,0.9694321751594543,0.965103268623352,0.06748738139867783,0.09207834303379059,0.9116057753562927,0.8849759101867676,0.22643008828163147,0.3133598566055298
rotten_tomatoes,rotten_tomatoes,sentiment,0.8174999952316284,0.8595675826072693,0.8169155716896057,0.8478084206581116,0.9715963006019592,0.9620050191879272,0.12523581087589264,0.11355522274971008,0.8791618943214417,0.8888280391693115,0.38839536905288696,0.3778378665447235
rotten_tomatoes,rotten_tomatoes,sentiment,0.925000011920929,0.8804197907447815,0.9239948391914368,0.8762919902801514,0.9740391969680786,0.9700770974159241,0.059304289519786835,0.09160435199737549,0.9036754369735718,0.9154083728790283,0.2080346792936325,0.3318505883216858
rotten_tomatoes,rotten_tomatoes,sentiment,0.9079999923706055,0.859015166759491,0.9072654247283936,0.853006899356842,0.9686947464942932,0.958625316619873,0.06933579593896866,0.10831558704376221,0.876522421836853,0.8764740824699402,0.2364480346441269,0.3417496383190155
rotten_tomatoes,rotten_tomatoes,sentiment,0.7634999752044678,0.8623971939086914,0.7603582143783569,0.8483395576477051,0.9576060175895691,0.9641209244728088,0.1794348508119583,0.10538292676210403,0.9224896430969238,0.9067428112030029,0.5657526254653931,0.35289567708969116
rotten_tomatoes,rotten_tomatoes,sentiment,0.8870000243186951,0.8875806331634521,0.886728048324585,0.8856949210166931,0.9668073654174805,0.9649938941001892,0.07766122370958328,0.08612381666898727,0.8954851031303406,0.9113404154777527,0.2554124891757965,0.2980521619319916
rotten_tomatoes,rotten_tomatoes,sentiment,0.9004999995231628,0.8553736805915833,0.8982871174812317,0.8526391983032227,0.9679831862449646,0.9591755867004395,0.07314813882112503,0.11619310826063156,0.8589867353439331,0.859345555305481,0.2508293092250824,0.3762403726577759
rotten_tomatoes,rotten_tomatoes,sentiment,0.8995000123977661,0.8651134371757507,0.8990262150764465,0.8650216460227966,0.9682229161262512,0.9619109630584717,0.07441935688257217,0.10129896551370621,0.8762459754943848,0.8647041916847229,0.2517797350883484,0.3325401544570923
rotten_tomatoes,rotten_tomatoes,sentiment,0.9169999957084656,0.8479735255241394,0.9160568118095398,0.8401966094970703,0.971825897693634,0.9511154294013977,0.06375139951705933,0.1261337697505951,0.8884771466255188,0.8550277352333069,0.22050023078918457,0.3845023214817047
rotten_tomatoes,rotten_tomatoes,sentiment,0.8174999952316284,0.7273243069648743,0.8171378970146179,0.65986567735672,0.9576156735420227,0.8841344118118286,0.19996532797813416,0.20313343405723572,0.5678130984306335,0.6423587799072266,0.590631902217865,0.6345652341842651
rotten_tomatoes,rotten_tomatoes,sentiment,0.8180000185966492,0.7716591358184814,0.8178672194480896,0.7241058945655823,0.9501902461051941,0.904943585395813,0.21533232927322388,0.16947714984416962,0.5442287921905518,0.6168208122253418,0.6231251358985901,0.5321710109710693
rotten_tomatoes,rotten_tomatoes,sentiment,0.8009999990463257,0.7337992191314697,0.8008654117584229,0.6739523410797119,0.8952434062957764,0.8713005185127258,0.22502174973487854,0.19470910727977753,0.5340521931648254,0.6082744598388672,0.6428151726722717,0.6045588850975037
rotten_tomatoes,rotten_tomatoes,sentiment,0.7085000276565552,0.68574059009552,0.6702711582183838,0.6184226870536804,0.849141538143158,0.8364269733428955,0.23266541957855225,0.2220963090658188,0.5307355523109436,0.5643361806869507,0.6583380699157715,0.6113283038139343
rotten_tomatoes,rotten_tomatoes,sentiment,0.7975000143051147,0.7202715277671814,0.7887517213821411,0.663031280040741,0.8749594688415527,0.8634356260299683,0.23097239434719086,0.1943845897912979,0.5263640284538269,0.582587718963623,0.6549762487411499,0.5954471230506897
rotten_tomatoes,rotten_tomatoes,sentiment,0.8370000123977661,0.7663428783416748,0.8275577425956726,0.7260344624519348,0.945933997631073,0.911871612071991,0.19761687517166138,0.17904333770275116,0.5693275928497314,0.6493223905563354,0.5866525769233704,0.509757399559021
rotten_tomatoes,rotten_tomatoes,sentiment,0.6729999780654907,0.729873776435852,0.6612817049026489,0.6788092255592346,0.9207491278648376,0.8608924150466919,0.2249184250831604,0.2095785140991211,0.5405661463737488,0.5640871524810791,0.6425169706344604,0.5886356234550476
rotten_tomatoes,rotten_tomatoes,sentiment,0.7275000214576721,0.6714078783988953,0.6908046007156372,0.5932535529136658,0.8593159317970276,0.8000250458717346,0.2158113270998001,0.21538837254047394,0.5633183121681213,0.5797394514083862,0.6237056851387024,0.6301244497299194
rotten_tomatoes,rotten_tomatoes,sentiment,0.5580000281333923,0.7356269359588623,0.35815146565437317,0.6683140397071838,0.91297447681427,0.8699100613594055,0.23253145813941956,0.18933667242527008,0.5870514512062073,0.5427958965301514,0.657309353351593,0.5662089586257935
rotten_tomatoes,rotten_tomatoes,sentiment,0.8834999799728394,0.7398463487625122,0.8824945688247681,0.7010244131088257,0.9503341913223267,0.8713040947914124,0.19182561337947845,0.2089298963546753,0.572746217250824,0.6275773644447327,0.5747829675674438,0.5664526224136353
rotten_tomatoes,rotten_tomatoes,sentiment,0.9129999876022339,0.8748445510864258,0.9122409820556641,0.8716480135917664,0.9730092883110046,0.9661138653755188,0.06442755460739136,0.10196933895349503,0.8876543045043945,0.8980382680892944,0.22110004723072052,0.3442067801952362
rotten_tomatoes,rotten_tomatoes,sentiment,0.909500002861023,0.8567882180213928,0.9088948369026184,0.8474652767181396,0.9733260869979858,0.9571439027786255,0.06707022339105606,0.10482340306043625,0.948421835899353,0.8937647938728333,0.23704977333545685,0.35621199011802673
rotten_tomatoes,rotten_tomatoes,sentiment,0.8544999957084656,0.876836895942688,0.8544918298721313,0.8797296285629272,0.9668930172920227,0.9636750221252441,0.09899470210075378,0.10281594097614288,0.8689040541648865,0.8784053921699524,0.3127344846725464,0.33195212483406067
rotten_tomatoes,rotten_tomatoes,sentiment,0.8895000219345093,0.8948190212249756,0.8889480233192444,0.8957778215408325,0.963678240776062,0.9688615798950195,0.07995719462633133,0.08149096369743347,0.9144793152809143,0.9248669743537903,0.2667696177959442,0.29977408051490784
rotten_tomatoes,rotten_tomatoes,sentiment,0.906499981880188,0.8520352840423584,0.9060720205307007,0.8382832407951355,0.9712881445884705,0.9539745450019836,0.07187221199274063,0.11319321393966675,0.9214344024658203,0.8918498754501343,0.23573610186576843,0.3647041916847229
rotten_tomatoes,rotten_tomatoes,sentiment,0.909500002861023,0.8586224913597107,0.906982958316803,0.8410907983779907,0.9776538014411926,0.9562650918960571,0.06570767611265182,0.11399416625499725,0.8697817921638489,0.8602186441421509,0.22351232171058655,0.38185322284698486
rotten_tomatoes,rotten_tomatoes,sentiment,0.8309999704360962,0.836727499961853,0.8308267593383789,0.8143934607505798,0.9631582498550415,0.9535157084465027,0.12329455465078354,0.11853756755590439,0.9157624840736389,0.8875808119773865,0.3915258049964905,0.3890508711338043
rotten_tomatoes,rotten_tomatoes,sentiment,0.8924999833106995,0.8674781918525696,0.8922141194343567,0.8554242253303528,0.969110369682312,0.9544601440429688,0.07888506352901459,0.1099928468465805,0.9074088335037231,0.8784047365188599,0.26247867941856384,0.3620256185531616
rotten_tomatoes,rotten_tomatoes,sentiment,0.9244999885559082,0.8679710030555725,0.9237141013145447,0.8529931306838989,0.977745532989502,0.957895815372467,0.0564630925655365,0.09892124682664871,0.932401180267334,0.9087437391281128,0.1936333030462265,0.34459981322288513
rotten_tomatoes,rotten_tomatoes,sentiment,0.9100000262260437,0.8961591720581055,0.9092317223548889,0.8895381689071655,0.9713717699050903,0.9747803807258606,0.06424379348754883,0.08097758144140244,0.923389732837677,0.9478926062583923,0.21699054539203644,0.3138447403907776
rotten_tomatoes,rotten_tomatoes,sentiment,0.9175000190734863,0.8892725706100464,0.9168635010719299,0.8931789398193359,0.9757547378540039,0.9718648791313171,0.06141204386949539,0.08774745464324951,0.9179268479347229,0.918390691280365,0.20665396749973297,0.30409154295921326
rotten_tomatoes,rotten_tomatoes,sentiment,0.8884999752044678,0.883571445941925,0.8883512616157532,0.8787622451782227,0.9680120944976807,0.9677978754043579,0.08897052705287933,0.08939442038536072,0.9526678323745728,0.9300832748413086,0.3207494914531708,0.3490946590900421
rotten_tomatoes,rotten_tomatoes,sentiment,0.8774999976158142,0.8597140908241272,0.8774264454841614,0.8510547280311584,0.9692254066467285,0.9529007077217102,0.08550029993057251,0.11662106215953827,0.9255034327507019,0.905346155166626,0.272268146276474,0.39656752347946167
rotten_tomatoes,rotten_tomatoes,sentiment,0.8930000066757202,0.8909505605697632,0.8925599455833435,0.8802780508995056,0.9627644419670105,0.9720466732978821,0.08655863255262375,0.09007792919874191,0.9523889422416687,0.9492627382278442,0.3134128451347351,0.32683777809143066
rotten_tomatoes,rotten_tomatoes,sentiment,0.9150000214576721,0.8866188526153564,0.91390061378479,0.8859261870384216,0.9727934002876282,0.9653103947639465,0.06284595280885696,0.09309495985507965,0.9102963209152222,0.902581512928009,0.21207529306411743,0.30965614318847656
rotten_tomatoes,rotten_tomatoes,sentiment,0.9089999794960022,0.8642019033432007,0.9078018069267273,0.8558914065361023,0.9720397591590881,0.9575742483139038,0.06541890650987625,0.10389529913663864,0.925131618976593,0.8908370733261108,0.21555200219154358,0.3310963213443756
rotten_tomatoes,rotten_tomatoes,sentiment,0.9125000238418579,0.8532710075378418,0.9118856191635132,0.8404746651649475,0.9727569222450256,0.9638241529464722,0.07040026038885117,0.10661964863538742,0.8490797877311707,0.8829814195632935,0.24670803546905518,0.3584268391132355
rotten_tomatoes,rotten_tomatoes,sentiment,0.8949999809265137,0.8936956524848938,0.8945406079292297,0.8886100649833679,0.9665625691413879,0.9711484909057617,0.07811368256807327,0.08385508507490158,0.9247319102287292,0.9348039627075195,0.25916481018066406,0.32386788725852966
rotten_tomatoes,rotten_tomatoes,sentiment,0.9160000085830688,0.8964830636978149,0.9152186512947083,0.8895132541656494,0.9717934727668762,0.9697984457015991,0.06685305386781693,0.08315274864435196,0.9589425921440125,0.9411867260932922,0.24708138406276703,0.3098754584789276
rotten_tomatoes,rotten_tomatoes,sentiment,0.9235000014305115,0.8972108960151672,0.92301344871521,0.890861451625824,0.9789431691169739,0.9757372140884399,0.0573105625808239,0.07994524389505386,0.9214452505111694,0.937943696975708,0.19494587182998657,0.3121333122253418
rotten_tomatoes,rotten_tomatoes,sentiment,0.9024999737739563,0.9008663296699524,0.9016768336296082,0.8923074007034302,0.9676081538200378,0.9715157151222229,0.0695880651473999,0.08148299157619476,0.9175832867622375,0.9437806010246277,0.23313213884830475,0.3166716992855072
rotten_tomatoes,rotten_tomatoes,sentiment,0.9100000262260437,0.8891686201095581,0.9094908833503723,0.8886265754699707,0.9753949046134949,0.9668007493019104,0.06441857665777206,0.09103599190711975,0.8955743312835693,0.9043455719947815,0.21829964220523834,0.32369932532310486
rotten_tomatoes,rotten_tomatoes,sentiment,0.8644999861717224,0.8879268169403076,0.8644983172416687,0.8800467252731323,0.9698847532272339,0.9699298739433289,0.1036975160241127,0.08502588421106339,0.9284006953239441,0.9221431612968445,0.34479114413261414,0.31916382908821106
rotten_tomatoes,rotten_tomatoes,sentiment,0.9135000109672546,0.9028443098068237,0.91154944896698,0.8998281359672546,0.9751227498054504,0.9732495546340942,0.06362854689359665,0.08166586607694626,0.9230554699897766,0.9399145841598511,0.21406452357769012,0.3072163760662079
rotten_tomatoes,rotten_tomatoes,sentiment,0.9079999923706055,0.8755685687065125,0.9076563715934753,0.8692348003387451,0.9744522571563721,0.964169442653656,0.06908363848924637,0.09625405073165894,0.929953932762146,0.9114335179328918,0.23432768881320953,0.3512944281101227
rotten_tomatoes,rotten_tomatoes,sentiment,0.9110000133514404,0.8816875219345093,0.9101369380950928,0.8749411106109619,0.973371684551239,0.9640381932258606,0.06521812081336975,0.09032478928565979,0.9217047691345215,0.9181039929389954,0.2159191519021988,0.34199821949005127
rotten_tomatoes,rotten_tomatoes,sentiment,0.8930000066757202,0.8770954012870789,0.8927318453788757,0.8690038323402405,0.9714387059211731,0.9635918736457825,0.08032980561256409,0.09739565849304199,0.8280432820320129,0.8934955596923828,0.2766171097755432,0.33586934208869934
rotten_tomatoes,rotten_tomatoes,sentiment,0.890999972820282,0.8921253085136414,0.8906571269035339,0.8836696743965149,0.965027928352356,0.9706200361251831,0.07925675809383392,0.0823841467499733,0.9111253619194031,0.9398719668388367,0.25903868675231934,0.310249924659729
rotten_tomatoes,rotten_tomatoes,sentiment,0.9075000286102295,0.9024697542190552,0.9070112109184265,0.8982516527175903,0.974991500377655,0.9721865653991699,0.06537503004074097,0.07991384714841843,0.9257052540779114,0.9435917735099792,0.2189880758523941,0.3139907717704773
rotten_tomatoes,rotten_tomatoes,sentiment,0.9035000205039978,0.8929081559181213,0.9028224349021912,0.8866414427757263,0.9698847532272339,0.9707239270210266,0.0676366537809372,0.08233562111854553,0.894158661365509,0.9397783279418945,0.22542265057563782,0.3014205992221832
rotten_tomatoes,rotten_tomatoes,sentiment,0.9125000238418579,0.8957663178443909,0.9120752811431885,0.8877138495445251,0.9759108424186707,0.9700126051902771,0.06503964215517044,0.07854129374027252,0.9206324219703674,0.9311964511871338,0.22373655438423157,0.2983546853065491
rotten_tomatoes,rotten_tomatoes,sentiment,0.9169999957084656,0.8748001456260681,0.9161615967750549,0.8717299699783325,0.974631130695343,0.9593725800514221,0.06938504427671432,0.10086915642023087,0.8380889296531677,0.8817561268806458,0.24584148824214935,0.34274497628211975
rotten_tomatoes,rotten_tomatoes,sentiment,0.9194999933242798,0.8656848073005676,0.9183924198150635,0.8541036248207092,0.9723235964775085,0.960739016532898,0.06168825924396515,0.0994107723236084,0.9484509229660034,0.9016844034194946,0.22254455089569092,0.33655446767807007
rotten_tomatoes,rotten_tomatoes,sentiment,0.9079999923706055,0.9017841219902039,0.9065158367156982,0.8988946676254272,0.9676952958106995,0.9681099653244019,0.0702655240893364,0.08012945204973221,0.8791117072105408,0.9328947067260742,0.23745815455913544,0.29876506328582764
rotten_tomatoes,rotten_tomatoes,sentiment,0.902999997138977,0.8921545147895813,0.9023593664169312,0.8908109068870544,0.9705401062965393,0.9723244905471802,0.06793852150440216,0.08399707078933716,0.9021723866462708,0.9327919483184814,0.22580325603485107,0.3075488805770874
rotten_tomatoes,rotten_tomatoes,sentiment,0.9235000014305115,0.8878666162490845,0.9220691919326782,0.8743096590042114,0.9780699014663696,0.9686548113822937,0.056195929646492004,0.08306270092725754,0.9086094498634338,0.9381971955299377,0.1953471451997757,0.34552091360092163
rotten_tomatoes,rotten_tomatoes,sentiment,0.8899999856948853,0.8932496905326843,0.8897565007209778,0.8828078508377075,0.9683480858802795,0.9741631150245667,0.08165940642356873,0.0803268700838089,0.9196102023124695,0.9435295462608337,0.2708964943885803,0.3167928159236908
rotten_tomatoes,rotten_tomatoes,sentiment,0.9144999980926514,0.8512561917304993,0.9135741591453552,0.8389445543289185,0.9737497568130493,0.9516657590866089,0.06161700189113617,0.11066481471061707,0.9109261631965637,0.8961531519889832,0.2074953019618988,0.37645280361175537
rotten_tomatoes,rotten_tomatoes,sentiment,0.5580000281333923,0.6326690316200256,0.35815146565437317,0.587087094783783,0.8524211645126343,0.8087517023086548,0.2668633759021759,0.286296010017395,0.7781094312667847,0.6409192681312561,0.7297267317771912,0.6459017992019653
rotten_tomatoes,rotten_tomatoes,sentiment,0.8824999928474426,0.7081205248832703,0.8788097500801086,0.6636291146278381,0.9541267156600952,0.862282931804657,0.1598924696445465,0.22136792540550232,0.623327910900116,0.6980307102203369,0.5046803951263428,0.5390795469284058
rotten_tomatoes,rotten_tomatoes,sentiment,0.7049999833106995,0.7413789629936218,0.6973486542701721,0.7018856406211853,0.9282500147819519,0.8958059549331665,0.20007896423339844,0.19468605518341064,0.5964789986610413,0.7157538533210754,0.5885915160179138,0.5269793272018433
rotten_tomatoes,rotten_tomatoes,sentiment,0.5835000276565552,0.7304089069366455,0.41951847076416016,0.671961784362793,0.8854592442512512,0.8781249523162842,0.21542617678642273,0.2024700939655304,0.6385302543640137,0.6347818374633789,0.6190087795257568,0.5615358948707581
rotten_tomatoes,rotten_tomatoes,sentiment,0.4415000081062317,0.7039311528205872,0.30627816915512085,0.6442959308624268,0.6602411866188049,0.8228099346160889,0.2603851556777954,0.20449286699295044,0.5777865052223206,0.5789797902107239,0.7140078544616699,0.6150435209274292
rotten_tomatoes,rotten_tomatoes,sentiment,0.8834999799728394,0.86520916223526,0.8833529949188232,0.8536342978477478,0.9683835506439209,0.9664037823677063,0.08598890900611877,0.10287560522556305,0.929639458656311,0.8968217372894287,0.2930542528629303,0.3593224883079529
rotten_tomatoes,rotten_tomatoes,sentiment,0.8809999823570251,0.8261644840240479,0.880892813205719,0.8170167803764343,0.9679370522499084,0.9440419673919678,0.08449758589267731,0.13764695823192596,0.8986141085624695,0.8384965658187866,0.2755197584629059,0.42369386553764343
rotten_tomatoes,rotten_tomatoes,sentiment,0.9200000166893005,0.8767104148864746,0.9192714095115662,0.8715815544128418,0.9720407724380493,0.9639466404914856,0.062029097229242325,0.09879205375909805,0.9123029112815857,0.9156293869018555,0.21228601038455963,0.33981624245643616
rotten_tomatoes,rotten_tomatoes,sentiment,0.9139999747276306,0.9001986980438232,0.9135003685951233,0.9010763168334961,0.9758779406547546,0.9735572338104248,0.06343302875757217,0.08375789225101471,0.9464943408966064,0.9378257989883423,0.21983012557029724,0.31469306349754333
rotten_tomatoes,rotten_tomatoes,sentiment,0.9120000004768372,0.8963982462882996,0.9114187955856323,0.8925635814666748,0.9753209352493286,0.9657720327377319,0.06229184567928314,0.08177301287651062,0.9290506839752197,0.9241716265678406,0.20948567986488342,0.3068324625492096
rotten_tomatoes,rotten_tomatoes,sentiment,0.9125000238418579,0.8707578182220459,0.911253809928894,0.8603991866111755,0.9654420018196106,0.9606979489326477,0.06952211260795593,0.1043177992105484,0.9458144903182983,0.8885183334350586,0.2520526647567749,0.35246264934539795
rotten_tomatoes,rotten_tomatoes,sentiment,0.9129999876022339,0.8985277414321899,0.9124674797058105,0.891606330871582,0.9714381694793701,0.9708123803138733,0.06598951667547226,0.07653973251581192,0.9222814440727234,0.9365403652191162,0.22206388413906097,0.29827362298965454
rotten_tomatoes,rotten_tomatoes,sentiment,0.9135000109672546,0.8951056599617004,0.9129357933998108,0.8855589032173157,0.9763173460960388,0.9711502194404602,0.06055707484483719,0.08362806588411331,0.9219449758529663,0.9391865730285645,0.20357421040534973,0.3274223506450653
rotten_tomatoes,rotten_tomatoes,sentiment,0.9129999876022339,0.8912885189056396,0.9123364686965942,0.878710150718689,0.9714609980583191,0.9686022400856018,0.06371762603521347,0.08197047561407089,0.9230168461799622,0.9319388270378113,0.21883629262447357,0.3137514293193817
rotten_tomatoes,rotten_tomatoes,sentiment,0.9135000109672546,0.8964728713035583,0.9128779172897339,0.8919594883918762,0.9745571613311768,0.9710382223129272,0.06199344992637634,0.08467838168144226,0.9091548919677734,0.9273229837417603,0.20977118611335754,0.3116829991340637
rotten_tomatoes,rotten_tomatoes,sentiment,0.921500027179718,0.9100302457809448,0.9207150340080261,0.9030916690826416,0.9754724502563477,0.9723044037818909,0.058608606457710266,0.06851951777935028,0.9366164803504944,0.9347794651985168,0.20255134999752045,0.25645700097084045
rotten_tomatoes,rotten_tomatoes,sentiment,0.9075000286102295,0.8992022275924683,0.9068505167961121,0.8979806900024414,0.9726170301437378,0.9734417796134949,0.06489086896181107,0.08101572096347809,0.8939276337623596,0.9206613898277283,0.21892279386520386,0.3046227991580963
rotten_tomatoes,rotten_tomatoes,sentiment,0.9079999923706055,0.8607738614082336,0.9070518612861633,0.8515663146972656,0.9741765260696411,0.9567074775695801,0.06278158724308014,0.11265675723552704,0.8900676369667053,0.9072738885879517,0.21183620393276215,0.3743007779121399
rotten_tomatoes,rotten_tomatoes,sentiment,0.7049999833106995,0.7267385125160217,0.6507900357246399,0.6800005435943604,0.9020824432373047,0.8959149718284607,0.19654324650764465,0.21077772974967957,0.6126892566680908,0.7119532823562622,0.5813504457473755,0.5608488321304321
rotten_tomatoes,rotten_tomatoes,sentiment,0.7325000166893005,0.7502393126487732,0.7279374599456787,0.7085143327713013,0.9342147707939148,0.9153106808662415,0.19444920122623444,0.1849130243062973,0.6006006598472595,0.7498051524162292,0.5767897367477417,0.526847779750824
rotten_tomatoes,rotten_tomatoes,sentiment,0.9194999933242798,0.8673025965690613,0.9187433123588562,0.8586758375167847,0.9756275415420532,0.9606660604476929,0.05852823704481125,0.10540270060300827,0.9310807585716248,0.9115591049194336,0.19942961633205414,0.3465389609336853
rotten_tomatoes,rotten_tomatoes,sentiment,0.9120000004768372,0.8885049223899841,0.911281406879425,0.8739122748374939,0.9774616956710815,0.9630690813064575,0.060627713799476624,0.09127536416053772,0.9476804137229919,0.9224397540092468,0.21040697395801544,0.3274597227573395
rotten_tomatoes,rotten_tomatoes,sentiment,0.5580000281333923,0.6728775501251221,0.35815146565437317,0.6008471250534058,0.6283997297286987,0.7896941900253296,0.25329795479774475,0.22050701081752777,0.6548445224761963,0.5226314067840576,0.7004634141921997,0.5919072031974792
yelp_polarity,yelp_polarity,sentiment,0.8629999756813049,0.8007852435112,0.8629863262176514,0.7557376623153687,0.9620001912117004,0.9489598870277405,0.1264571249485016,0.13945749402046204,0.7089511156082153,0.7891126275062561,0.41598746180534363,0.4374598562717438
yelp_polarity,yelp_polarity,sentiment,0.8930000066757202,0.8177123069763184,0.8901888132095337,0.7923414707183838,0.9625779390335083,0.9555940628051758,0.10494188964366913,0.13057048618793488,0.7388198971748352,0.7878738641738892,0.3629322052001953,0.4122961759567261
yelp_polarity,yelp_polarity,sentiment,0.9010000228881836,0.7713899612426758,0.9001915454864502,0.7391286492347717,0.9646214246749878,0.9298548102378845,0.09440501779317856,0.16669242084026337,0.7671777606010437,0.7907750606536865,0.3312895894050598,0.4492546319961548
yelp_polarity,yelp_polarity,sentiment,0.8824999928474426,0.7854891419410706,0.879432737827301,0.740495502948761,0.9579010009765625,0.9387751221656799,0.1490279883146286,0.15914486348628998,0.6402952671051025,0.7527000308036804,0.47973665595054626,0.4664233326911926
yelp_polarity,yelp_polarity,sentiment,0.8600000143051147,0.7650177478790283,0.853605329990387,0.72113037109375,0.9565422534942627,0.9378597736358643,0.1597074270248413,0.16371124982833862,0.6260114312171936,0.7282381057739258,0.5038524866104126,0.4810553193092346
yelp_polarity,yelp_polarity,sentiment,0.8834999799728394,0.7581701278686523,0.8812215328216553,0.7082028388977051,0.9516651034355164,0.931776762008667,0.17519809305667877,0.1794425994157791,0.5973433256149292,0.7042462229728699,0.538979709148407,0.5265458822250366
yelp_polarity,yelp_polarity,sentiment,0.5899999737739563,0.7132787108421326,0.43317240476608276,0.6401587128639221,0.9175490140914917,0.8982474207878113,0.2106400728225708,0.20746290683746338,0.6379616856575012,0.6573642492294312,0.6087825298309326,0.5885911583900452
yelp_polarity,yelp_polarity,sentiment,0.8999999761581421,0.7905489802360535,0.8987751603126526,0.7415819764137268,0.9617260098457336,0.9503588080406189,0.1191883534193039,0.14662028849124908,0.6987318396568298,0.7964504361152649,0.40493467450141907,0.4499509334564209
yelp_polarity,yelp_polarity,sentiment,0.8824999928474426,0.7700690031051636,0.8784974217414856,0.7323636412620544,0.9628719091415405,0.9312441349029541,0.10099960118532181,0.16841189563274384,0.7543900609016418,0.7788292765617371,0.34949010610580444,0.47020506858825684
yelp_polarity,yelp_polarity,sentiment,0.8705000281333923,0.8611869215965271,0.864555299282074,0.8474823832511902,0.965320885181427,0.9706294536590576,0.08915549516677856,0.10071171075105667,0.8817915320396423,0.864452600479126,0.2870771288871765,0.34647032618522644
yelp_polarity,yelp_polarity,sentiment,0.8755000233650208,0.842333972454071,0.8702310919761658,0.8177666664123535,0.9631810784339905,0.9635249376296997,0.10324617475271225,0.11316775530576706,0.7572180032730103,0.8310015201568604,0.3530855178833008,0.38251766562461853
yelp_polarity,yelp_polarity,sentiment,0.8895000219345093,0.7833684682846069,0.8876739740371704,0.7370848059654236,0.9559578895568848,0.9445038437843323,0.15913555026054382,0.15141186118125916,0.6221321225166321,0.7524446249008179,0.5032396912574768,0.4564172327518463
yelp_polarity,yelp_polarity,sentiment,0.8644999861717224,0.847764790058136,0.8576411008834839,0.8363222479820251,0.9649955034255981,0.9573749899864197,0.09964878857135773,0.11256787180900574,0.9200915694236755,0.850253164768219,0.3304051458835602,0.34219983220100403
yelp_polarity,yelp_polarity,sentiment,0.8759999871253967,0.7561984658241272,0.873067319393158,0.700660228729248,0.948300302028656,0.9382593631744385,0.18224959075450897,0.1776779741048813,0.5875536203384399,0.6881051063537598,0.5542346835136414,0.5283864736557007
yelp_polarity,yelp_polarity,sentiment,0.5839999914169312,0.6954243779182434,0.4197853207588196,0.6291285157203674,0.9135436415672302,0.8727760910987854,0.21115659177303314,0.24259503185749054,0.6423141360282898,0.6547324061393738,0.6094691157341003,0.5926515460014343
yelp_polarity,yelp_polarity,sentiment,0.8790000081062317,0.8508124947547913,0.8739056587219238,0.8408785462379456,0.9672067165374756,0.9594548940658569,0.09331314265727997,0.11425353586673737,0.941268801689148,0.8713708519935608,0.3423534035682678,0.34930968284606934
yelp_polarity,yelp_polarity,sentiment,0.9024999737739563,0.8619756102561951,0.9017127156257629,0.8526939749717712,0.965050220489502,0.9696189761161804,0.07671212404966354,0.10030312836170197,0.8470808863639832,0.8553725481033325,0.26572683453559875,0.353107213973999
yelp_polarity,yelp_polarity,sentiment,0.8870000243186951,0.7957438826560974,0.8839929699897766,0.7583378553390503,0.9598933458328247,0.9519612193107605,0.13439582288265228,0.14100101590156555,0.6682314276695251,0.780997097492218,0.44406968355178833,0.44558098912239075
yelp_polarity,yelp_polarity,sentiment,0.8945000171661377,0.8440702557563782,0.8914170861244202,0.8211472630500793,0.9648839831352234,0.9627689719200134,0.07898290455341339,0.11135439574718475,0.8510389924049377,0.8553590774536133,0.2676233947277069,0.3635229766368866
yelp_polarity,yelp_polarity,sentiment,0.7390000224113464,0.695661723613739,0.723743736743927,0.6226339936256409,0.8263270854949951,0.8927256464958191,0.2208525538444519,0.19469095766544342,0.5498638153076172,0.5969333648681641,0.6341936588287354,0.5975747108459473
yelp_polarity,yelp_polarity,sentiment,0.5605000257492065,0.6923884153366089,0.36435139179229736,0.6144125461578369,0.8867784738540649,0.8964370489120483,0.2279125601053238,0.19399996101856232,0.5854483842849731,0.5968392491340637,0.6477282047271729,0.5909170508384705
yelp_polarity,yelp_polarity,sentiment,0.47450000047683716,0.7052170634269714,0.3686244785785675,0.6372796893119812,0.8748084306716919,0.9140413403511047,0.25254249572753906,0.19836178421974182,0.6808443069458008,0.6755470633506775,0.6928346753120422,0.6179461479187012
yelp_polarity,yelp_polarity,sentiment,0.5814999938011169,0.7495250701904297,0.539653480052948,0.6877255439758301,0.9505283236503601,0.9287837743759155,0.21155473589897156,0.17683722078800201,0.6006046533584595,0.658804714679718,0.6113372445106506,0.5610383749008179
yelp_polarity,yelp_polarity,sentiment,0.46050000190734863,0.6997305154800415,0.3425924777984619,0.6162493228912354,0.8959869146347046,0.898077130317688,0.23723354935646057,0.1953611671924591,0.577052891254425,0.6040533185005188,0.6662774085998535,0.6101080179214478
yelp_polarity,yelp_polarity,sentiment,0.5569999814033508,0.6141622066497803,0.35877394676208496,0.5161141157150269,0.6082318425178528,0.823580801486969,0.24426940083503723,0.22790899872779846,0.557777464389801,0.5270732045173645,0.6816012263298035,0.6468044519424438
yelp_polarity,yelp_polarity,sentiment,0.6340000033378601,0.6597045660018921,0.6146654486656189,0.592812716960907,0.8666648268699646,0.8523897528648376,0.23286636173725128,0.2321229875087738,0.5369630455970764,0.5818849205970764,0.6586071848869324,0.6237871050834656
yelp_polarity,yelp_polarity,sentiment,0.8119999766349792,0.6781635880470276,0.8054120540618896,0.6060781478881836,0.8967770338058472,0.877800464630127,0.21627295017242432,0.21758843958377838,0.5459280610084534,0.6016848683357239,0.6251247525215149,0.6238189339637756
yelp_polarity,yelp_polarity,sentiment,0.6474999785423279,0.6775487065315247,0.5682199001312256,0.5997856855392456,0.8202457427978516,0.8582948446273804,0.22091791033744812,0.21766290068626404,0.569045901298523,0.5889283418655396,0.6336389183998108,0.6421846151351929
yelp_polarity,yelp_polarity,sentiment,0.8075000047683716,0.7199825048446655,0.807402491569519,0.6716936230659485,0.9256069660186768,0.870480477809906,0.22151833772659302,0.20526710152626038,0.5371869802474976,0.6150667667388916,0.6358766555786133,0.5996564626693726
yelp_polarity,yelp_polarity,sentiment,0.843500018119812,0.719183087348938,0.835803747177124,0.6547394394874573,0.9429407119750977,0.9028260111808777,0.1967541128396988,0.19736133515834808,0.5698056817054749,0.645325779914856,0.5848847031593323,0.5681844353675842
yelp_polarity,yelp_polarity,sentiment,0.5674999952316284,0.6851544976234436,0.38712790608406067,0.6037183403968811,0.8123180270195007,0.8700640797615051,0.2400798499584198,0.21044322848320007,0.5360372066497803,0.5393257737159729,0.673220157623291,0.5922070145606995
yelp_polarity,yelp_polarity,sentiment,0.7285000085830688,0.6606056094169617,0.7277206778526306,0.5788582563400269,0.7851114869117737,0.8536020517349243,0.23183703422546387,0.233099564909935,0.5338029265403748,0.5992255210876465,0.656618058681488,0.6192905306816101
yelp_polarity,yelp_polarity,sentiment,0.6184999942779541,0.647034227848053,0.5033572316169739,0.5710436105728149,0.8248435854911804,0.8359755277633667,0.23412121832370758,0.23125018179416656,0.5420851111412048,0.5400441288948059,0.6611887216567993,0.6629722714424133
yelp_polarity,yelp_polarity,sentiment,0.609499990940094,0.6706119179725647,0.5895435214042664,0.5934888124465942,0.7960070967674255,0.8657472729682922,0.2315717488527298,0.2164122462272644,0.5544094443321228,0.6045746207237244,0.6556237936019897,0.6446383595466614
yelp_polarity,yelp_polarity,sentiment,0.8784999847412109,0.6952477693557739,0.8763949871063232,0.6256758570671082,0.9486064314842224,0.8909975290298462,0.20928367972373962,0.20259585976600647,0.5487883687019348,0.6073587536811829,0.6110723614692688,0.6271235346794128
yelp_polarity,yelp_polarity,sentiment,0.8029999732971191,0.756479799747467,0.7867559194564819,0.6909125447273254,0.9443897008895874,0.9132998585700989,0.20281752943992615,0.1750318706035614,0.5653020739555359,0.5628653764724731,0.5973700284957886,0.5198826789855957
yelp_polarity,yelp_polarity,sentiment,0.8709999918937683,0.8807671666145325,0.8709871172904968,0.8732240200042725,0.9679608941078186,0.9706301689147949,0.10635001212358475,0.08749199658632278,0.9548476338386536,0.9051789045333862,0.4343777596950531,0.2881549000740051
yelp_polarity,yelp_polarity,sentiment,0.8980000019073486,0.8684220314025879,0.8951453566551208,0.8528831601142883,0.9663745164871216,0.9695712327957153,0.07497042417526245,0.09240441769361496,0.8765657544136047,0.8760485053062439,0.25130411982536316,0.3089901804924011
yelp_polarity,yelp_polarity,sentiment,0.8949999809265137,0.87015300989151,0.8919129371643066,0.8610856533050537,0.9649133682250977,0.9718338251113892,0.07687658071517944,0.09348923712968826,0.8827751278877258,0.8873006701469421,0.2554118037223816,0.32881784439086914
yelp_polarity,yelp_polarity,sentiment,0.906499981880188,0.8768759965896606,0.9045619964599609,0.8674106597900391,0.9649985432624817,0.9733632206916809,0.0836285948753357,0.09154204279184341,0.9836194515228271,0.9119251370429993,0.4758351445198059,0.30438846349716187
yelp_polarity,yelp_polarity,sentiment,0.9045000076293945,0.8510408997535706,0.9033623337745667,0.8336607813835144,0.966123640537262,0.9702732563018799,0.07409285753965378,0.10089784115552902,0.9541594982147217,0.899517297744751,0.28511571884155273,0.33150193095207214
yelp_polarity,yelp_polarity,sentiment,0.9085000157356262,0.8680347800254822,0.9072628617286682,0.8665593266487122,0.965387761592865,0.968498706817627,0.07165082544088364,0.09582819044589996,0.9526950716972351,0.9025384187698364,0.26837635040283203,0.30840641260147095
yelp_polarity,yelp_polarity,sentiment,0.8820000290870667,0.8821684122085571,0.8818790316581726,0.8738821744918823,0.9656477570533752,0.9758319854736328,0.09370873868465424,0.0830949991941452,0.9487091898918152,0.9101141095161438,0.3593459725379944,0.29688799381256104
yelp_polarity,yelp_polarity,sentiment,0.9089999794960022,0.8985243439674377,0.9082232117652893,0.8942519426345825,0.9659133553504944,0.9796247482299805,0.08236198127269745,0.07361229509115219,0.9850751757621765,0.9257326722145081,0.4643620550632477,0.27302631735801697
yelp_polarity,yelp_polarity,sentiment,0.8604999780654907,0.8869160413742065,0.8527439832687378,0.8792595863342285,0.9666751027107239,0.9795417189598083,0.11586179584264755,0.07651583850383759,0.955763041973114,0.9116632342338562,0.46525412797927856,0.27813655138015747
yelp_polarity,yelp_polarity,sentiment,0.906000018119812,0.8577877283096313,0.9053479433059692,0.847775936126709,0.9683395028114319,0.9642423987388611,0.06901408731937408,0.10655585676431656,0.9203459620475769,0.8970493674278259,0.23235051333904266,0.32629138231277466
yelp_polarity,yelp_polarity,sentiment,0.8100000023841858,0.9160068035125732,0.7925537824630737,0.9138549566268921,0.9551991820335388,0.9831006526947021,0.1518608182668686,0.05995208024978638,0.9432498812675476,0.9312196373939514,0.5330169200897217,0.22895948588848114
yelp_polarity,yelp_polarity,sentiment,0.8899999856948853,0.8847558498382568,0.8860140442848206,0.8724063038825989,0.9670090675354004,0.9763311743736267,0.09570954740047455,0.08324742317199707,0.978122353553772,0.9223690629005432,0.422389954328537,0.2887495160102844
yelp_polarity,yelp_polarity,sentiment,0.8955000042915344,0.8752878904342651,0.8922566771507263,0.8751425743103027,0.9669938683509827,0.9695009589195251,0.08346214890480042,0.0953586995601654,0.9501546621322632,0.8909925222396851,0.3066257834434509,0.3115834593772888
yelp_polarity,yelp_polarity,sentiment,0.9129999876022339,0.8988152742385864,0.9115277528762817,0.8981695175170898,0.964629054069519,0.9757914543151855,0.07647477835416794,0.08177024126052856,0.9807909727096558,0.9328939914703369,0.3745173513889313,0.2898339033126831
yelp_polarity,yelp_polarity,sentiment,0.8809999823570251,0.9186868667602539,0.8764452934265137,0.915404736995697,0.958702802658081,0.9847809076309204,0.10932063311338425,0.05970385670661926,0.9832590818405151,0.9554325342178345,0.7075154185295105,0.23347409069538116
yelp_polarity,yelp_polarity,sentiment,0.8930000066757202,0.897578239440918,0.8926870822906494,0.8952333927154541,0.9658185839653015,0.9768571257591248,0.09085017442703247,0.08097276091575623,0.9687821865081787,0.9345354437828064,0.42248839139938354,0.29249057173728943
yelp_polarity,yelp_polarity,sentiment,0.8914999961853027,0.8654844164848328,0.8912649154663086,0.8582116961479187,0.9680896401405334,0.9702101945877075,0.08575892448425293,0.10227981209754944,0.9517216682434082,0.9032352566719055,0.33773913979530334,0.33415961265563965
yelp_polarity,yelp_polarity,sentiment,0.8999999761581421,0.8909251093864441,0.8995490670204163,0.8864414095878601,0.9677368402481079,0.9802424311637878,0.07815346121788025,0.0743974819779396,0.9451391100883484,0.9273207783699036,0.2941776514053345,0.27051225304603577
yelp_polarity,yelp_polarity,sentiment,0.9045000076293945,0.9118492007255554,0.9036577343940735,0.9050967693328857,0.9650492072105408,0.9771832227706909,0.0869922861456871,0.06838370114564896,0.9834235906600952,0.9467652440071106,0.44239383935928345,0.25118744373321533
yelp_polarity,yelp_polarity,sentiment,0.7059999704360962,0.7836729884147644,0.6503326296806335,0.7444661855697632,0.9396981000900269,0.9248984456062317,0.1917978823184967,0.1625753939151764,0.6148552298545837,0.658331036567688,0.5712980031967163,0.5131997466087341
yelp_polarity,yelp_polarity,sentiment,0.8840000033378601,0.7863048315048218,0.8832715153694153,0.7405587434768677,0.9518643021583557,0.94096440076828,0.1754494160413742,0.1663486510515213,0.597873866558075,0.6806725859642029,0.5393714904785156,0.5320818424224854
yelp_polarity,yelp_polarity,sentiment,0.8705000281333923,0.7812862396240234,0.8648478984832764,0.7360948920249939,0.9611994028091431,0.9309971928596497,0.1811521202325821,0.1660398691892624,0.5886670351028442,0.6689741611480713,0.5522168278694153,0.5104434490203857
yelp_polarity,yelp_polarity,sentiment,0.8169999718666077,0.7748627066612244,0.8013113737106323,0.7313381433486938,0.9585416316986084,0.9279653429985046,0.18010544776916504,0.16852320730686188,0.6015676259994507,0.7005796432495117,0.5492009520530701,0.5271084308624268
yelp_polarity,yelp_polarity,sentiment,0.8774999976158142,0.7675330638885498,0.8750687837600708,0.7193273901939392,0.9486439824104309,0.9358038902282715,0.1780983805656433,0.16766296327114105,0.5936781167984009,0.6635713577270508,0.5452186465263367,0.5170538425445557
yelp_polarity,yelp_polarity,sentiment,0.8450000286102295,0.797406792640686,0.8360211849212646,0.7517825365066528,0.9533137679100037,0.9459392428398132,0.1839900016784668,0.149056538939476,0.5897411108016968,0.6906881332397461,0.5580592751502991,0.500041663646698
yelp_polarity,yelp_polarity,sentiment,0.8565000295639038,0.7865067720413208,0.8563913702964783,0.7349962592124939,0.9519540071487427,0.9419713616371155,0.18358665704727173,0.15853114426136017,0.5879217982292175,0.7129464745521545,0.5566253662109375,0.5215404033660889
yelp_polarity,yelp_polarity,sentiment,0.8610000014305115,0.7606101632118225,0.8543288707733154,0.7066165208816528,0.9584970474243164,0.9380593299865723,0.151809960603714,0.17652688920497894,0.6427274942398071,0.7143614292144775,0.4858042001724243,0.5524035692214966
yelp_polarity,yelp_polarity,sentiment,0.840499997138977,0.7359171509742737,0.8321924805641174,0.6800263524055481,0.9474508762359619,0.9195449948310852,0.18770089745521545,0.18553441762924194,0.5835473537445068,0.6501271724700928,0.5657045245170593,0.5597270727157593
yelp_polarity,yelp_polarity,sentiment,0.9070000052452087,0.828126847743988,0.9051945209503174,0.8061302304267883,0.9660025238990784,0.9596980214118958,0.07110074162483215,0.1296088546514511,0.8845624923706055,0.8689814209938049,0.24095280468463898,0.39362186193466187
yelp_polarity,yelp_polarity,sentiment,0.8809999823570251,0.9006070494651794,0.8809195160865784,0.891635537147522,0.9645600914955139,0.9751942157745361,0.09903018176555634,0.07003957778215408,0.9663577675819397,0.9421595335006714,0.4586898684501648,0.24902036786079407
yelp_polarity,yelp_polarity,sentiment,0.8914999961853027,0.8772236108779907,0.8877617716789246,0.8720477819442749,0.9659619927406311,0.9740031361579895,0.08177745342254639,0.09118437767028809,0.9133013486862183,0.893873929977417,0.26943790912628174,0.31881043314933777
yelp_polarity,yelp_polarity,sentiment,0.9164999723434448,0.8487222790718079,0.9150533080101013,0.8391184210777283,0.966809868812561,0.9625568389892578,0.06878973543643951,0.11387865990400314,0.8934088349342346,0.8757924437522888,0.23406851291656494,0.3543490171432495
yelp_polarity,yelp_polarity,sentiment,0.859000027179718,0.8738842606544495,0.8509790897369385,0.8681304454803467,0.9661586284637451,0.9712706208229065,0.12327049672603607,0.09114415943622589,0.9690845608711243,0.9018430113792419,0.5967341661453247,0.2996886670589447
yelp_polarity,yelp_polarity,sentiment,0.9150000214576721,0.9000899791717529,0.9137580990791321,0.8948470950126648,0.9647937417030334,0.981323778629303,0.07141333818435669,0.07340764999389648,0.9689852595329285,0.941583514213562,0.30064740777015686,0.273773729801178
yelp_polarity,yelp_polarity,sentiment,0.9175000190734863,0.8566916584968567,0.9166066646575928,0.839907169342041,0.972309410572052,0.9686708450317383,0.06337124854326248,0.10218460112810135,0.9458296895027161,0.8975076079368591,0.22525829076766968,0.3496449887752533
yelp_polarity,yelp_polarity,sentiment,0.9070000052452087,0.8815354108810425,0.9062234163284302,0.874605119228363,0.9656107425689697,0.9713858962059021,0.06967613846063614,0.08722744882106781,0.9301552176475525,0.8915614485740662,0.24090580642223358,0.30626851320266724
yelp_polarity,yelp_polarity,sentiment,0.8945000171661377,0.8814859390258789,0.8909470438957214,0.8656970858573914,0.9688473343849182,0.976417064666748,0.09247023612260818,0.08342429995536804,0.982511579990387,0.9364432692527771,0.4436396062374115,0.3083448112010956
yelp_polarity,yelp_polarity,sentiment,0.9139999747276306,0.8739435076713562,0.9125674962997437,0.8627683520317078,0.9727401733398438,0.9682051539421082,0.06895388662815094,0.09311182796955109,0.969545304775238,0.9079758524894714,0.286338746547699,0.30381786823272705
yelp_polarity,yelp_polarity,sentiment,0.8679999709129333,0.883573591709137,0.86799156665802,0.8762747645378113,0.9651140570640564,0.9759612083435059,0.11881541460752487,0.08458580076694489,0.9797687530517578,0.9296501278877258,0.6619918346405029,0.2783128619194031
yelp_polarity,yelp_polarity,sentiment,0.8615000247955322,0.8952842354774475,0.8544219732284546,0.8925763964653015,0.9567819833755493,0.9731490612030029,0.12304513156414032,0.0780077576637268,0.9621447920799255,0.9345911741256714,0.6993427276611328,0.2753877341747284
yelp_polarity,yelp_polarity,sentiment,0.9100000262260437,0.9007143974304199,0.9092650413513184,0.8990938663482666,0.9667997360229492,0.9755809307098389,0.07253114134073257,0.07559780031442642,0.9606241583824158,0.9395620226860046,0.2735444903373718,0.26145127415657043
yelp_polarity,yelp_polarity,sentiment,0.9125000238418579,0.886996865272522,0.9106602668762207,0.8705245852470398,0.971904456615448,0.9729623794555664,0.06988650560379028,0.0865669995546341,0.9604306817054749,0.940907895565033,0.25458085536956787,0.31158825755119324
yelp_polarity,yelp_polarity,sentiment,0.8884999752044678,0.8720209002494812,0.8843468427658081,0.866933286190033,0.9659397006034851,0.9747523069381714,0.0924123153090477,0.09408136457204819,0.9584528207778931,0.9167636036872864,0.3652518391609192,0.32717543840408325
yelp_polarity,yelp_polarity,sentiment,0.859499990940094,0.8639944791793823,0.8513242602348328,0.8430919647216797,0.9719470143318176,0.9639959335327148,0.10709413141012192,0.0962236076593399,0.9320263266563416,0.8995916843414307,0.3636583387851715,0.32017290592193604
yelp_polarity,yelp_polarity,sentiment,0.9110000133514404,0.8917275071144104,0.9099099040031433,0.8881086707115173,0.9691473245620728,0.9800374507904053,0.06749589741230011,0.07668395340442657,0.9430585503578186,0.9267249703407288,0.23914261162281036,0.27821266651153564
yelp_polarity,yelp_polarity,sentiment,0.8830000162124634,0.889288067817688,0.878074049949646,0.8848157525062561,0.9695102572441101,0.9703956842422485,0.0923464372754097,0.07706300914287567,0.9555383920669556,0.9231084585189819,0.3515511453151703,0.26377052068710327
yelp_polarity,yelp_polarity,sentiment,0.902999997138977,0.9036295413970947,0.9003857374191284,0.9009819030761719,0.9697818756103516,0.9814498424530029,0.07423755526542664,0.06922461837530136,0.9477576613426208,0.9358123540878296,0.2608030140399933,0.2518555223941803
yelp_polarity,yelp_polarity,sentiment,0.8445000052452087,0.8959947824478149,0.8443822860717773,0.8816496133804321,0.9714275002479553,0.9728033542633057,0.1295538991689682,0.08321499079465866,0.9455618858337402,0.9447222948074341,0.5199893712997437,0.3066021800041199
yelp_polarity,yelp_polarity,sentiment,0.909500002861023,0.8996869325637817,0.9087018370628357,0.8951122760772705,0.9722262620925903,0.9714351892471313,0.06597714126110077,0.07731479406356812,0.9374662041664124,0.9368748664855957,0.2238532453775406,0.2704314589500427
yelp_polarity,yelp_polarity,sentiment,0.8920000195503235,0.8793730139732361,0.8918437957763672,0.8701713681221008,0.9709070324897766,0.9705526828765869,0.0807018131017685,0.09142406284809113,0.8907097578048706,0.9137150049209595,0.2715575695037842,0.3109082877635956
yelp_polarity,yelp_polarity,sentiment,0.8144999742507935,0.8872411847114563,0.813840925693512,0.8789083361625671,0.9703688025474548,0.9763565063476562,0.14998167753219604,0.0807790756225586,0.9156430959701538,0.9131404161453247,0.5667997598648071,0.29360195994377136
yelp_polarity,yelp_polarity,sentiment,0.8920000195503235,0.9213593006134033,0.8917808532714844,0.9176127910614014,0.9699100852012634,0.9835936427116394,0.09129901975393295,0.05919613689184189,0.9575800895690918,0.9533389806747437,0.3869858384132385,0.23230548202991486
yelp_polarity,yelp_polarity,sentiment,0.8705000281333923,0.9022734761238098,0.8641930818557739,0.9005354046821594,0.9714067578315735,0.9810999631881714,0.09992566704750061,0.06787817180156708,0.950181782245636,0.9302774667739868,0.35891082882881165,0.25584450364112854
yelp_polarity,yelp_polarity,sentiment,0.9054999947547913,0.9124429225921631,0.9027721285820007,0.9147219061851501,0.9711310267448425,0.9813804030418396,0.07604464143514633,0.06541451811790466,0.9515789151191711,0.9379324316978455,0.27484291791915894,0.2432061731815338
yelp_polarity,yelp_polarity,sentiment,0.7394999861717224,0.7305926084518433,0.6993339657783508,0.662448525428772,0.951775074005127,0.9021106362342834,0.22080577909946442,0.1937154084444046,0.5435550212860107,0.6020990014076233,0.6343258023262024,0.5745012760162354
yelp_polarity,yelp_polarity,sentiment,0.5855000019073486,0.6867298483848572,0.42653390765190125,0.6095598340034485,0.8662375807762146,0.868269681930542,0.22590921819210052,0.2054090052843094,0.5804153084754944,0.5530182719230652,0.6438553333282471,0.6300549507141113
yelp_polarity,yelp_polarity,sentiment,0.7064999938011169,0.7507973909378052,0.6494215130805969,0.7004362940788269,0.9531049728393555,0.9101812243461609,0.20769236981868744,0.1808616816997528,0.5716446042060852,0.633532702922821,0.6067850589752197,0.5694206357002258
yelp_polarity,yelp_polarity,sentiment,0.8385000228881836,0.6694814562797546,0.8384660482406616,0.5867208242416382,0.9370803236961365,0.8572602868080139,0.2216329574584961,0.22043202817440033,0.5349562168121338,0.5839665532112122,0.6361495852470398,0.6627015471458435
yelp_polarity,yelp_polarity,sentiment,0.7615000009536743,0.6641539931297302,0.7455320954322815,0.5909950733184814,0.8579956889152527,0.8635119795799255,0.21747426688671112,0.21159449219703674,0.5508049130439758,0.5925208330154419,0.6273810863494873,0.6266573071479797
yelp_polarity,yelp_polarity,sentiment,0.8134999871253967,0.7339189052581787,0.7983019948005676,0.6659581065177917,0.9441494941711426,0.9157239198684692,0.21042312681674957,0.18438252806663513,0.5535290837287903,0.5948379039764404,0.6132705807685852,0.5497105121612549
yelp_polarity,yelp_polarity,sentiment,0.7990000247955322,0.7004482746124268,0.7976393103599548,0.6474454998970032,0.8795821666717529,0.8831140995025635,0.20330408215522766,0.21271876990795135,0.5687968730926514,0.6259527206420898,0.5979942679405212,0.6623064875602722
yelp_polarity,yelp_polarity,sentiment,0.8899999856948853,0.748163640499115,0.8897352814674377,0.6997108459472656,0.9645479321479797,0.9194263815879822,0.18962129950523376,0.17790883779525757,0.574739933013916,0.6258412003517151,0.5702868700027466,0.5805348753929138
yelp_polarity,yelp_polarity,sentiment,0.824999988079071,0.7154389023780823,0.8231601715087891,0.6448094248771667,0.9011589884757996,0.9061803221702576,0.22627559304237366,0.19448401033878326,0.5306462049484253,0.6119154095649719,0.6455148458480835,0.598990797996521
yelp_polarity,yelp_polarity,sentiment,0.8830000162124634,0.775146484375,0.8791716694831848,0.7188173532485962,0.9608020782470703,0.9235239624977112,0.2098032385110855,0.1722094863653183,0.5479341745376587,0.5646974444389343,0.6121775507926941,0.5239449739456177
yelp_polarity,yelp_polarity,sentiment,0.8264999985694885,0.8973729014396667,0.8114527463912964,0.8924750089645386,0.971156895160675,0.9793618321418762,0.1312008649110794,0.07210831344127655,0.9211068749427795,0.9306263327598572,0.42669156193733215,0.26983994245529175
yelp_polarity,yelp_polarity,sentiment,0.9104999899864197,0.8865101933479309,0.9100400805473328,0.8738957047462463,0.9735323786735535,0.9685468077659607,0.06789281219244003,0.0896289125084877,0.9367763996124268,0.932334840297699,0.23444077372550964,0.3181394338607788
yelp_polarity,yelp_polarity,sentiment,0.9254999756813049,0.9003133773803711,0.9247997403144836,0.8861613273620605,0.9761120676994324,0.9762576222419739,0.05964948236942291,0.07376358658075333,0.9528104662895203,0.939108669757843,0.2158450037240982,0.26759612560272217
yelp_polarity,yelp_polarity,sentiment,0.902999997138977,0.9064653515815735,0.9028202891349792,0.9042848348617554,0.9753756523132324,0.9754823446273804,0.0819431021809578,0.06953592598438263,0.9572070837020874,0.9357060790061951,0.38178661465644836,0.24743789434432983
yelp_polarity,yelp_polarity,sentiment,0.9154999852180481,0.8940704464912415,0.9141696095466614,0.8880630731582642,0.9748536348342896,0.9725520610809326,0.05979142710566521,0.08340395241975784,0.9135258197784424,0.9167717099189758,0.20368166267871857,0.2878088355064392
yelp_polarity,yelp_polarity,sentiment,0.921500027179718,0.910330593585968,0.9204937219619751,0.9086024165153503,0.9751936793327332,0.9781258702278137,0.058923836797475815,0.06965793669223785,0.9236440658569336,0.9276145100593567,0.20017580687999725,0.2539144456386566
yelp_polarity,yelp_polarity,sentiment,0.9179999828338623,0.91042560338974,0.9169583320617676,0.9118860960006714,0.9720605611801147,0.9793165326118469,0.06301821768283844,0.0662112757563591,0.9183335304260254,0.933885931968689,0.21837857365608215,0.24469102919101715
yelp_polarity,yelp_polarity,sentiment,0.9154999852180481,0.8970221877098083,0.9141912460327148,0.8973950743675232,0.9733291268348694,0.9776309132575989,0.06175690516829491,0.07404816150665283,0.9313604235649109,0.9212366938591003,0.21011868119239807,0.26717838644981384
yelp_polarity,yelp_polarity,sentiment,0.9150000214576721,0.8995407819747925,0.9131226539611816,0.8860618472099304,0.9743858575820923,0.9746111631393433,0.06684017926454544,0.07496032118797302,0.9590454697608948,0.9419529438018799,0.246254101395607,0.2660081088542938
yelp_polarity,yelp_polarity,sentiment,0.8420000076293945,0.8873589634895325,0.8301630616188049,0.8834077715873718,0.9727194309234619,0.9739648103713989,0.12787194550037384,0.08551228791475296,0.9513968825340271,0.9154201149940491,0.47858723998069763,0.29534071683883667
yelp_polarity,yelp_polarity,sentiment,0.9204999804496765,0.8778645992279053,0.9191862940788269,0.8628634810447693,0.9725739359855652,0.9646286964416504,0.06414047628641129,0.0849335715174675,0.9492899775505066,0.9337053894996643,0.22965089976787567,0.28420770168304443
yelp_polarity,yelp_polarity,sentiment,0.9204999804496765,0.8835026025772095,0.9191010594367981,0.8710511922836304,0.9744719862937927,0.9687781929969788,0.05935681238770485,0.08498577028512955,0.9426305890083313,0.930122435092926,0.20812547206878662,0.27709129452705383
yelp_polarity,yelp_polarity,sentiment,0.9045000076293945,0.8915386199951172,0.9042360782623291,0.8851693868637085,0.974215030670166,0.9723227024078369,0.08322494477033615,0.08207601308822632,0.9670453071594238,0.9214036464691162,0.36245161294937134,0.27864310145378113
yelp_polarity,yelp_polarity,sentiment,0.921500027179718,0.9146933555603027,0.9206500053405762,0.9121288061141968,0.9748201966285706,0.977810263633728,0.0607123002409935,0.06394527852535248,0.9516505002975464,0.9437591433525085,0.2179507464170456,0.22804245352745056
yelp_polarity,yelp_polarity,sentiment,0.8845000267028809,0.8922058939933777,0.8801506161689758,0.886646032333374,0.9676634073257446,0.9739142656326294,0.09128879755735397,0.07921859622001648,0.943085789680481,0.9270506501197815,0.32072028517723083,0.26804032921791077
yelp_polarity,yelp_polarity,sentiment,0.9045000076293945,0.9029531478881836,0.9015711545944214,0.8978850841522217,0.9699065685272217,0.9750716686248779,0.07969584316015244,0.07339271903038025,0.9683403372764587,0.9402030110359192,0.29871484637260437,0.26397061347961426
yelp_polarity,yelp_polarity,sentiment,0.9079999923706055,0.9060468077659607,0.9076563715934753,0.9040520787239075,0.9746843576431274,0.9762702584266663,0.0753590539097786,0.07127472013235092,0.9679045677185059,0.942902147769928,0.3244519829750061,0.2579043507575989
yelp_polarity,yelp_polarity,sentiment,0.8209999799728394,0.8864725232124329,0.8052959442138672,0.8736290335655212,0.9700221419334412,0.9718185067176819,0.1479286402463913,0.0858788713812828,0.9542971253395081,0.9280589818954468,0.5673136115074158,0.29388687014579773
yelp_polarity,yelp_polarity,sentiment,0.9325000047683716,0.9007955193519592,0.931769073009491,0.8929862976074219,0.9804078936576843,0.9780585765838623,0.0558629110455513,0.0751880556344986,0.9641647934913635,0.9481576681137085,0.21169942617416382,0.28310468792915344
yelp_polarity,yelp_polarity,sentiment,0.9179999828338623,0.9237356781959534,0.9170140624046326,0.9208332896232605,0.9747254252433777,0.9817872047424316,0.061987485736608505,0.05936604365706444,0.9524171352386475,0.956588864326477,0.21780167520046234,0.2285526543855667
yelp_polarity,yelp_polarity,sentiment,0.8930000066757202,0.92043137550354,0.8889926075935364,0.918103814125061,0.9740188717842102,0.9789282083511353,0.07890056818723679,0.06409139931201935,0.928666889667511,0.9461028575897217,0.26104170083999634,0.23955844342708588
yelp_polarity,yelp_polarity,sentiment,0.921999990940094,0.8958660364151001,0.9211961030960083,0.898225724697113,0.9752180576324463,0.9705379605293274,0.06289365887641907,0.07549159973859787,0.9601835012435913,0.9084753394126892,0.23204053938388824,0.2543202042579651
yelp_polarity,yelp_polarity,sentiment,0.9024999737739563,0.9163722395896912,0.8996508717536926,0.9062680006027222,0.9728248119354248,0.9788134098052979,0.07103724777698517,0.06077178195118904,0.9333195686340332,0.9471125602722168,0.2409050613641739,0.23021963238716125
yelp_polarity,yelp_polarity,sentiment,0.9135000109672546,0.9120932221412659,0.912703812122345,0.9051022529602051,0.9766923785209656,0.9777469038963318,0.05948691442608833,0.06381481140851974,0.9226009845733643,0.9317052364349365,0.2001742720603943,0.2322075366973877
yelp_polarity,yelp_polarity,sentiment,0.9179999828338623,0.919861376285553,0.9169009923934937,0.9160637259483337,0.974664568901062,0.9812488555908203,0.06098848581314087,0.05788830295205116,0.9388342499732971,0.9468915462493896,0.2065877765417099,0.22452613711357117
yelp_polarity,yelp_polarity,sentiment,0.8824999928474426,0.906816840171814,0.8778306841850281,0.9034554362297058,0.97100430727005,0.975033700466156,0.09114308655261993,0.0662795677781105,0.9487301111221313,0.9355477094650269,0.3389621078968048,0.2308093160390854
yelp_polarity,yelp_polarity,sentiment,0.925000011920929,0.9195490479469299,0.9239948391914368,0.918991208076477,0.9773314595222473,0.9802750945091248,0.05729590356349945,0.059724848717451096,0.8963264226913452,0.9431017637252808,0.19915102422237396,0.22172044217586517
yelp_polarity,yelp_polarity,sentiment,0.9004999995231628,0.8987088799476624,0.9003113508224487,0.8883290886878967,0.9766132831573486,0.9748637676239014,0.08061787486076355,0.07544277608394623,0.9545760154724121,0.9377898573875427,0.31829530000686646,0.25950729846954346
yelp_polarity,yelp_polarity,sentiment,0.5580000281333923,0.6456190347671509,0.35815146565437317,0.5784308314323425,0.8713630437850952,0.8385326862335205,0.30486083030700684,0.2623822093009949,0.8393312692642212,0.6307089924812317,0.8356807231903076,0.6101230978965759
yelp_polarity,yelp_polarity,sentiment,0.5600000023841858,0.6087167263031006,0.39606812596321106,0.515269935131073,0.5492076277732849,0.8042874336242676,0.24537350237369537,0.24922329187393188,0.5457584857940674,0.5542304515838623,0.6838482618331909,0.701330840587616
yelp_polarity,yelp_polarity,sentiment,0.5580000281333923,0.5970597267150879,0.35815146565437317,0.5021282434463501,0.6991649866104126,0.750422477722168,0.24538163840770721,0.2499934732913971,0.5917404890060425,0.49781885743141174,0.6837943196296692,0.6786341667175293
yelp_polarity,yelp_polarity,sentiment,0.9114999771118164,0.8707635998725891,0.9104259610176086,0.8605186939239502,0.9669284820556641,0.9726781845092773,0.06744071841239929,0.09463399648666382,0.914286196231842,0.89365154504776,0.23067298531532288,0.32976555824279785
yelp_polarity,yelp_polarity,sentiment,0.8190000057220459,0.7388790845870972,0.807138204574585,0.6919852495193481,0.9279342889785767,0.9091809391975403,0.20486275851726532,0.19338180124759674,0.5620741844177246,0.6443658471107483,0.6016551852226257,0.5921163558959961
yelp_polarity,yelp_polarity,sentiment,0.9144999980926514,0.8816685676574707,0.9140729308128357,0.8691833019256592,0.9758703112602234,0.9674138426780701,0.06822939217090607,0.09102437645196915,0.9662457704544067,0.9309371113777161,0.2567441463470459,0.3179709315299988
yelp_polarity,yelp_polarity,sentiment,0.9229999780654907,0.9070109724998474,0.9216763377189636,0.9044222831726074,0.9763421416282654,0.9777266383171082,0.05814671516418457,0.0649280846118927,0.9306385517120361,0.929438054561615,0.19772957265377045,0.22860318422317505
yelp_polarity,yelp_polarity,sentiment,0.9244999885559082,0.908736526966095,0.9234247207641602,0.9104855060577393,0.9781256318092346,0.9732733368873596,0.06243531405925751,0.07272699475288391,0.9691306352615356,0.9366637468338013,0.22854569554328918,0.2439734935760498
yelp_polarity,yelp_polarity,sentiment,0.921999990940094,0.8897222280502319,0.9213772416114807,0.8814536929130554,0.9778017997741699,0.9701753854751587,0.05983057990670204,0.08186706155538559,0.9461453557014465,0.9218234419822693,0.2123735249042511,0.281963586807251
yelp_polarity,yelp_polarity,sentiment,0.9160000085830688,0.9169427752494812,0.9142961502075195,0.9194192886352539,0.9748551249504089,0.9783511757850647,0.06248470023274422,0.06292847543954849,0.9225645065307617,0.9391871094703674,0.20973975956439972,0.2263202667236328
yelp_polarity,yelp_polarity,sentiment,0.9089999794960022,0.9083818197250366,0.9069620966911316,0.9100444912910461,0.9755363464355469,0.9751967191696167,0.06359746307134628,0.06575034558773041,0.9325878024101257,0.9172998666763306,0.21171283721923828,0.22246365249156952
yelp_polarity,yelp_polarity,sentiment,0.7979999780654907,0.7304590940475464,0.7977079153060913,0.6661092042922974,0.8871028423309326,0.9159147143363953,0.21633180975914001,0.19122274219989777,0.5475367903709412,0.6209525465965271,0.6251474618911743,0.5849625468254089
yelp_polarity,yelp_polarity,sentiment,0.9010000228881836,0.9080954790115356,0.8991063237190247,0.9034254550933838,0.9640563130378723,0.9809021949768066,0.07834536582231522,0.06584365665912628,0.9432058334350586,0.9308750033378601,0.28811612725257874,0.2526724934577942
yelp_polarity,yelp_polarity,sentiment,0.902999997138977,0.9084298014640808,0.9008576273918152,0.9072045087814331,0.9619423747062683,0.9763112664222717,0.08642367273569107,0.06809360533952713,0.9788623452186584,0.927180826663971,0.48907384276390076,0.2416858673095703
yelp_polarity,yelp_polarity,sentiment,0.9089999794960022,0.8933295011520386,0.9079260230064392,0.8907786011695862,0.9671758413314819,0.9785649180412292,0.06749718636274338,0.08371223509311676,0.9157109260559082,0.9123614430427551,0.23061776161193848,0.29981091618537903
yelp_polarity,yelp_polarity,sentiment,0.8740000128746033,0.8957895040512085,0.8677735924720764,0.8965951800346375,0.9669543504714966,0.9768214821815491,0.10081496834754944,0.07658854871988297,0.9439380764961243,0.923409640789032,0.38669395446777344,0.27219659090042114
yelp_polarity,yelp_polarity,sentiment,0.8939999938011169,0.9079282879829407,0.8902435898780823,0.9028649926185608,0.9721897840499878,0.9782183766365051,0.07447992265224457,0.06711024045944214,0.9150271415710449,0.9287353754043579,0.24562302231788635,0.24310828745365143
yelp_polarity,yelp_polarity,sentiment,0.9185000061988831,0.8970615267753601,0.9173392653465271,0.8937250375747681,0.9730199575424194,0.971470832824707,0.06096477061510086,0.0727563425898552,0.9260128140449524,0.9270256757736206,0.20848719775676727,0.24836571514606476
yelp_polarity,yelp_polarity,sentiment,0.9279999732971191,0.8888075351715088,0.926875650882721,0.8728451132774353,0.9772655963897705,0.9666705131530762,0.05934420973062515,0.08225987106561661,0.9608540534973145,0.9331448078155518,0.21837274730205536,0.2917528748512268
yelp_polarity,yelp_polarity,sentiment,0.909500002861023,0.9111853241920471,0.9072869420051575,0.9073707461357117,0.9766229391098022,0.9763888716697693,0.06865949183702469,0.06528905034065247,0.951129674911499,0.9378948211669922,0.24065063893795013,0.23923073709011078
yelp_polarity,yelp_polarity,sentiment,0.9179999828338623,0.9048875570297241,0.9161889553070068,0.9014487266540527,0.9769620299339294,0.9763202667236328,0.05968119576573372,0.06693149358034134,0.9055335521697998,0.9287652969360352,0.20265819132328033,0.23471219837665558
yelp_polarity,yelp_polarity,sentiment,0.9150000214576721,0.891972005367279,0.9140706062316895,0.8807305693626404,0.9726150035858154,0.9718931317329407,0.06699255108833313,0.07897869497537613,0.9502941966056824,0.9307955503463745,0.23187614977359772,0.28549304604530334
yelp_polarity,yelp_polarity,sentiment,0.9210000038146973,0.9026482701301575,0.9200501441955566,0.8988879919052124,0.9743229746818542,0.9707543849945068,0.06151418760418892,0.07713811099529266,0.9283177256584167,0.9228088855743408,0.20874537527561188,0.255035936832428
yelp_polarity,yelp_polarity,sentiment,0.9024999737739563,0.9071521162986755,0.8996855616569519,0.9058409333229065,0.9758044481277466,0.9801241159439087,0.06755971163511276,0.06320264935493469,0.9188488125801086,0.9330844283103943,0.22185462713241577,0.2264910191297531
yelp_polarity,yelp_polarity,sentiment,0.9229999780654907,0.8553103804588318,0.9219861030578613,0.8396663665771484,0.9769234657287598,0.9450686573982239,0.057471081614494324,0.10991529375314713,0.9171844124794006,0.8985978960990906,0.19636595249176025,0.3756226897239685
yelp_polarity,yelp_polarity,sentiment,0.9210000038146973,0.8789287209510803,0.9198261499404907,0.8599877953529358,0.9749950170516968,0.9688246846199036,0.05966615676879883,0.09311237186193466,0.9391750693321228,0.9416497945785522,0.2081700563430786,0.3487570285797119
yelp_polarity,yelp_polarity,sentiment,0.9200000166893005,0.9066810607910156,0.9189088344573975,0.9026467800140381,0.9737852811813354,0.9734333753585815,0.06297237426042557,0.07242552936077118,0.948479413986206,0.9483657479286194,0.2203553169965744,0.24614402651786804
yelp_polarity,yelp_polarity,sentiment,0.9175000190734863,0.9215252995491028,0.9168338179588318,0.9210739135742188,0.9752788543701172,0.979536235332489,0.06390856206417084,0.05766744166612625,0.9478022456169128,0.9503037929534912,0.22252774238586426,0.2111477106809616
yelp_polarity,yelp_polarity,sentiment,0.9179999828338623,0.8894215822219849,0.9171207547187805,0.8865816593170166,0.973186194896698,0.9646124839782715,0.06466343253850937,0.08629745244979858,0.9448004364967346,0.9140779972076416,0.22763705253601074,0.29096436500549316
yelp_polarity,yelp_polarity,sentiment,0.9150000214576721,0.9101738333702087,0.9130434989929199,0.910601019859314,0.9781520366668701,0.9755305647850037,0.05969369038939476,0.0628899559378624,0.9054389595985413,0.9140681028366089,0.20256121456623077,0.21391426026821136
yelp_polarity,yelp_polarity,sentiment,0.9190000295639038,0.9072312712669373,0.9180079102516174,0.9016337990760803,0.9741759896278381,0.9766600131988525,0.060895852744579315,0.06800120323896408,0.9320572018623352,0.9389228224754333,0.20860062539577484,0.24109117686748505
yelp_polarity,yelp_polarity,sentiment,0.9089999794960022,0.9115762114524841,0.9067301750183105,0.9117902517318726,0.9761257767677307,0.9750842452049255,0.06547749042510986,0.06423739343881607,0.937997043132782,0.9305857419967651,0.2166651338338852,0.22929026186466217
amazon_polarity,amazon_polarity,sentiment,0.871999979019165,0.6679849028587341,0.8710684776306152,0.5758448839187622,0.9450647830963135,0.8780978918075562,0.1510925143957138,0.22077710926532745,0.6450451612472534,0.7344217896461487,0.48215603828430176,0.6367663145065308
amazon_polarity,amazon_polarity,sentiment,0.734499990940094,0.6220523118972778,0.7303199172019958,0.5348177552223206,0.9172784090042114,0.835767388343811,0.20863750576972961,0.265401154756546,0.5703270435333252,0.6599522829055786,0.6078881621360779,0.661017894744873
amazon_polarity,amazon_polarity,sentiment,0.5580000281333923,0.5889579653739929,0.35815146565437317,0.48504990339279175,0.8529563546180725,0.8124108910560608,0.280316561460495,0.2919723391532898,0.7915505766868591,0.65403813123703,0.7642964124679565,0.6884968280792236
amazon_polarity,amazon_polarity,sentiment,0.5590000152587891,0.6087111234664917,0.360638827085495,0.516801118850708,0.8656141757965088,0.7996906638145447,0.23588891327381134,0.28569942712783813,0.6804524064064026,0.6355969309806824,0.6610145568847656,0.6653435826301575
amazon_polarity,amazon_polarity,sentiment,0.5659999847412109,0.5910434126853943,0.3777777850627899,0.48871874809265137,0.8716722130775452,0.8143945336341858,0.2243019938468933,0.28141966462135315,0.6352524757385254,0.6395285725593567,0.6383873224258423,0.6673372983932495
amazon_polarity,amazon_polarity,sentiment,0.8475000262260437,0.6444525122642517,0.8468629121780396,0.5575518012046814,0.927216649055481,0.8603529334068298,0.19774386286735535,0.2412949949502945,0.5696252584457397,0.6648200154304504,0.5864179730415344,0.6383293271064758
amazon_polarity,amazon_polarity,sentiment,0.6209999918937683,0.5986599922180176,0.501250147819519,0.5062259435653687,0.870879054069519,0.8132771849632263,0.2184993326663971,0.2887887954711914,0.5890699625015259,0.6470486521720886,0.6283911466598511,0.7122606635093689
amazon_polarity,amazon_polarity,sentiment,0.6434999704360962,0.6282442808151245,0.5454196333885193,0.5278874039649963,0.8776121735572815,0.8508962392807007,0.21720480918884277,0.24646778404712677,0.5791425704956055,0.6476514339447021,0.626078188419342,0.6787599325180054
amazon_polarity,amazon_polarity,sentiment,0.7214999794960022,0.6182307004928589,0.717465341091156,0.5163185596466064,0.8944289088249207,0.8582159876823425,0.22243857383728027,0.23466208577156067,0.5457401871681213,0.6440524458885193,0.6372898817062378,0.6483659744262695
amazon_polarity,amazon_polarity,sentiment,0.8675000071525574,0.7400346994400024,0.8624011278152466,0.668571949005127,0.9533740878105164,0.9216600656509399,0.11882998794317245,0.1699543297290802,0.7180888652801514,0.7590121626853943,0.39886099100112915,0.5318819284439087
amazon_polarity,amazon_polarity,sentiment,0.5580000281333923,0.5899853706359863,0.35815146565437317,0.499329149723053,0.8511480689048767,0.8069365620613098,0.2856879234313965,0.2968466579914093,0.8016679883003235,0.6347637176513672,0.7789258360862732,0.6678045988082886
amazon_polarity,amazon_polarity,sentiment,0.8519999980926514,0.6609393954277039,0.8491690754890442,0.563240110874176,0.9232933521270752,0.8909623026847839,0.20158976316452026,0.21682387590408325,0.563274621963501,0.6784501671791077,0.5947975516319275,0.6327455639839172
amazon_polarity,amazon_polarity,sentiment,0.875,0.716905951499939,0.8697372674942017,0.637759268283844,0.960259735584259,0.9100750088691711,0.09202519804239273,0.18299198150634766,0.8380403518676758,0.7872035503387451,0.3012234568595886,0.5495787262916565
amazon_polarity,amazon_polarity,sentiment,0.887499988079071,0.742843508720398,0.886486291885376,0.6833548545837402,0.9570171236991882,0.926504909992218,0.08572712540626526,0.17311307787895203,0.8272109627723694,0.7826255559921265,0.29259616136550903,0.5252844095230103
amazon_polarity,amazon_polarity,sentiment,0.7409999966621399,0.6898385882377625,0.7029258012771606,0.6133279800415039,0.9421718716621399,0.8809304237365723,0.17264743149280548,0.2214842587709427,0.6490271091461182,0.7035697102546692,0.5270530581474304,0.6037352085113525
amazon_polarity,amazon_polarity,sentiment,0.7384999990463257,0.632326066493988,0.7358852028846741,0.5458138585090637,0.9046175479888916,0.8371145725250244,0.21838527917861938,0.26399603486061096,0.5502279996871948,0.6369062066078186,0.6289737820625305,0.6368604898452759
amazon_polarity,amazon_polarity,sentiment,0.8970000147819519,0.7399545907974243,0.8947566151618958,0.6895606517791748,0.9620676040649414,0.9150816798210144,0.07860223948955536,0.17558684945106506,0.8460761904716492,0.7798914909362793,0.2691482603549957,0.5461127161979675
amazon_polarity,amazon_polarity,sentiment,0.5789999961853027,0.6049865484237671,0.4084012508392334,0.4913312792778015,0.8837096691131592,0.8601468801498413,0.22009871900081635,0.251762330532074,0.6207736730575562,0.6824710369110107,0.6302294135093689,0.6820346117019653
amazon_polarity,amazon_polarity,sentiment,0.5580000281333923,0.5914142727851868,0.35815146565437317,0.5038846135139465,0.852893054485321,0.8133025765419006,0.28288331627845764,0.2987697422504425,0.7973642349243164,0.6326582431793213,0.7712283730506897,0.6914886832237244
amazon_polarity,amazon_polarity,sentiment,0.6474999785423279,0.6063427925109863,0.5531525015830994,0.49178552627563477,0.8606164455413818,0.8501709699630737,0.22340212762355804,0.232951357960701,0.5617128610610962,0.6060507893562317,0.6392104625701904,0.6376492977142334
amazon_polarity,amazon_polarity,sentiment,0.6060000061988831,0.564383327960968,0.5737660527229309,0.4539283215999603,0.6296834945678711,0.7690743803977966,0.24182771146297455,0.25329965353012085,0.5317504405975342,0.5787187218666077,0.6767311096191406,0.7033949494361877
amazon_polarity,amazon_polarity,sentiment,0.6955000162124634,0.6271151900291443,0.6362823247909546,0.5319809317588806,0.8944867253303528,0.8438531756401062,0.20964328944683075,0.24232307076454163,0.5795801281929016,0.6539293527603149,0.6106187105178833,0.6637324094772339
amazon_polarity,amazon_polarity,sentiment,0.7960000038146973,0.6298946142196655,0.7939807772636414,0.5236579179763794,0.8687412738800049,0.8495972156524658,0.22436140477657318,0.23163792490959167,0.5361051559448242,0.6032362580299377,0.6415441632270813,0.6140906810760498
amazon_polarity,amazon_polarity,sentiment,0.734499990940094,0.630057692527771,0.714365541934967,0.5446107387542725,0.8228553533554077,0.8120964765548706,0.2300330102443695,0.2247239202260971,0.5340649485588074,0.6049942970275879,0.6530239582061768,0.6367226839065552
amazon_polarity,amazon_polarity,sentiment,0.5695000290870667,0.6064460873603821,0.3861730694770813,0.5162087082862854,0.8754464983940125,0.7866568565368652,0.23051480948925018,0.2408529669046402,0.5830308198928833,0.5628842115402222,0.6533002257347107,0.6573851108551025
amazon_polarity,amazon_polarity,sentiment,0.6025000214576721,0.6053124070167542,0.46313512325286865,0.511338472366333,0.8536142110824585,0.8314715027809143,0.22580355405807495,0.2547207772731781,0.5744460225105286,0.598892092704773,0.6438390612602234,0.6770492792129517
amazon_polarity,amazon_polarity,sentiment,0.7799999713897705,0.6221975088119507,0.7716702818870544,0.5152869820594788,0.8599581122398376,0.8517720699310303,0.2253025472164154,0.2398083657026291,0.5361106991767883,0.5923672914505005,0.6434713006019592,0.6477228403091431
amazon_polarity,amazon_polarity,sentiment,0.5584999918937683,0.635688066482544,0.35939639806747437,0.5499317049980164,0.8429481983184814,0.8177523016929626,0.23697368800640106,0.24983833730220795,0.653418779373169,0.5962212085723877,0.6648556590080261,0.6390203237533569
amazon_polarity,amazon_polarity,sentiment,0.5584999918937683,0.5804192423820496,0.36043018102645874,0.47392189502716064,0.7613532543182373,0.8085843324661255,0.23805473744869232,0.25183916091918945,0.6219754815101624,0.5980338454246521,0.6681316494941711,0.6826230883598328
amazon_polarity,amazon_polarity,sentiment,0.5764999985694885,0.6187000274658203,0.4044385850429535,0.5109131336212158,0.7798597812652588,0.8352451324462891,0.2336326241493225,0.23486201465129852,0.5757663249969482,0.591781735420227,0.6598093509674072,0.6388468146324158
amazon_polarity,amazon_polarity,sentiment,0.6990000009536743,0.608102560043335,0.6381776928901672,0.5021672248840332,0.9273169636726379,0.7891945242881775,0.2191210687160492,0.25147584080696106,0.5555067658424377,0.6433898210525513,0.6307223439216614,0.7549777626991272
amazon_polarity,amazon_polarity,sentiment,0.8075000047683716,0.591718316078186,0.8074475526809692,0.48752179741859436,0.9090983271598816,0.7935293912887573,0.21919645369052887,0.25121381878852844,0.5410542488098145,0.6191098690032959,0.631117045879364,0.6969893574714661
amazon_polarity,amazon_polarity,sentiment,0.640500009059906,0.6235184073448181,0.5509829521179199,0.5251910090446472,0.8161293268203735,0.8364967107772827,0.2252405881881714,0.23084956407546997,0.5624696016311646,0.6049216985702515,0.6429063081741333,0.635568380355835
amazon_polarity,amazon_polarity,sentiment,0.5870000123977661,0.6509863138198853,0.42902490496635437,0.568496823310852,0.8936261534690857,0.8734635710716248,0.2194303721189499,0.2250514179468155,0.6160488128662109,0.6189037561416626,0.6291152834892273,0.6445794105529785
amazon_polarity,amazon_polarity,sentiment,0.777999997138977,0.6394194960594177,0.7576154470443726,0.5501368641853333,0.9060584306716919,0.8310732245445251,0.21609285473823547,0.23373156785964966,0.5503363013267517,0.5995275974273682,0.624714732170105,0.6375765204429626
amazon_polarity,amazon_polarity,sentiment,0.8040000200271606,0.6168055534362793,0.7864065170288086,0.5318782925605774,0.9362583160400391,0.7875524163246155,0.21371550858020782,0.2341684252023697,0.551155686378479,0.6003225445747375,0.6200168132781982,0.6743086576461792
amazon_polarity,amazon_polarity,sentiment,0.6855000257492065,0.5933332443237305,0.6751495599746704,0.4923708736896515,0.9319179058074951,0.7882909774780273,0.2113148272037506,0.24373333156108856,0.566500186920166,0.6207277774810791,0.6131947636604309,0.671535849571228
amazon_polarity,amazon_polarity,sentiment,0.6579999923706055,0.6316598057746887,0.5892972350120544,0.5356854796409607,0.7964074611663818,0.8375504612922668,0.23068095743656158,0.22371268272399902,0.5451833605766296,0.6220752000808716,0.6542066931724548,0.6544786691665649
amazon_polarity,amazon_polarity,sentiment,0.5619999766349792,0.6246053576469421,0.3680419623851776,0.5238131880760193,0.9208768010139465,0.7992693781852722,0.2179502546787262,0.2124606817960739,0.6324591636657715,0.63633131980896,0.6248506903648376,0.7266967296600342
amazon_polarity,amazon_polarity,sentiment,0.871999979019165,0.8039868474006653,0.8719671964645386,0.7636417746543884,0.9598517417907715,0.9495152235031128,0.10238669812679291,0.1348692923784256,0.9257351160049438,0.8361313939094543,0.3808620870113373,0.462314248085022
amazon_polarity,amazon_polarity,sentiment,0.840499997138977,0.7721020579338074,0.828696072101593,0.7091217041015625,0.9654881358146667,0.9291316866874695,0.12905754148960114,0.14348779618740082,0.9408931732177734,0.8393142223358154,0.4587661921977997,0.4714373052120209
amazon_polarity,amazon_polarity,sentiment,0.8195000290870667,0.7284884452819824,0.8058115839958191,0.6606884598731995,0.9482881426811218,0.9127070307731628,0.15646865963935852,0.18077923357486725,0.6483128666877747,0.7310919165611267,0.49361175298690796,0.5494248270988464
amazon_polarity,amazon_polarity,sentiment,0.8199999928474426,0.7949961423873901,0.8057328462600708,0.7555211782455444,0.9631531834602356,0.9405655860900879,0.13383160531520844,0.1355585753917694,0.9161122441291809,0.8020183444023132,0.45590293407440186,0.4332892596721649
amazon_polarity,amazon_polarity,sentiment,0.8859999775886536,0.7703852653503418,0.8855600953102112,0.7157912850379944,0.9592841267585754,0.9365656971931458,0.0935821458697319,0.1536714732646942,0.7973129749298096,0.7903293371200562,0.32019704580307007,0.4983817934989929
amazon_polarity,amazon_polarity,sentiment,0.7210000157356262,0.648126482963562,0.7155032157897949,0.5509007573127747,0.9121620655059814,0.8801659941673279,0.21700912714004517,0.21832989156246185,0.5553693771362305,0.6485423445701599,0.6258912086486816,0.6079717874526978
amazon_polarity,amazon_polarity,sentiment,0.8475000262260437,0.6712465882301331,0.8418816924095154,0.5872164964675903,0.9307962656021118,0.8910573124885559,0.195400670170784,0.20480068027973175,0.5727288126945496,0.6684300303459167,0.581864058971405,0.592504620552063
amazon_polarity,amazon_polarity,sentiment,0.8955000042915344,0.7778867483139038,0.8929445743560791,0.7222327589988708,0.9625388979911804,0.9416869878768921,0.07777956873178482,0.14662402868270874,0.865915060043335,0.8198639154434204,0.2619178295135498,0.48414748907089233
amazon_polarity,amazon_polarity,sentiment,0.8715000152587891,0.7734107375144958,0.86583411693573,0.7268498539924622,0.9614675045013428,0.9312933683395386,0.09672486782073975,0.1552194207906723,0.9224761724472046,0.8108376264572144,0.33039140701293945,0.4772016406059265
amazon_polarity,amazon_polarity,sentiment,0.890999972820282,0.7290832996368408,0.8882453441619873,0.6493765115737915,0.9610133767127991,0.9195829629898071,0.07921022176742554,0.16713449358940125,0.8856077194213867,0.7870293855667114,0.2619920074939728,0.5310953259468079
amazon_polarity,amazon_polarity,sentiment,0.9139999747276306,0.7966801524162292,0.9124749898910522,0.7571142911911011,0.9667039513587952,0.9408721327781677,0.06831498444080353,0.13688203692436218,0.9463581442832947,0.8980827927589417,0.24465101957321167,0.4871133267879486
amazon_polarity,amazon_polarity,sentiment,0.9045000076293945,0.8032238483428955,0.9029218554496765,0.7710034847259521,0.9655276536941528,0.946843683719635,0.07148001343011856,0.13061390817165375,0.9350875020027161,0.8899444341659546,0.2458483874797821,0.46833279728889465
amazon_polarity,amazon_polarity,sentiment,0.9070000052452087,0.8025925755500793,0.9052736163139343,0.7516870498657227,0.964043140411377,0.9469431638717651,0.07059811055660248,0.12089602649211884,0.9211735129356384,0.8600512742996216,0.2429789900779724,0.41743993759155273
amazon_polarity,amazon_polarity,sentiment,0.8044999837875366,0.771941065788269,0.7864810824394226,0.7207762598991394,0.9613580107688904,0.9335902333259583,0.1273580938577652,0.14549249410629272,0.835145890712738,0.7780367136001587,0.38749733567237854,0.4829622507095337
amazon_polarity,amazon_polarity,sentiment,0.8769999742507935,0.7649262547492981,0.871658980846405,0.7116908431053162,0.9659006595611572,0.9206112623214722,0.0882086530327797,0.15142054855823517,0.885128378868103,0.8109760284423828,0.28697970509529114,0.4922722578048706
amazon_polarity,amazon_polarity,sentiment,0.9035000205039978,0.8050824403762817,0.9014710783958435,0.7645284533500671,0.9620295763015747,0.9481911063194275,0.07622837275266647,0.1307036578655243,0.9511274695396423,0.876190721988678,0.2916654050350189,0.4497830867767334
amazon_polarity,amazon_polarity,sentiment,0.9020000100135803,0.8055519461631775,0.9000408053398132,0.7722571492195129,0.9651378989219666,0.9376397132873535,0.07716657221317291,0.13021741807460785,0.9594759941101074,0.8956980109214783,0.2910502552986145,0.43266093730926514
amazon_polarity,amazon_polarity,sentiment,0.8744999766349792,0.7761568427085876,0.8690782189369202,0.7319225668907166,0.962419331073761,0.9333309531211853,0.09244276583194733,0.14403222501277924,0.8788097500801086,0.7842031121253967,0.29626283049583435,0.45656269788742065
amazon_polarity,amazon_polarity,sentiment,0.8834999799728394,0.7907767295837402,0.8793018460273743,0.7550804018974304,0.9641267657279968,0.9359116554260254,0.086602121591568,0.13913962244987488,0.9271992444992065,0.8376482129096985,0.28955078125,0.4663243889808655
amazon_polarity,amazon_polarity,sentiment,0.7960000038146973,0.6774216294288635,0.7807168364524841,0.5931863784790039,0.8994748592376709,0.8894606828689575,0.2064853459596634,0.21195931732654572,0.5648249983787537,0.6448011994361877,0.6048374772071838,0.6165614128112793
amazon_polarity,amazon_polarity,sentiment,0.590499997138977,0.6506263017654419,0.43509429693222046,0.5685593485832214,0.9041076898574829,0.8566116690635681,0.21515242755413055,0.21399152278900146,0.6179276704788208,0.6167189478874207,0.6198794841766357,0.6287686228752136
amazon_polarity,amazon_polarity,sentiment,0.8184999823570251,0.6890974640846252,0.8033573031425476,0.6025582551956177,0.9545286297798157,0.8771657347679138,0.17319254577159882,0.18905296921730042,0.61530601978302,0.6830770373344421,0.5340280532836914,0.6124826073646545
amazon_polarity,amazon_polarity,sentiment,0.8694999814033508,0.6822101473808289,0.8649526238441467,0.60289466381073,0.9488188028335571,0.86441570520401,0.15998853743076324,0.21642863750457764,0.625240683555603,0.7292820811271667,0.5056813955307007,0.6861311197280884
amazon_polarity,amazon_polarity,sentiment,0.8349999785423279,0.6528576016426086,0.8349919319152832,0.5658872723579407,0.9515885710716248,0.8135527968406677,0.1855153888463974,0.2196430265903473,0.5882198810577393,0.6801859140396118,0.5605410933494568,0.7244436740875244
amazon_polarity,amazon_polarity,sentiment,0.8629999756813049,0.6520744562149048,0.8629802465438843,0.5613019466400146,0.9633690714836121,0.8205305337905884,0.19452683627605438,0.2167862057685852,0.5707412362098694,0.6694301962852478,0.5802990198135376,0.6791183352470398
amazon_polarity,amazon_polarity,sentiment,0.8345000147819519,0.6708081364631653,0.8330404162406921,0.5837811231613159,0.9096964001655579,0.8611642718315125,0.2102361023426056,0.20693929493427277,0.5525225400924683,0.6566566228866577,0.6127233505249023,0.6260948181152344
amazon_polarity,amazon_polarity,sentiment,0.796500027179718,0.6708514094352722,0.7801767587661743,0.5796855688095093,0.9226623177528381,0.8843199014663696,0.20083922147750854,0.20365582406520844,0.5714365243911743,0.6392883658409119,0.5930985808372498,0.6038315892219543
amazon_polarity,amazon_polarity,sentiment,0.5855000019073486,0.6638472676277161,0.4231596887111664,0.5700562000274658,0.9292423725128174,0.8706722855567932,0.21482273936271667,0.20772920548915863,0.6446414589881897,0.6550487279891968,0.6177115440368652,0.6078048348426819
amazon_polarity,amazon_polarity,sentiment,0.862500011920929,0.7772601246833801,0.8556063175201416,0.7254818081855774,0.9627142548561096,0.9351651072502136,0.0982523038983345,0.14303168654441833,0.8296573162078857,0.7785485982894897,0.3177747428417206,0.47543931007385254
amazon_polarity,amazon_polarity,sentiment,0.8930000066757202,0.778186559677124,0.8904352188110352,0.7240612506866455,0.9607199430465698,0.9399812817573547,0.08089718967676163,0.13920043408870697,0.8646869659423828,0.8296206593513489,0.26894763112068176,0.45525145530700684
amazon_polarity,amazon_polarity,sentiment,0.8560000061988831,0.7668361663818359,0.8480305671691895,0.6976973414421082,0.9606996774673462,0.9391868114471436,0.10100128501653671,0.14383254945278168,0.8416651487350464,0.8192195296287537,0.32186782360076904,0.48637086153030396
amazon_polarity,amazon_polarity,sentiment,0.8934999704360962,0.767069399356842,0.890611469745636,0.7235987186431885,0.9617331027984619,0.9362958669662476,0.08051367104053497,0.1606692373752594,0.9136958122253418,0.8080697059631348,0.268934965133667,0.4837752878665924
amazon_polarity,amazon_polarity,sentiment,0.8845000267028809,0.7833034992218018,0.8801031112670898,0.7272992134094238,0.9639960527420044,0.9419119954109192,0.08369947224855423,0.13786137104034424,0.8581213355064392,0.8273146152496338,0.28005173802375793,0.4816843867301941
amazon_polarity,amazon_polarity,sentiment,0.902999997138977,0.8112558126449585,0.9010889530181885,0.7813198566436768,0.9620741605758667,0.9525930881500244,0.08143775165081024,0.12735044956207275,0.9647428393363953,0.8524519801139832,0.3459148705005646,0.42648839950561523
amazon_polarity,amazon_polarity,sentiment,0.8259999752044678,0.7761797308921814,0.8129643797874451,0.7178087830543518,0.9616007804870605,0.9330543279647827,0.11595139652490616,0.1456850916147232,0.8440827131271362,0.7992644906044006,0.3592693507671356,0.4750080108642578
amazon_polarity,amazon_polarity,sentiment,0.9075000286102295,0.7820237874984741,0.9070246815681458,0.7357494235038757,0.9704382419586182,0.9230239987373352,0.07101034373044968,0.14637726545333862,0.8900334239006042,0.8540784120559692,0.2441234290599823,0.4659847915172577
amazon_polarity,amazon_polarity,sentiment,0.8924999833106995,0.7961953282356262,0.8922251462936401,0.7498756051063538,0.9645829200744629,0.9428956508636475,0.08320782333612442,0.13190145790576935,0.9277802109718323,0.8493549227714539,0.29936879873275757,0.46216219663619995
amazon_polarity,amazon_polarity,sentiment,0.9179999828338623,0.783583402633667,0.9159814715385437,0.7332571744918823,0.9729419350624084,0.9259629845619202,0.06482337415218353,0.13501304388046265,0.8762747049331665,0.8800141215324402,0.23170746862888336,0.49051564931869507
amazon_polarity,amazon_polarity,sentiment,0.9154999852180481,0.7636625170707703,0.9142126441001892,0.7075318098068237,0.968497097492218,0.9158062934875488,0.06998898833990097,0.157907173037529,0.964705228805542,0.9066640138626099,0.2697424590587616,0.5949029326438904
amazon_polarity,amazon_polarity,sentiment,0.9139999747276306,0.7964995503425598,0.9126349091529846,0.7550172805786133,0.9710848927497864,0.9439979195594788,0.06554364413022995,0.1289309412240982,0.8842812180519104,0.8896057605743408,0.22661559283733368,0.4979584217071533
amazon_polarity,amazon_polarity,sentiment,0.9175000190734863,0.790420413017273,0.9166582226753235,0.7483146786689758,0.9694331884384155,0.9321067333221436,0.06443655490875244,0.1360994428396225,0.9293403625488281,0.8902588486671448,0.2265814244747162,0.5103265047073364
amazon_polarity,amazon_polarity,sentiment,0.8040000200271606,0.7317487597465515,0.7864065170288086,0.6820637583732605,0.9606297612190247,0.9149771928787231,0.12440347671508789,0.17886807024478912,0.8182412385940552,0.7597295641899109,0.38092076778411865,0.5401289463043213
amazon_polarity,amazon_polarity,sentiment,0.9100000262260437,0.7853559255599976,0.9093136191368103,0.7490627765655518,0.967928946018219,0.9324748516082764,0.06883278489112854,0.14124372601509094,0.9072974920272827,0.8488144874572754,0.23291434347629547,0.4781818389892578
amazon_polarity,amazon_polarity,sentiment,0.8945000171661377,0.7830867171287537,0.8907821774482727,0.7381696105003357,0.9732890725135803,0.9362842440605164,0.07285532355308533,0.1384018510580063,0.8933289647102356,0.8668608665466309,0.24152101576328278,0.4795694351196289
amazon_polarity,amazon_polarity,sentiment,0.8740000128746033,0.7715380191802979,0.8688045144081116,0.7106797099113464,0.9605318903923035,0.9398112893104553,0.09509893506765366,0.14837536215782166,0.804254412651062,0.8235188126564026,0.31845566630363464,0.4785831570625305
amazon_polarity,amazon_polarity,sentiment,0.9225000143051147,0.7849614024162292,0.9214521646499634,0.7431787848472595,0.9730427861213684,0.9357087016105652,0.06133805587887764,0.1366076022386551,0.9412881731987,0.9020290970802307,0.2285933494567871,0.5176215767860413
amazon_polarity,amazon_polarity,sentiment,0.9045000076293945,0.8107178807258606,0.902133584022522,0.7809491753578186,0.9679613709449768,0.9496729373931885,0.07116009294986725,0.12723815441131592,0.9234919548034668,0.8530066609382629,0.24007448554039001,0.42615410685539246
amazon_polarity,amazon_polarity,sentiment,0.9110000133514404,0.7854068875312805,0.9090615510940552,0.7418236136436462,0.9710859060287476,0.9321724772453308,0.06741801649332047,0.1496497243642807,0.9334776997566223,0.8629158139228821,0.22856588661670685,0.5229364037513733
amazon_polarity,amazon_polarity,sentiment,0.8755000233650208,0.8044064044952393,0.8698417544364929,0.7638049125671387,0.9675194621086121,0.950981080532074,0.08743039518594742,0.12448647618293762,0.8766998648643494,0.8326008915901184,0.2830783426761627,0.4163225293159485
amazon_polarity,amazon_polarity,sentiment,0.862500011920929,0.7980350852012634,0.8547846674919128,0.7622893452644348,0.968906581401825,0.9437289237976074,0.09973375499248505,0.13120338320732117,0.8855553269386292,0.8777236938476562,0.3182859718799591,0.46322494745254517
amazon_polarity,amazon_polarity,sentiment,0.9144999980926514,0.7743574380874634,0.9127531051635742,0.7334277629852295,0.9749904870986938,0.9219284057617188,0.0636497512459755,0.14651519060134888,0.8769243955612183,0.8819736242294312,0.2216416448354721,0.5132949948310852
amazon_polarity,amazon_polarity,sentiment,0.8895000219345093,0.8303220272064209,0.8848718404769897,0.8113803267478943,0.9746164679527283,0.9539284110069275,0.07991401106119156,0.11520782858133316,0.8997761011123657,0.8994311094284058,0.2605295777320862,0.4185395836830139
amazon_polarity,amazon_polarity,sentiment,0.9120000004768372,0.811164379119873,0.9100292921066284,0.7779628038406372,0.9741354584693909,0.9482789039611816,0.06634112447500229,0.1267504245042801,0.8695908784866333,0.8882527947425842,0.231245219707489,0.48236146569252014
amazon_polarity,amazon_polarity,sentiment,0.9089999794960022,0.7834746241569519,0.908206045627594,0.7409898042678833,0.9699440598487854,0.9303920269012451,0.06739754229784012,0.14525166153907776,0.8887946605682373,0.8326817154884338,0.23655326664447784,0.4978805184364319
amazon_polarity,amazon_polarity,sentiment,0.9154999852180481,0.7752094864845276,0.9140812754631042,0.739149272441864,0.9730098247528076,0.9373425245285034,0.06124725192785263,0.1442294418811798,0.9169045090675354,0.8639498353004456,0.20853152871131897,0.46938425302505493
amazon_polarity,amazon_polarity,sentiment,0.8234999775886536,0.7940707802772522,0.8090032935142517,0.7536762952804565,0.9671124815940857,0.9410207271575928,0.11718259006738663,0.1343681961297989,0.84454745054245,0.820060670375824,0.3602859079837799,0.4424818754196167
amazon_polarity,amazon_polarity,sentiment,0.8224999904632568,0.6451746225357056,0.8201835751533508,0.5574313402175903,0.9003810286521912,0.8461249470710754,0.21960672736167908,0.21965466439723969,0.5400030612945557,0.6368915438652039,0.6319935321807861,0.6809857487678528
amazon_polarity,amazon_polarity,sentiment,0.6230000257492065,0.6399244070053101,0.5051558017730713,0.5521562099456787,0.8919591903686523,0.8309226036071777,0.22452059388160706,0.2197316288948059,0.5598272085189819,0.5938599705696106,0.6415214538574219,0.6197308301925659
amazon_polarity,amazon_polarity,sentiment,0.8489999771118164,0.6308269500732422,0.8488147854804993,0.5498176217079163,0.9352603554725647,0.8047953248023987,0.22039775550365448,0.23174794018268585,0.5366214513778687,0.5868020057678223,0.633672833442688,0.6733131408691406
amazon_polarity,amazon_polarity,sentiment,0.824999988079071,0.6559213995933533,0.8119959235191345,0.5785388946533203,0.9491416215896606,0.7986358404159546,0.19347794353961945,0.230372816324234,0.5795466303825378,0.6438497304916382,0.5781177282333374,0.7276691198348999
amazon_polarity,amazon_polarity,sentiment,0.8370000123977661,0.6674205660820007,0.8319710493087769,0.5793216228485107,0.9214383959770203,0.8486649990081787,0.2077985405921936,0.2091526985168457,0.5546020269393921,0.5974768400192261,0.6078954935073853,0.6599373817443848
amazon_polarity,amazon_polarity,sentiment,0.6675000190734863,0.6663746237754822,0.5865424275398254,0.589154064655304,0.9292986392974854,0.8346623778343201,0.21453051269054413,0.20873984694480896,0.5727662444114685,0.6116292476654053,0.6209236979484558,0.6512783765792847
amazon_polarity,amazon_polarity,sentiment,0.765999972820282,0.6230488419532776,0.7391185164451599,0.5222205519676208,0.9226725101470947,0.8076006770133972,0.2261207103729248,0.22516322135925293,0.5348530411720276,0.5995870232582092,0.6451913118362427,0.6765872836112976
amazon_polarity,amazon_polarity,sentiment,0.8324999809265137,0.6093713045120239,0.8241022229194641,0.4977356791496277,0.917900800704956,0.7893649339675903,0.21008256077766418,0.23266910016536713,0.5539190769195557,0.6221001744270325,0.6126197576522827,0.7036649584770203
amazon_polarity,amazon_polarity,sentiment,0.8320000171661377,0.672508716583252,0.8319621682167053,0.5879400968551636,0.9489186406135559,0.8572863936424255,0.2082119584083557,0.1985357701778412,0.5538656115531921,0.6404129862785339,0.6085665822029114,0.6527419090270996
amazon_polarity,amazon_polarity,sentiment,0.9194999933242798,0.7996532320976257,0.9179716110229492,0.7571930885314941,0.9742312431335449,0.9429623484611511,0.060301151126623154,0.13485176861286163,0.9241686463356018,0.8969841003417969,0.2068205326795578,0.47635790705680847
amazon_polarity,amazon_polarity,sentiment,0.8989999890327454,0.7961241602897644,0.8956180214881897,0.7590713500976562,0.9730245471000671,0.9448718428611755,0.0757460668683052,0.13643455505371094,0.8676197528839111,0.8926354646682739,0.25452184677124023,0.5056974291801453
amazon_polarity,amazon_polarity,sentiment,0.9144999980926514,0.8181561231613159,0.9122681021690369,0.7934711575508118,0.978168249130249,0.9496772289276123,0.0638081431388855,0.11707133799791336,0.8725544214248657,0.9049115777015686,0.22762396931648254,0.4145837724208832
amazon_polarity,amazon_polarity,sentiment,0.9054999947547913,0.7874627709388733,0.9024614691734314,0.7385836243629456,0.9732353687286377,0.9291130900382996,0.07119359076023102,0.13335952162742615,0.8831937909126282,0.9004074335098267,0.24380707740783691,0.5071315169334412
amazon_polarity,amazon_polarity,sentiment,0.8769999742507935,0.8129850029945374,0.8711544275283813,0.7801721692085266,0.9740391969680786,0.9378491640090942,0.08256570249795914,0.11750073730945587,0.8827188611030579,0.8792043328285217,0.2635985016822815,0.4164133667945862
amazon_polarity,amazon_polarity,sentiment,0.906000018119812,0.8357825875282288,0.90326988697052,0.8047228455543518,0.9751308560371399,0.9529002904891968,0.06683412194252014,0.11121021956205368,0.8816256523132324,0.9243164658546448,0.2299281358718872,0.44616854190826416
amazon_polarity,amazon_polarity,sentiment,0.9190000295639038,0.7685369253158569,0.918148398399353,0.7275370359420776,0.9769406914710999,0.9222952127456665,0.059752319008111954,0.15038533508777618,0.9000141620635986,0.8843995928764343,0.20888523757457733,0.5403705835342407
amazon_polarity,amazon_polarity,sentiment,0.9144999980926514,0.8066018223762512,0.9128523468971252,0.7700248956680298,0.9723869562149048,0.9353439807891846,0.06312177330255508,0.13555853068828583,0.9298665523529053,0.9232226610183716,0.2256108671426773,0.5182286500930786
amazon_polarity,amazon_polarity,sentiment,0.8640000224113464,0.7808445692062378,0.8564733266830444,0.7324462532997131,0.9736185073852539,0.9309136271476746,0.09177420288324356,0.1504625380039215,0.8685537576675415,0.9115548133850098,0.28904128074645996,0.5712342262268066
amazon_polarity,amazon_polarity,sentiment,0.9179999828338623,0.8020634055137634,0.9166123270988464,0.767311155796051,0.9729834794998169,0.9518137574195862,0.06485447287559509,0.1279723346233368,0.8704169988632202,0.8536099195480347,0.22756023705005646,0.4546809792518616
amazon_polarity,amazon_polarity,sentiment,0.8989999890327454,0.798427939414978,0.8956952095031738,0.7617552280426025,0.9729586243629456,0.938056230545044,0.07479770481586456,0.12072022259235382,0.8479354381561279,0.8930326700210571,0.2565329670906067,0.4548793137073517
amazon_polarity,amazon_polarity,sentiment,0.9244999885559082,0.8128979802131653,0.9230450987815857,0.7800318598747253,0.9740427136421204,0.9308545589447021,0.059108227491378784,0.1305985003709793,0.9201045632362366,0.9214357137680054,0.20660844445228577,0.4973304569721222
amazon_polarity,amazon_polarity,sentiment,0.9104999899864197,0.8073140978813171,0.9100780487060547,0.7746938467025757,0.9739403128623962,0.9519736170768738,0.07171608507633209,0.12248257547616959,0.9499191045761108,0.9039648771286011,0.26145461201667786,0.4388445317745209
amazon_polarity,amazon_polarity,sentiment,0.9039999842643738,0.802061140537262,0.9035800099372864,0.7649123668670654,0.971729576587677,0.9335204362869263,0.07266639173030853,0.13962902128696442,0.9008326530456543,0.8971825838088989,0.2481016218662262,0.4802897274494171
amazon_polarity,amazon_polarity,sentiment,0.9244999885559082,0.8081203103065491,0.9238625764846802,0.7675666213035583,0.9783780574798584,0.9349936842918396,0.059621039777994156,0.12742769718170166,0.9102599620819092,0.9228225946426392,0.22289028763771057,0.5068641901016235
amazon_polarity,amazon_polarity,sentiment,0.9300000071525574,0.7963648438453674,0.9291738867759705,0.7449989914894104,0.9760172963142395,0.9341628551483154,0.05759498104453087,0.13349352777004242,0.954066276550293,0.9152944087982178,0.22215445339679718,0.49389269948005676
amazon_polarity,amazon_polarity,sentiment,0.921999990940094,0.8107606172561646,0.920417845249176,0.7731490135192871,0.9767481088638306,0.9417552947998047,0.06083506718277931,0.1264948844909668,0.8878313302993774,0.9257513880729675,0.21035820245742798,0.517180860042572
amazon_polarity,amazon_polarity,sentiment,0.921500027179718,0.8277738690376282,0.9207308888435364,0.7986844182014465,0.9741557240486145,0.9416903853416443,0.06345944851636887,0.12074834853410721,0.9462587833404541,0.9189822673797607,0.23398251831531525,0.4567887485027313
amazon_polarity,amazon_polarity,sentiment,0.9204999804496765,0.8300613760948181,0.9190793633460999,0.8002335429191589,0.9750538468360901,0.9431037306785583,0.06043577939271927,0.1203528642654419,0.9267391562461853,0.9357184171676636,0.20671850442886353,0.4955415725708008
amazon_polarity,amazon_polarity,sentiment,0.8774999976158142,0.8175909519195557,0.8716495037078857,0.7822670340538025,0.971127986907959,0.9354754090309143,0.09212378412485123,0.1273941844701767,0.9301341772079468,0.9214915037155151,0.30251380801200867,0.4874913692474365
amazon_polarity,amazon_polarity,sentiment,0.9304999709129333,0.8203133344650269,0.9297765493392944,0.7919412851333618,0.9775752425193787,0.9486884474754333,0.05696914717555046,0.11263726651668549,0.899795413017273,0.8984773755073547,0.2063286155462265,0.41587594151496887
amazon_polarity,amazon_polarity,sentiment,0.9185000061988831,0.7966596484184265,0.9173786640167236,0.764686644077301,0.9756148457527161,0.9333711862564087,0.05770784988999367,0.14241500198841095,0.9166852831840515,0.922386109828949,0.1976861208677292,0.5372564196586609
amazon_polarity,amazon_polarity,sentiment,0.9110000133514404,0.822697103023529,0.9087213277816772,0.7871078252792358,0.9762408137321472,0.9325337409973145,0.06327881664037704,0.12609443068504333,0.9120702147483826,0.9105662703514099,0.21118158102035522,0.4863951802253723
amazon_polarity,amazon_polarity,sentiment,0.9175000190734863,0.7968488335609436,0.9165891408920288,0.7496845722198486,0.9745064377784729,0.9483660459518433,0.062254514545202255,0.12982836365699768,0.890353262424469,0.8876437544822693,0.21778622269630432,0.4725215435028076
amazon_polarity,amazon_polarity,sentiment,0.9085000157356262,0.8081574440002441,0.905826210975647,0.7719727158546448,0.975429892539978,0.9489245414733887,0.06747253984212875,0.12529323995113373,0.8774641752243042,0.8781540393829346,0.22893397510051727,0.45818623900413513
amazon_polarity,amazon_polarity,sentiment,0.8920000195503235,0.8209314346313477,0.8916957974433899,0.7878224849700928,0.9696962237358093,0.94941645860672,0.08197790384292603,0.11438337713479996,0.8391020894050598,0.9045297503471375,0.27683982253074646,0.41197827458381653
amazon_polarity,amazon_polarity,sentiment,0.8675000071525574,0.8264299631118774,0.8604013919830322,0.7934784889221191,0.9736600518226624,0.9474936723709106,0.09687583148479462,0.11775441467761993,0.9137016534805298,0.9332090020179749,0.30577653646469116,0.45133405923843384
amazon_polarity,amazon_polarity,sentiment,0.9135000109672546,0.7847849130630493,0.9122254848480225,0.7411373853683472,0.9738556742668152,0.9419432282447815,0.0629483237862587,0.13643507659435272,0.8856246471405029,0.8897219300270081,0.218605175614357,0.49310022592544556
amazon_polarity,amazon_polarity,sentiment,0.9120000004768372,0.8042794466018677,0.9096582531929016,0.762444794178009,0.9757289290428162,0.9331726431846619,0.06495176255702972,0.13099458813667297,0.9370641112327576,0.9188635945320129,0.22181421518325806,0.5097375512123108
amazon_polarity,amazon_polarity,sentiment,0.9139999747276306,0.8022165894508362,0.9128270149230957,0.7801492810249329,0.9740994572639465,0.9341462254524231,0.06154637038707733,0.1471584141254425,0.908852219581604,0.9122315645217896,0.21488218009471893,0.548719048500061
amazon_polarity,amazon_polarity,sentiment,0.8955000042915344,0.8000932335853577,0.8923332691192627,0.76450115442276,0.9725896716117859,0.9226883053779602,0.0694904774427414,0.14549805223941803,0.8919466733932495,0.9252899289131165,0.23133686184883118,0.5599480867385864
amazon_polarity,amazon_polarity,sentiment,0.9190000295639038,0.8020114898681641,0.9183085560798645,0.7721162438392639,0.9753934144973755,0.9463917016983032,0.06932011246681213,0.13335148990154266,0.8414362072944641,0.8592933416366577,0.24725426733493805,0.4648529887199402
amazon_polarity,amazon_polarity,sentiment,0.9135000109672546,0.8038544654846191,0.9117832779884338,0.7745623588562012,0.9737948775291443,0.926964521408081,0.06703545153141022,0.14449456334114075,0.863167405128479,0.8845647573471069,0.23263657093048096,0.4932965040206909
amazon_polarity,amazon_polarity,sentiment,0.906499981880188,0.8211498260498047,0.9035634994506836,0.793999195098877,0.9762631058692932,0.9487401843070984,0.06809639185667038,0.11498570442199707,0.8730571866035461,0.8802495002746582,0.2332061529159546,0.40556803345680237
amazon_polarity,amazon_polarity,sentiment,0.9135000109672546,0.824038028717041,0.9119778871536255,0.8027336001396179,0.9735627770423889,0.938820481300354,0.06450910121202469,0.13571466505527496,0.8836184740066528,0.9235804677009583,0.22361992299556732,0.5114836096763611
amazon_polarity,amazon_polarity,sentiment,0.9160000085830688,0.8064921498298645,0.914487361907959,0.7686208486557007,0.9760076403617859,0.9458228945732117,0.0706498771905899,0.13307133316993713,0.8265838623046875,0.8674524426460266,0.25517576932907104,0.44837117195129395
amazon_polarity,amazon_polarity,sentiment,0.906499981880188,0.8009968996047974,0.9040905237197876,0.764965295791626,0.9732865691184998,0.9266294836997986,0.06634357571601868,0.14045526087284088,0.8922637701034546,0.9023858904838562,0.2217731922864914,0.5058016180992126
amazon_polarity,amazon_polarity,sentiment,0.921500027179718,0.79643714427948,0.9207926392555237,0.7647224068641663,0.9764202237129211,0.9347438216209412,0.060644134879112244,0.13484735786914825,0.9229648113250732,0.9076889753341675,0.21242313086986542,0.4853532016277313
amazon_polarity,amazon_polarity,sentiment,0.9104999899864197,0.814667284488678,0.9081935882568359,0.7837172150611877,0.9740402102470398,0.9309230446815491,0.06555856764316559,0.13580043613910675,0.9131459593772888,0.9215759038925171,0.2198852300643921,0.5196553468704224
amazon_polarity,amazon_polarity,sentiment,0.9225000143051147,0.8040621280670166,0.9216443300247192,0.7568616271018982,0.9751617908477783,0.9380061626434326,0.061734069138765335,0.12931028008460999,0.8797221183776855,0.9221410155296326,0.21982456743717194,0.48901236057281494
amazon_polarity,amazon_polarity,sentiment,0.8995000123977661,0.8072082996368408,0.8961154222488403,0.7825097441673279,0.9757121801376343,0.9303908944129944,0.06998474895954132,0.13981544971466064,0.8885453343391418,0.8969384431838989,0.23154734075069427,0.4613558053970337
amazon_polarity,amazon_polarity,sentiment,0.9039999842643738,0.814037561416626,0.903365969657898,0.78310626745224,0.9691463112831116,0.9417185187339783,0.07258264720439911,0.13238076865673065,0.9387828707695007,0.9341150522232056,0.2731356620788574,0.5187257528305054
amazon_polarity,amazon_polarity,sentiment,0.9024999737739563,0.8270797729492188,0.899545431137085,0.7991379499435425,0.9747989177703857,0.9440295696258545,0.06919639557600021,0.1188487857580185,0.8666481971740723,0.9107345938682556,0.23675526678562164,0.4525032043457031
amazon_polarity,amazon_polarity,sentiment,0.9240000247955322,0.8192408680915833,0.9229268431663513,0.7865194082260132,0.9733037948608398,0.9314776062965393,0.0622822605073452,0.13169611990451813,0.8876784443855286,0.9360620379447937,0.22093912959098816,0.5534465312957764
amazon_polarity,amazon_polarity,sentiment,0.9144999980926514,0.8077699542045593,0.9130644798278809,0.7667487263679504,0.9724355936050415,0.9265876412391663,0.06333289295434952,0.13512210547924042,0.9363235831260681,0.9309826493263245,0.22063906490802765,0.516826868057251
amazon_polarity,amazon_polarity,sentiment,0.9054999947547913,0.8401835560798645,0.9026706218719482,0.8165218830108643,0.9739454388618469,0.9533600211143494,0.06842974573373795,0.11885818094015121,0.8861154913902283,0.9166593551635742,0.22999848425388336,0.4378760755062103
amazon_polarity,amazon_polarity,sentiment,0.9125000238418579,0.829357385635376,0.9110997915267944,0.7954496145248413,0.9697048664093018,0.9463124871253967,0.06795444339513779,0.11482618749141693,0.8832343220710754,0.9235498309135437,0.2353740632534027,0.4278770983219147
amazon_polarity,amazon_polarity,sentiment,0.9235000014305115,0.8162407279014587,0.9223151206970215,0.7790239453315735,0.9755783677101135,0.945181131362915,0.05932290479540825,0.127389058470726,0.8985591530799866,0.9253581762313843,0.2096465528011322,0.5059249401092529
amazon_polarity,amazon_polarity,sentiment,0.9265000224113464,0.7918277978897095,0.9254531860351562,0.7545329928398132,0.9776492714881897,0.9176925420761108,0.056212808936834335,0.16018351912498474,0.9102193117141724,0.9113691449165344,0.19900822639465332,0.5911006927490234
amazon_polarity,amazon_polarity,sentiment,0.8009999990463257,0.6576338410377502,0.7831372022628784,0.576620876789093,0.9428413510322571,0.8736124038696289,0.16571098566055298,0.2253689169883728,0.6358714699745178,0.7098227143287659,0.5148677229881287,0.6180859804153442
amazon_polarity,amazon_polarity,sentiment,0.9125000238418579,0.8021372556686401,0.9117774367332458,0.7682860493659973,0.9697839021682739,0.9427509903907776,0.07099207490682602,0.1325075477361679,0.9622247219085693,0.8788484930992126,0.26968297362327576,0.4631842374801636
amazon_polarity,amazon_polarity,sentiment,0.6535000205039978,0.667573869228363,0.5607584118843079,0.5913817286491394,0.9544658064842224,0.8403992056846619,0.18672481179237366,0.20679894089698792,0.6663007140159607,0.6550559401512146,0.5540211796760559,0.6209453344345093
amazon_polarity,amazon_polarity,sentiment,0.8930000066757202,0.774054765701294,0.890152633190155,0.7282512187957764,0.9609530568122864,0.9403113722801208,0.08176644891500473,0.14775767922401428,0.8612938523292542,0.8112573623657227,0.2714430093765259,0.4701516032218933
amazon_polarity,amazon_polarity,sentiment,0.9185000061988831,0.8181714415550232,0.9171099066734314,0.7915518283843994,0.9728806018829346,0.9461805820465088,0.06113244220614433,0.11586005240678787,0.9096876978874207,0.8973886966705322,0.21020396053791046,0.41453373432159424
amazon_polarity,amazon_polarity,sentiment,0.6729999780654907,0.6382339596748352,0.5949355959892273,0.5434309840202332,0.940019428730011,0.7987492084503174,0.21550652384757996,0.21408119797706604,0.5737573504447937,0.5917624831199646,0.6230744123458862,0.6589837670326233
amazon_polarity,amazon_polarity,sentiment,0.9100000262260437,0.8007660508155823,0.9075743556022644,0.757140040397644,0.9727467894554138,0.9268820881843567,0.06744479387998581,0.13977329432964325,0.8878133893013,0.8972511887550354,0.22915489971637726,0.5018358826637268
boolq,boolq,qa,0.5580000281333923,0.5803852677345276,0.35815146565437317,0.5236179232597351,0.8304029107093811,0.770081639289856,0.2890046536922455,0.31523409485816956,0.8049716949462891,0.5769380927085876,0.788287341594696,0.6795326471328735
boolq,boolq,qa,0.7260000109672546,0.5984225273132324,0.7213631868362427,0.5317475199699402,0.9020966291427612,0.8199049830436707,0.2273399978876114,0.2737988531589508,0.5360330939292908,0.6120365858078003,0.6474835872650146,0.6712773442268372
boolq,boolq,qa,0.5580000281333923,0.5786777138710022,0.35815146565437317,0.51212477684021,0.8314859867095947,0.7590648531913757,0.3096373975276947,0.3183075487613678,0.8414754867553711,0.5964205265045166,0.8517500162124634,0.6656901836395264
boolq,boolq,qa,0.5580000281333923,0.6172094345092773,0.35815146565437317,0.5426964163780212,0.8946114182472229,0.8107488751411438,0.2428879588842392,0.2716812491416931,0.6932533383369446,0.5864813327789307,0.6757721900939941,0.6505618095397949
boolq,boolq,qa,0.7829999923706055,0.5857199430465698,0.7794426083564758,0.5236589908599854,0.8590169548988342,0.7941689491271973,0.23177050054073334,0.29137852787971497,0.525654137134552,0.5846429467201233,0.6565735340118408,0.7147256731987
boolq,boolq,qa,0.593500018119812,0.6285256743431091,0.4440324306488037,0.5555720329284668,0.869709312915802,0.8205256462097168,0.22092142701148987,0.26306822896003723,0.5857415795326233,0.5915712714195251,0.6333231329917908,0.6442519426345825
boolq,boolq,qa,0.5580000281333923,0.6141229271888733,0.35815146565437317,0.5469280481338501,0.8319780826568604,0.805998682975769,0.30044758319854736,0.29144954681396484,0.8250484466552734,0.5844405293464661,0.8220983147621155,0.6525411009788513
boolq,boolq,qa,0.5590000152587891,0.6128511428833008,0.360638827085495,0.5366861820220947,0.8878884315490723,0.8067147731781006,0.2319437861442566,0.2761014699935913,0.6303172707557678,0.5920639038085938,0.6549002528190613,0.6686693429946899
boolq,boolq,qa,0.5580000281333923,0.6137141585350037,0.35815146565437317,0.5414380431175232,0.8272276520729065,0.8053877353668213,0.26837339997291565,0.27420395612716675,0.7624090313911438,0.5864806771278381,0.7337220907211304,0.6471426486968994
boolq,boolq,qa,0.5580000281333923,0.6301817893981934,0.35815146565437317,0.5613262057304382,0.8308605551719666,0.8208621144294739,0.2890750765800476,0.2729026675224304,0.8050335049629211,0.5756780505180359,0.7884378433227539,0.6260794997215271
boolq,boolq,qa,0.5580000281333923,0.6402627229690552,0.35815146565437317,0.5643814206123352,0.82315993309021,0.8383136987686157,0.28206226229667664,0.27015289664268494,0.7900053262710571,0.5850356817245483,0.7691614627838135,0.6485660672187805
boolq,boolq,qa,0.5580000281333923,0.6225531101226807,0.35815146565437317,0.5598223209381104,0.8525894284248352,0.8030003309249878,0.23808886110782623,0.2779773771762848,0.6329476833343506,0.5793106555938721,0.6678789854049683,0.6660076975822449
boolq,boolq,qa,0.5580000281333923,0.621938943862915,0.35815146565437317,0.5493783950805664,0.8293401002883911,0.8144602179527283,0.2822170853614807,0.28140342235565186,0.7917526364326477,0.5891799330711365,0.7694966793060303,0.649504542350769
boolq,boolq,qa,0.5724999904632568,0.6244733333587646,0.39327946305274963,0.5516579747200012,0.8901017308235168,0.8334320187568665,0.22449855506420135,0.2712007164955139,0.598204493522644,0.6084163188934326,0.6403796672821045,0.6616542935371399
boolq,boolq,qa,0.5580000281333923,0.5924586057662964,0.35815146565437317,0.5193610787391663,0.7120488286018372,0.7947413921356201,0.24270956218242645,0.27172282338142395,0.576441764831543,0.5507256388664246,0.6783654689788818,0.7073691487312317
boolq,boolq,qa,0.5584999918937683,0.6126717925071716,0.35939639806747437,0.5314683318138123,0.8415737152099609,0.8201006650924683,0.24093082547187805,0.2549411654472351,0.6628492474555969,0.6094959378242493,0.6731141805648804,0.673681914806366
boolq,boolq,qa,0.8040000200271606,0.6189836859703064,0.8039215803146362,0.5448309183120728,0.91744464635849,0.8154285550117493,0.22293539345264435,0.2581571638584137,0.5359356999397278,0.6025017499923706,0.638677716255188,0.6683903932571411
boolq,boolq,qa,0.5580000281333923,0.6340721845626831,0.35815146565437317,0.555200457572937,0.8214088678359985,0.830841600894928,0.2617796063423157,0.26567599177360535,0.7458080053329468,0.5772933959960938,0.7179176807403564,0.645333468914032
boolq,boolq,qa,0.5580000281333923,0.6059345602989197,0.35815146565437317,0.5438721776008606,0.8304226398468018,0.7791953682899475,0.307539701461792,0.3063042163848877,0.8382973670959473,0.6132465600967407,0.8449488282203674,0.6915014982223511
boolq,boolq,qa,0.5580000281333923,0.6240378022193909,0.35815146565437317,0.5517315864562988,0.8664159774780273,0.8178712725639343,0.23994527757167816,0.2790343463420868,0.6667022705078125,0.5745572447776794,0.6706777215003967,0.6575679779052734
boolq,boolq,qa,0.44200000166893005,0.6056658029556274,0.3065187335014343,0.5221201181411743,0.8707685470581055,0.8417102694511414,0.2649827301502228,0.2465774118900299,0.6207960844039917,0.5902161598205566,0.7228833436965942,0.706512451171875
boolq,boolq,qa,0.593999981880188,0.6258325576782227,0.4451095759868622,0.5496723055839539,0.834888756275177,0.848475456237793,0.23658980429172516,0.22880209982395172,0.5390313863754272,0.5660508275032043,0.6661842465400696,0.6811579465866089
boolq,boolq,qa,0.5964999794960022,0.6059495210647583,0.44813549518585205,0.5333088636398315,0.8710209727287292,0.8046776056289673,0.22977504134178162,0.27000606060028076,0.5587301850318909,0.5754084587097168,0.6522025465965271,0.6920591592788696
boolq,boolq,qa,0.5699999928474426,0.6130515336990356,0.5249332785606384,0.5397557616233826,0.9045942425727844,0.8187696933746338,0.23661230504512787,0.26209795475006104,0.5292302966117859,0.5703650712966919,0.6662020683288574,0.68843674659729
boolq,boolq,qa,0.703499972820282,0.603018581867218,0.7033498287200928,0.5154377818107605,0.7875457406044006,0.8280222415924072,0.24417053163051605,0.26451927423477173,0.5096855163574219,0.5776300430297852,0.6814824938774109,0.6991073489189148
boolq,boolq,qa,0.6570000052452087,0.5760124325752258,0.6385379433631897,0.4971294403076172,0.7083115577697754,0.7772164940834045,0.24384643137454987,0.27972906827926636,0.5144729018211365,0.5582236647605896,0.6808280944824219,0.7191587686538696
boolq,boolq,qa,0.5580000281333923,0.6108802556991577,0.35815146565437317,0.531782329082489,0.8207302689552307,0.8337334990501404,0.2593802213668823,0.2727145254611969,0.7410494089126587,0.6074948310852051,0.7123548984527588,0.6813504695892334
boolq,boolq,qa,0.6669999957084656,0.6226876974105835,0.6546642780303955,0.546556293964386,0.8717644810676575,0.849272608757019,0.23147697746753693,0.24751782417297363,0.5367036461830139,0.599522590637207,0.6558021903038025,0.6772982478141785
boolq,boolq,qa,0.45350000262260437,0.5794675946235657,0.33880019187927246,0.4922778904438019,0.5710976719856262,0.7921647429466248,0.2531810402870178,0.26624974608421326,0.5344063639640808,0.578671932220459,0.6995221376419067,0.7386245131492615
boolq,boolq,qa,0.4584999978542328,0.6004502773284912,0.34218499064445496,0.5045546889305115,0.7329298257827759,0.8121196627616882,0.24803462624549866,0.23938195407390594,0.523614764213562,0.5903564691543579,0.6891933083534241,0.728872537612915
boolq,boolq,qa,0.5644999742507935,0.6120342016220093,0.5219002366065979,0.5282990336418152,0.8417673110961914,0.8405547142028809,0.24133478105068207,0.24277164041996002,0.5216982364654541,0.5664079785346985,0.6757491827011108,0.6926082968711853
boolq,boolq,qa,0.5569999814033508,0.5746426582336426,0.36082783341407776,0.5000638365745544,0.6121510863304138,0.7614656090736389,0.24379101395606995,0.2713645398616791,0.5779064893722534,0.5552929043769836,0.6805697679519653,0.7165061235427856
boolq,boolq,qa,0.75,0.6446707844734192,0.7487333416938782,0.5651328563690186,0.8870658874511719,0.8673760294914246,0.22942161560058594,0.23475675284862518,0.5310090184211731,0.6015564203262329,0.6517894268035889,0.659303605556488
boolq,boolq,qa,0.5874999761581421,0.6179002523422241,0.5562176704406738,0.5263035893440247,0.8179077506065369,0.8469963669776917,0.24149200320243835,0.22921016812324524,0.5215648412704468,0.5959128737449646,0.676068902015686,0.6754084229469299
boolq,boolq,qa,0.44200000166893005,0.5621722936630249,0.3065187335014343,0.4580773711204529,0.6363629102706909,0.7791215181350708,0.2632914185523987,0.27324244379997253,0.5813277959823608,0.5783337950706482,0.7199609279632568,0.7478768229484558
boolq,boolq,qa,0.6934999823570251,0.6149735450744629,0.6892091631889343,0.5328342914581299,0.7523927092552185,0.816778838634491,0.24436360597610474,0.2331714630126953,0.5104948282241821,0.5584272146224976,0.6818678379058838,0.708457887172699
boolq,boolq,qa,0.44449999928474426,0.5727502703666687,0.3144850730895996,0.4882400631904602,0.7037562727928162,0.7817004323005676,0.2520844042301178,0.2622945010662079,0.549134373664856,0.5374399423599243,0.6972692012786865,0.7077615261077881
boolq,boolq,qa,0.4934999942779541,0.59676593542099,0.4124046564102173,0.5129569172859192,0.7203941345214844,0.8013986349105835,0.24758808314800262,0.2580545246601105,0.5162369012832642,0.5491215586662292,0.6883124709129333,0.7056711912155151
boolq,boolq,qa,0.8475000262260437,0.6611862182617188,0.8430979251861572,0.5923896431922913,0.925209641456604,0.8869121670722961,0.2101099044084549,0.22797630727291107,0.5512078404426575,0.6457264423370361,0.6126147508621216,0.6653439998626709
boolq,boolq,qa,0.5580000281333923,0.6155008673667908,0.35815146565437317,0.5361372232437134,0.8291738629341125,0.8261553049087524,0.303376704454422,0.2788810133934021,0.8307021260261536,0.5949532985687256,0.8314828276634216,0.6630447506904602
boolq,boolq,qa,0.6194999814033508,0.6644545197486877,0.4989529550075531,0.5986248254776001,0.8870197534561157,0.8585857152938843,0.22050108015537262,0.23372606933116913,0.5743755102157593,0.6047900915145874,0.632911741733551,0.6342977285385132
boolq,boolq,qa,0.5580000281333923,0.6111981868743896,0.35815146565437317,0.5417211055755615,0.7187763452529907,0.7706333994865417,0.24563345313072205,0.2755015790462494,0.6412102580070496,0.5864107608795166,0.6840193867683411,0.708061158657074
boolq,boolq,qa,0.5580000281333923,0.5981461405754089,0.35815146565437317,0.516200065612793,0.7562232613563538,0.7980166077613831,0.2555287778377533,0.27370938658714294,0.6889162063598633,0.572276771068573,0.7050334811210632,0.6714727878570557
boolq,boolq,qa,0.6464999914169312,0.6221890449523926,0.5476321578025818,0.5528364181518555,0.9134676456451416,0.841698944568634,0.21662379801273346,0.24740296602249146,0.5721678733825684,0.5998209714889526,0.625087559223175,0.6551607847213745
boolq,boolq,qa,0.5644999742507935,0.6525629758834839,0.37414470314979553,0.5690875053405762,0.8865073323249817,0.8619668483734131,0.2271694839000702,0.23463000357151031,0.6102501749992371,0.5918169021606445,0.6455338001251221,0.6491040587425232
boolq,boolq,qa,0.5659999847412109,0.6326029896736145,0.3777777850627899,0.5553159117698669,0.8383868336677551,0.8479498624801636,0.23481620848178864,0.2549552321434021,0.5727172493934631,0.6042761206626892,0.6622751951217651,0.6996631026268005
boolq,boolq,qa,0.5724999904632568,0.669733464717865,0.39327946305274963,0.5985446572303772,0.8958556056022644,0.8806703686714172,0.22747491300106049,0.2164555788040161,0.5794814825057983,0.6103923320770264,0.6471227407455444,0.6393153071403503
boolq,boolq,qa,0.809499979019165,0.6160025596618652,0.8075169920921326,0.5512126088142395,0.8862007260322571,0.8388559222221375,0.22623752057552338,0.25463369488716125,0.5318124294281006,0.6120262742042542,0.6453889608383179,0.7086291909217834
boolq,boolq,qa,0.44200000166893005,0.6217089891433716,0.3080357015132904,0.5412632822990417,0.6669996380805969,0.8256164193153381,0.2593531608581543,0.2414989173412323,0.5821426510810852,0.635235607624054,0.7119404673576355,0.7277678847312927
boolq,boolq,qa,0.7204999923706055,0.6705150008201599,0.672599196434021,0.6097798943519592,0.9332589507102966,0.8842519521713257,0.20867511630058289,0.2086726725101471,0.5687927007675171,0.636533796787262,0.6089430451393127,0.6363735795021057
boolq,boolq,qa,0.843999981880188,0.6429727077484131,0.842424213886261,0.5719233751296997,0.9258679747581482,0.8469046950340271,0.18114982545375824,0.2421649694442749,0.595054030418396,0.688460111618042,0.5509793162345886,0.702905535697937
boolq,boolq,qa,0.5979999899864197,0.6592133045196533,0.4513525664806366,0.6051589250564575,0.916685938835144,0.8487246036529541,0.21429844200611115,0.24447813630104065,0.6059465408325195,0.601510226726532,0.6187657713890076,0.6513132452964783
boolq,boolq,qa,0.7540000081062317,0.665299654006958,0.7216309905052185,0.612424910068512,0.9398866295814514,0.8757423162460327,0.1993996500968933,0.23281708359718323,0.5799642205238342,0.6370364427566528,0.5894047021865845,0.6402959823608398
boolq,boolq,qa,0.5945000052452087,0.6441205739974976,0.4430233836174011,0.5732250213623047,0.9059661626815796,0.849452555179596,0.2208169847726822,0.24191997945308685,0.5877301692962646,0.5999250411987305,0.6331585645675659,0.658936619758606
boolq,boolq,qa,0.578499972820282,0.6432422399520874,0.40725114941596985,0.5662285685539246,0.9018229246139526,0.8517749905586243,0.22965992987155914,0.21777182817459106,0.5638996958732605,0.578240692615509,0.6518930792808533,0.6469452381134033
boolq,boolq,qa,0.5644999742507935,0.6541312336921692,0.37414470314979553,0.6083436608314514,0.931455135345459,0.8523935675621033,0.21919219195842743,0.23837123811244965,0.6301558017730713,0.6185183525085449,0.6274843811988831,0.6604260206222534
boolq,boolq,qa,0.5809999704360962,0.6182975172996521,0.5413566827774048,0.5362169742584229,0.9048810601234436,0.8221874237060547,0.23262746632099152,0.23631325364112854,0.5373100638389587,0.6039645075798035,0.658035933971405,0.6642894744873047
boolq,boolq,qa,0.445499986410141,0.6124842166900635,0.31424155831336975,0.5244033932685852,0.818437397480011,0.8227428793907166,0.24734047055244446,0.24043263494968414,0.5426660776138306,0.5848670601844788,0.6877025961875916,0.7078284621238708
boolq,boolq,qa,0.4580000042915344,0.582747757434845,0.3471893072128296,0.481090784072876,0.6605077981948853,0.8083640336990356,0.24938355386257172,0.2442994862794876,0.5174068212509155,0.5505454540252686,0.6919078826904297,0.7206629514694214
boolq,boolq,qa,0.4415000081062317,0.5832464694976807,0.30627816915512085,0.5044206380844116,0.7180536389350891,0.8064463138580322,0.25469204783439636,0.26784947514533997,0.5560798048973083,0.5919037461280823,0.7025108933448792,0.7238935232162476
boolq,boolq,qa,0.5584999918937683,0.607446014881134,0.35939639806747437,0.5358583331108093,0.8319076299667358,0.7940201163291931,0.23424404859542847,0.25504669547080994,0.5778504014015198,0.5558382868766785,0.6609790325164795,0.6796211004257202
boolq,boolq,qa,0.5580000281333923,0.611506462097168,0.36022141575813293,0.5210718512535095,0.729826033115387,0.8032350540161133,0.24126935005187988,0.23722252249717712,0.5472378730773926,0.5501633286476135,0.675568163394928,0.6895402073860168
boolq,boolq,qa,0.46650001406669617,0.595455527305603,0.38832399249076843,0.516437828540802,0.6282567977905273,0.8115037083625793,0.24922603368759155,0.23603010177612305,0.5211754441261292,0.5779227614402771,0.6915841102600098,0.7343099117279053
boolq,boolq,qa,0.5034999847412109,0.6372359395027161,0.4209870398044586,0.5666135549545288,0.8914483189582825,0.8805829882621765,0.23339764773845673,0.22844046354293823,0.5684176683425903,0.6288023591041565,0.6588313579559326,0.690746545791626
boolq,boolq,qa,0.4480000138282776,0.6035651564598083,0.31843775510787964,0.5285645723342896,0.83980792760849,0.8089710474014282,0.2521304488182068,0.26004981994628906,0.6031840443611145,0.6396453976631165,0.6965314745903015,0.7329117059707642
boolq,boolq,qa,0.5640000104904175,0.6106255054473877,0.3729289472103119,0.5167011022567749,0.8168373703956604,0.8350034356117249,0.23540538549423218,0.24508725106716156,0.5736522674560547,0.5630674958229065,0.6634702086448669,0.6958903670310974
boolq,boolq,qa,0.5964999794960022,0.628909707069397,0.45427969098091125,0.5483039021492004,0.866740345954895,0.8543206453323364,0.2277003675699234,0.2496727854013443,0.5633790493011475,0.5941832661628723,0.6479009389877319,0.6988435387611389
boolq,boolq,qa,0.5044999718666077,0.6164236664772034,0.4236695170402527,0.5465515851974487,0.882394015789032,0.8262681365013123,0.23688551783561707,0.2539333999156952,0.5411965847015381,0.604007363319397,0.6665735840797424,0.6954153776168823
boolq,boolq,qa,0.5715000033378601,0.6069400310516357,0.3946540951728821,0.539381206035614,0.7933974266052246,0.8091046214103699,0.2346782237291336,0.2591458559036255,0.5594149827957153,0.5837544798851013,0.6621220707893372,0.6957591772079468
boolq,boolq,qa,0.6244999766349792,0.6378417611122131,0.5099368095397949,0.5741271376609802,0.8933641314506531,0.8337852954864502,0.22175750136375427,0.2472730576992035,0.5644051432609558,0.6003322601318359,0.6357190012931824,0.6619848012924194
boolq,boolq,qa,0.559499979019165,0.6427568197250366,0.36187881231307983,0.5635976791381836,0.8541691899299622,0.8456375598907471,0.2280879020690918,0.24911236763000488,0.6347331404685974,0.580809473991394,0.6462801098823547,0.6439104080200195
boolq,boolq,qa,0.5580000281333923,0.6617162227630615,0.35815146565437317,0.5957255363464355,0.831002950668335,0.8340667486190796,0.24693983793258667,0.22881843149662018,0.6626015901565552,0.5540344715118408,0.6862724423408508,0.6518889665603638
boolq,boolq,qa,0.5575000047683716,0.582963228225708,0.36408501863479614,0.48923274874687195,0.4438033103942871,0.7806804776191711,0.24846340715885162,0.2642157971858978,0.5412518382072449,0.5546347498893738,0.690087616443634,0.7104920148849487
boolq,boolq,qa,0.7630000114440918,0.6580023169517517,0.7400720119476318,0.5893986821174622,0.9018386602401733,0.8602864146232605,0.22246494889259338,0.22348596155643463,0.5406193137168884,0.594876766204834,0.6377379298210144,0.6512120366096497
boolq,boolq,qa,0.5619999766349792,0.6568810939788818,0.3680419623851776,0.5840923190116882,0.8834157586097717,0.850169837474823,0.22897127270698547,0.22930103540420532,0.6049920320510864,0.5777560472488403,0.6494846940040588,0.6503580808639526
boolq,boolq,qa,0.6474999785423279,0.6482641696929932,0.5536718964576721,0.5705658197402954,0.8790221214294434,0.8495992422103882,0.23062512278556824,0.22661535441875458,0.5416674613952637,0.5679857730865479,0.654152512550354,0.6625441908836365
boolq,boolq,qa,0.5634999871253967,0.6262744665145874,0.37171080708503723,0.5670849680900574,0.8871109485626221,0.8065326809883118,0.2268601655960083,0.256450891494751,0.5971812605857849,0.5883957147598267,0.6453405618667603,0.6867969632148743
boolq,boolq,qa,0.6355000138282776,0.6999897956848145,0.5260816216468811,0.6560187935829163,0.9397959113121033,0.8843954801559448,0.2048995941877365,0.1941608339548111,0.6026861667633057,0.62046217918396,0.5990634560585022,0.6284148097038269
boolq,boolq,qa,0.7519999742507935,0.6898866295814514,0.7187137007713318,0.6261439323425293,0.9428145289421082,0.906711757183075,0.19034825265407562,0.19920313358306885,0.5992515683174133,0.6831575632095337,0.5695508122444153,0.6518392562866211
boolq,boolq,qa,0.5730000138282776,0.5711488723754883,0.405324786901474,0.48985108733177185,0.671976625919342,0.7387583255767822,0.24310614168643951,0.2771282494068146,0.5346347093582153,0.552228569984436,0.6793083548545837,0.6948776841163635
boolq,boolq,qa,0.6980000138282776,0.658007025718689,0.6886825561523438,0.6071916818618774,0.9239745140075684,0.8435304760932922,0.1997421234846115,0.22661471366882324,0.6029090285301208,0.6664352416992188,0.5874321460723877,0.6897934079170227
boolq,boolq,qa,0.7419999837875366,0.6625843644142151,0.7372826337814331,0.6187352538108826,0.9489759206771851,0.8910424709320068,0.18204304575920105,0.22313211858272552,0.6306700110435486,0.7033571600914001,0.5480997562408447,0.6879987716674805
boolq,boolq,qa,0.5590000152587891,0.6629390716552734,0.360638827085495,0.5782321691513062,0.9044188857078552,0.8822104930877686,0.23056326806545258,0.2132001668214798,0.6320300102233887,0.616186261177063,0.6517850756645203,0.6308370232582092
boolq,boolq,qa,0.5975000262260437,0.650114893913269,0.45336100459098816,0.5744311213493347,0.8768777847290039,0.8668932914733887,0.22139164805412292,0.2376144379377365,0.5816129446029663,0.5852934122085571,0.6344817280769348,0.646218478679657
boolq,boolq,qa,0.5634999871253967,0.6399697065353394,0.37171080708503723,0.5744478702545166,0.7981255650520325,0.8296368718147278,0.23629575967788696,0.22499434649944305,0.5681812167167664,0.5625814199447632,0.6653502583503723,0.6747792959213257
boolq,boolq,qa,0.6359999775886536,0.6529513001441956,0.6156688928604126,0.5893744826316833,0.9047239422798157,0.8470024466514587,0.22524061799049377,0.21645191311836243,0.5467438101768494,0.5948034524917603,0.6427812576293945,0.6564342975616455
boolq,boolq,qa,0.7590000033378601,0.6693986058235168,0.7335600256919861,0.6308671832084656,0.8913236260414124,0.8581753373146057,0.17357194423675537,0.2155732363462448,0.6580958962440491,0.7015587687492371,0.5269514918327332,0.7238258719444275
boolq,boolq,qa,0.8870000243186951,0.7052000164985657,0.8858585953712463,0.6615578532218933,0.9562467336654663,0.9027121663093567,0.14980164170265198,0.20198483765125275,0.6389918923377991,0.7001155614852905,0.48131489753723145,0.6339184045791626
boolq,boolq,qa,0.7584999799728394,0.6668042540550232,0.7296836972236633,0.6240947246551514,0.9210116267204285,0.8337011337280273,0.17985175549983978,0.21381162106990814,0.6254492402076721,0.6158797144889832,0.5445188879966736,0.6627553701400757
boolq,boolq,qa,0.8105000257492065,0.6074070334434509,0.804190993309021,0.5691596269607544,0.8930270671844482,0.7650505304336548,0.15755070745944977,0.2565191388130188,0.6641228199005127,0.6378252506256104,0.49248868227005005,0.7186490297317505
boolq,boolq,qa,0.7089999914169312,0.6058779358863831,0.6686400175094604,0.5489371418952942,0.8506498336791992,0.7999002933502197,0.23411811888217926,0.2680571675300598,0.5276819467544556,0.5865933299064636,0.6612828373908997,0.7156841158866882
boolq,boolq,qa,0.7789999842643738,0.6488481760025024,0.7574616074562073,0.5900222659111023,0.9130677580833435,0.8766411542892456,0.20247866213321686,0.21470274031162262,0.5729618072509766,0.6537505388259888,0.5962046980857849,0.6612293720245361
boolq,boolq,qa,0.5960000157356262,0.6777448654174805,0.4478430449962616,0.6162120699882507,0.8898493051528931,0.8595090508460999,0.21982206404209137,0.22286228835582733,0.5930763483047485,0.5983079671859741,0.6308925747871399,0.6436277627944946
boolq,boolq,qa,0.7960000038146973,0.6833719611167908,0.7775490283966064,0.6297323703765869,0.9406498670578003,0.87879878282547,0.1848551481962204,0.20488427579402924,0.5982798337936401,0.663236677646637,0.5582850575447083,0.6666635870933533
boolq,boolq,qa,0.828499972820282,0.656322717666626,0.8207836151123047,0.6069306135177612,0.914576530456543,0.8365961313247681,0.16700531542301178,0.24323903024196625,0.6311150789260864,0.6347259879112244,0.5180875062942505,0.6781671643257141
boolq,boolq,qa,0.8629999756813049,0.689738392829895,0.8617256879806519,0.657261312007904,0.941137433052063,0.879319429397583,0.13856841623783112,0.20180805027484894,0.6733020544052124,0.6757509708404541,0.45150986313819885,0.621898353099823
boolq,boolq,qa,0.476500004529953,0.5886451601982117,0.38456493616104126,0.5251928567886353,0.700381338596344,0.7632858157157898,0.24827225506305695,0.2649282217025757,0.5191957950592041,0.5485047698020935,0.6896806359291077,0.7218790650367737
boolq,boolq,qa,0.6804999709129333,0.6212159991264343,0.6212568879127502,0.5715252161026001,0.8096582889556885,0.8076285123825073,0.23281753063201904,0.2628513276576996,0.5365615487098694,0.6051750183105469,0.6586227416992188,0.7291683554649353
boolq,boolq,qa,0.7369999885559082,0.6332733035087585,0.7332862615585327,0.5454408526420593,0.9062530398368835,0.8568341732025146,0.23412366211414337,0.227658212184906,0.5235246419906616,0.5952390432357788,0.6612847447395325,0.6786423325538635
boolq,boolq,qa,0.7724999785423279,0.5979235768318176,0.766936719417572,0.5138922929763794,0.8518368005752563,0.8196473717689514,0.24039147794246674,0.23560789227485657,0.5134539604187012,0.5675196647644043,0.673912525177002,0.7179815769195557
boolq,boolq,qa,0.6359999775886536,0.6204909086227417,0.5305188298225403,0.5555320382118225,0.9036484956741333,0.8305246829986572,0.232186958193779,0.24550174176692963,0.5365574359893799,0.5693966150283813,0.6573383808135986,0.6929041147232056
boolq,boolq,qa,0.6169999837875366,0.6174747347831726,0.5923293828964233,0.5515869855880737,0.8609291911125183,0.8206329941749573,0.23977725207805634,0.23312796652317047,0.5220630764961243,0.5755917429924011,0.6726400852203369,0.6960871815681458
boolq,boolq,qa,0.44749999046325684,0.6345170140266418,0.31745272874832153,0.5715798735618591,0.9002482295036316,0.8297485113143921,0.24521788954734802,0.21591435372829437,0.5392200946807861,0.5453053712844849,0.6834629774093628,0.68168705701828
boolq,boolq,qa,0.5584999918937683,0.617127537727356,0.35939639806747437,0.5390638113021851,0.8174713850021362,0.7878226637840271,0.24261824786663055,0.261601984500885,0.5348238348960876,0.48979321122169495,0.6783320903778076,0.6791569590568542
boolq,boolq,qa,0.8500000238418579,0.6868284940719604,0.8499206304550171,0.6652689576148987,0.9442538619041443,0.8775614500045776,0.17137832939624786,0.20880214869976044,0.6130642294883728,0.6970756649971008,0.5287161469459534,0.6898652911186218
boolq,boolq,qa,0.8644999861717224,0.6852206587791443,0.8604918718338013,0.6528735756874084,0.9450931549072266,0.8926200866699219,0.14454373717308044,0.21147680282592773,0.6579229831695557,0.7087196707725525,0.4672197699546814,0.6848597526550293
boolq,boolq,qa,0.8830000162124634,0.6766933798789978,0.8812026977539062,0.6422773003578186,0.952945351600647,0.8824939727783203,0.1242256835103035,0.2204732745885849,0.6943507790565491,0.7644758224487305,0.4166249930858612,0.6766629219055176
boolq,boolq,qa,0.875,0.7093929052352905,0.8734970092773438,0.6780293583869934,0.9448534250259399,0.8956531882286072,0.15227794647216797,0.195639967918396,0.6399627923965454,0.7446311116218567,0.48591530323028564,0.6507408022880554
boolq,boolq,qa,0.859000027179718,0.6858165860176086,0.8583056926727295,0.6607662439346313,0.9409732222557068,0.8951480388641357,0.151155486702919,0.22043494880199432,0.647632360458374,0.7307667136192322,0.48231834173202515,0.6557819247245789
boolq,boolq,qa,0.862500011920929,0.6641258001327515,0.8617326021194458,0.6277925968170166,0.939832866191864,0.8487802147865295,0.13754086196422577,0.24039068818092346,0.6788681745529175,0.756285548210144,0.4480915665626526,0.7470002770423889
boolq,boolq,qa,0.7870000004768372,0.5873717665672302,0.7684558629989624,0.5215342044830322,0.9272541403770447,0.7849916815757751,0.14171335101127625,0.26209673285484314,0.7420408725738525,0.6043859720230103,0.4440977871417999,0.7444471120834351
boolq,boolq,qa,0.9075000286102295,0.7133898735046387,0.9068026542663574,0.7018033266067505,0.9652706980705261,0.8823285102844238,0.1261320859193802,0.19505438208580017,0.682714581489563,0.7565865516662598,0.424100786447525,0.6929475665092468
boolq,boolq,qa,0.8335000276565552,0.7160816788673401,0.8334429860115051,0.680383026599884,0.9481756687164307,0.9056856632232666,0.15089252591133118,0.19081628322601318,0.6656042337417603,0.7386441230773926,0.47753167152404785,0.6430143713951111
boolq,boolq,qa,0.8100000023841858,0.6969693899154663,0.8098905086517334,0.6753365993499756,0.8965991139411926,0.8935515880584717,0.14835083484649658,0.2143000215291977,0.7304767370223999,0.794080376625061,0.46944233775138855,0.711939811706543
boolq,boolq,qa,0.8640000224113464,0.6651460528373718,0.8597034215927124,0.6329394578933716,0.9421784281730652,0.8557756543159485,0.10315029323101044,0.24448582530021667,0.8079336285591125,0.6736435294151306,0.3409961760044098,0.6725524067878723
boolq,boolq,qa,0.8399999737739563,0.6894854307174683,0.8339420557022095,0.6597278118133545,0.922184944152832,0.8764018416404724,0.13001422584056854,0.20855729281902313,0.7240757346153259,0.7247561812400818,0.42241495847702026,0.7229827642440796
boolq,boolq,qa,0.8575000166893005,0.6942759156227112,0.8574897050857544,0.6596195101737976,0.9521283507347107,0.8844909071922302,0.12150257080793381,0.2024710327386856,0.7435212135314941,0.6985906958580017,0.3988959491252899,0.6627432703971863
boolq,boolq,qa,0.8600000143051147,0.670428454875946,0.8560328483581543,0.650161862373352,0.9434799551963806,0.853777289390564,0.10121668875217438,0.22878912091255188,0.8094162940979004,0.7567341327667236,0.3343985974788666,0.8152932524681091
boolq,boolq,qa,0.847000002861023,0.6479730606079102,0.8405584096908569,0.6086457967758179,0.9338904023170471,0.8518158793449402,0.14125633239746094,0.2342570424079895,0.6779482960700989,0.7322629690170288,0.4575296640396118,0.7321683168411255
boolq,boolq,qa,0.8264999985694885,0.6361863613128662,0.82381272315979,0.6039580702781677,0.9004681706428528,0.8379993438720703,0.1505412757396698,0.25750425457954407,0.6767983436584473,0.7545035481452942,0.4755854606628418,0.8531264066696167
boolq,boolq,qa,0.7925000190734863,0.6832365989685059,0.7904670834541321,0.6635554432868958,0.8631333112716675,0.857506513595581,0.1542188674211502,0.20239876210689545,0.719021737575531,0.7583745718002319,0.47741496562957764,0.7230997085571289
boolq,boolq,qa,0.8604999780654907,0.7169706225395203,0.8603614568710327,0.6929389238357544,0.9542711973190308,0.9223732352256775,0.14901103079319,0.2042333483695984,0.6493082642555237,0.7873720526695251,0.47723349928855896,0.6912902593612671
boolq,boolq,qa,0.8069999814033508,0.686660647392273,0.8045923709869385,0.6611625552177429,0.8783009052276611,0.8695856332778931,0.1569187045097351,0.21773870289325714,0.681888222694397,0.7603822350502014,0.4895239770412445,0.7940678000450134
boolq,boolq,qa,0.8759999871253967,0.6935251355171204,0.8733742833137512,0.6605527997016907,0.947992205619812,0.9063745737075806,0.12789499759674072,0.2111365646123886,0.6917527914047241,0.7940539717674255,0.42463552951812744,0.7132742404937744
boolq,boolq,qa,0.859499990940094,0.7138333320617676,0.8534302115440369,0.6997411847114563,0.9453927278518677,0.885658860206604,0.1385430544614792,0.22048257291316986,0.6760613918304443,0.7651962041854858,0.451335072517395,0.7129008769989014
boolq,boolq,qa,0.7605000138282776,0.6935316324234009,0.7305288314819336,0.6741886138916016,0.9333547353744507,0.8819786906242371,0.15365572273731232,0.20136810839176178,0.7544289231300354,0.7581164240837097,0.4687918722629547,0.7022891044616699
boolq,boolq,qa,0.7149999737739563,0.7020304203033447,0.676240861415863,0.6673217415809631,0.8546197414398193,0.8838224411010742,0.18182532489299774,0.2025524228811264,0.7276862859725952,0.8114573955535889,0.5376757383346558,0.7834047675132751
boolq,boolq,qa,0.8479999899864197,0.7189692258834839,0.8401204943656921,0.6988577842712402,0.9498917460441589,0.8948969841003418,0.1212465763092041,0.20503106713294983,0.744184672832489,0.7850083112716675,0.39703914523124695,0.6944981217384338
boolq,boolq,qa,0.6740000247955322,0.673152506351471,0.6601320505142212,0.6502158045768738,0.939900279045105,0.8432852029800415,0.1906331330537796,0.21379199624061584,0.6522300243377686,0.6902194023132324,0.5593545436859131,0.7057525515556335
boolq,boolq,qa,0.8705000281333923,0.6275514960289001,0.8676199316978455,0.5984322428703308,0.9504289627075195,0.8121263384819031,0.12067488580942154,0.270245224237442,0.707574725151062,0.7120872139930725,0.40705305337905884,0.777748703956604
boolq,boolq,qa,0.8665000200271606,0.629609227180481,0.8651920557022095,0.6012477874755859,0.9317516684532166,0.8136118054389954,0.12920798361301422,0.2458525151014328,0.7091973423957825,0.7366751432418823,0.4256182610988617,0.7653810381889343
boolq,boolq,qa,0.8134999871253967,0.6948233842849731,0.8132085800170898,0.6573939919471741,0.94773930311203,0.8951328992843628,0.17016351222991943,0.20658966898918152,0.6264548897743225,0.730391263961792,0.5238529443740845,0.670107901096344
boolq,boolq,qa,0.875,0.7149835824966431,0.8712347745895386,0.7029343843460083,0.9493373036384583,0.8909692168235779,0.11709103733301163,0.20289567112922668,0.7227463722229004,0.7604643702507019,0.3959678113460541,0.6599206328392029
boolq,boolq,qa,0.8799999952316284,0.698594868183136,0.8772000670433044,0.6627264022827148,0.9556218385696411,0.8731282949447632,0.10032827407121658,0.2165747433900833,0.763387143611908,0.8065733313560486,0.34715428948402405,0.7467616200447083
boolq,boolq,qa,0.8694999814033508,0.6783530116081238,0.8654497265815735,0.651892900466919,0.9505800008773804,0.8835350871086121,0.11030745506286621,0.23692911863327026,0.7444589138031006,0.77406907081604,0.37295523285865784,0.7706369757652283
boolq,boolq,qa,0.8119999766349792,0.6381292343139648,0.810964822769165,0.6046081781387329,0.8901209831237793,0.8220580816268921,0.1567644625902176,0.23692233860492706,0.6724671721458435,0.7674368619918823,0.4909883737564087,0.8683909177780151
boolq,boolq,qa,0.8659999966621399,0.6469912528991699,0.8608711361885071,0.6197699308395386,0.9561018347740173,0.8356449007987976,0.1169152483344078,0.2480241358280182,0.7231936454772949,0.7517490386962891,0.39309585094451904,0.7511347532272339
boolq,boolq,qa,0.8830000162124634,0.655643880367279,0.8818181753158569,0.6306643486022949,0.9503504037857056,0.8535639643669128,0.15005739033222198,0.23763710260391235,0.641821026802063,0.7236016988754272,0.4823911786079407,0.7286804914474487
boolq,boolq,qa,0.8774999976158142,0.7118727564811707,0.8735149502754211,0.6867831349372864,0.9578179121017456,0.888943612575531,0.10364364087581635,0.2079346626996994,0.7576932311058044,0.8441873788833618,0.3567988872528076,0.8425103425979614
boolq,boolq,qa,0.7990000247955322,0.6364130973815918,0.7929455041885376,0.6019752621650696,0.8769360780715942,0.8045257329940796,0.16149728000164032,0.23556935787200928,0.671360969543457,0.772335410118103,0.5005244016647339,0.8899439573287964
boolq,boolq,qa,0.8654999732971191,0.7077327370643616,0.8598079085350037,0.6872982382774353,0.9539579749107361,0.8581262230873108,0.10379725694656372,0.22383072972297668,0.7870689034461975,0.8218308091163635,0.3453860878944397,0.7801576256752014
boolq,boolq,qa,0.7555000185966492,0.6245036721229553,0.755098283290863,0.5916246175765991,0.8736645579338074,0.8167526721954346,0.17231953144073486,0.2510840892791748,0.6790613532066345,0.7889346480369568,0.5245503783226013,0.9216759204864502
boolq,boolq,qa,0.7745000123977661,0.6701772809028625,0.7572600841522217,0.6400489211082458,0.8955323100090027,0.8266602754592896,0.15393494069576263,0.2439623475074768,0.7189365029335022,0.8131672143936157,0.47318288683891296,0.9416503310203552
boolq,boolq,qa,0.8125,0.6894541382789612,0.7973406314849854,0.667339563369751,0.9480433464050293,0.882006049156189,0.14577068388462067,0.20974288880825043,0.6873539090156555,0.7801868319511414,0.46358221769332886,0.726362407207489
boolq,boolq,qa,0.8709999918937683,0.6631290912628174,0.8681508898735046,0.6323562860488892,0.9458528757095337,0.8386675715446472,0.12651824951171875,0.23484234511852264,0.6968196034431458,0.7799864411354065,0.4219191372394562,0.8059865236282349
boolq,boolq,qa,0.8234999775886536,0.6312676668167114,0.8234766721725464,0.5936011075973511,0.9114874601364136,0.8087549209594727,0.13658861815929413,0.2867058515548706,0.7392915487289429,0.8331721425056458,0.4383504390716553,0.955168604850769
boolq,boolq,qa,0.8410000205039978,0.631488561630249,0.8389064073562622,0.6047295928001404,0.9102442264556885,0.8213299512863159,0.13745209574699402,0.26726076006889343,0.7060348987579346,0.7468715906143188,0.44203630089759827,0.8445931673049927
boolq,boolq,qa,0.7620000243186951,0.6390624642372131,0.7602266073226929,0.599141001701355,0.8311783075332642,0.7840806841850281,0.1695435494184494,0.2685510814189911,0.7133491039276123,0.8683488965034485,0.5170435905456543,1.1108378171920776
boolq,boolq,qa,0.8504999876022339,0.6622740030288696,0.8488172888755798,0.6298167109489441,0.914779782295227,0.8384841680526733,0.13576212525367737,0.23348642885684967,0.7058120965957642,0.8224585056304932,0.44190162420272827,0.8948701620101929
boolq,boolq,qa,0.8215000033378601,0.6522765159606934,0.814481794834137,0.6072420477867126,0.9166920185089111,0.8369022607803345,0.13456125557422638,0.2288072407245636,0.7274943590164185,0.8079754710197449,0.43029025197029114,0.8730881810188293
boolq,boolq,qa,0.8619999885559082,0.6371034979820251,0.8611769080162048,0.6163175106048584,0.9318540096282959,0.8409292101860046,0.1417812556028366,0.23773793876171112,0.6723642349243164,0.7463546991348267,0.45960748195648193,0.8223162293434143
boolq,boolq,qa,0.7620000243186951,0.661545991897583,0.7363336682319641,0.6279578804969788,0.9254361987113953,0.8489918112754822,0.153053417801857,0.23928001523017883,0.7146859169006348,0.7756925225257874,0.470682293176651,0.754011332988739
boolq,boolq,qa,0.7705000042915344,0.5718809962272644,0.762321412563324,0.52029949426651,0.8520045876502991,0.7361359596252441,0.15934431552886963,0.3031405210494995,0.7530614733695984,0.7892220616340637,0.4839538633823395,1.0481823682785034
boolq,boolq,qa,0.7770000100135803,0.6251636147499084,0.7656578421592712,0.5795737504959106,0.8638763427734375,0.7887435555458069,0.1620577871799469,0.2560032606124878,0.7012364864349365,0.7901102304458618,0.4977019131183624,0.9820669293403625
boolq,boolq,qa,0.5005000233650208,0.587664008140564,0.4169744551181793,0.522689700126648,0.8538438081741333,0.7779673337936401,0.239593967795372,0.2818754315376282,0.540880560874939,0.5758406519889832,0.6720665693283081,0.7092561721801758
boolq,boolq,qa,0.7329999804496765,0.6675312519073486,0.6969267129898071,0.5887529253959656,0.8999532461166382,0.8842271566390991,0.22173814475536346,0.21764522790908813,0.5448995232582092,0.6191459894180298,0.636180579662323,0.6617075800895691
boolq,boolq,qa,0.5864999890327454,0.6139981150627136,0.46957921981811523,0.5289908051490784,0.5864720940589905,0.8063101172447205,0.24678421020507812,0.22409652173519135,0.5174465179443359,0.5122323036193848,0.686710774898529,0.6471574306488037
boolq,boolq,qa,0.7014999985694885,0.5721253752708435,0.6996491551399231,0.4854942262172699,0.7659886479377747,0.767582893371582,0.24524863064289093,0.24446649849414825,0.5082513689994812,0.5170367956161499,0.6836407780647278,0.6965998411178589
boolq,boolq,qa,0.7879999876022339,0.623660683631897,0.7787942886352539,0.5661584138870239,0.8788178563117981,0.8101442456245422,0.22409646213054657,0.2793216109275818,0.5363673567771912,0.5823397040367126,0.6410562992095947,0.6661659479141235
boolq,boolq,qa,0.5590000152587891,0.6226971745491028,0.360638827085495,0.546947717666626,0.8466489911079407,0.8024224638938904,0.23468832671642303,0.2660590708255768,0.6195511221885681,0.5395776629447937,0.6610842943191528,0.6539150476455688
subj,subj,subjectivity,0.5580000281333923,0.5523505806922913,0.35815146565437317,0.48713773488998413,0.800878643989563,0.701686680316925,0.302045613527298,0.3559301197528839,0.8241183161735535,0.5862860679626465,0.8275441527366638,0.6924240589141846
subj,subj,subjectivity,0.5580000281333923,0.5736502408981323,0.35815146565437317,0.532706618309021,0.826342761516571,0.6618978381156921,0.30299821496009827,0.3689335882663727,0.8323150277137756,0.5434461236000061,0.8307344317436218,0.6453696489334106
subj,subj,subjectivity,0.5580000281333923,0.5474905967712402,0.35815146565437317,0.48790016770362854,0.8128512501716614,0.6786925792694092,0.304033488035202,0.38717731833457947,0.8300027251243591,0.5667703151702881,0.833795964717865,0.6879180073738098
subj,subj,subjectivity,0.5580000281333923,0.5249546766281128,0.35815146565437317,0.4557031989097595,0.8163310289382935,0.6873940825462341,0.3052806258201599,0.37060555815696716,0.8327596783638,0.581749439239502,0.8378010392189026,0.7078835964202881
subj,subj,subjectivity,0.5580000281333923,0.5351830720901489,0.35815146565437317,0.47307732701301575,0.8028886914253235,0.6540718078613281,0.3025933504104614,0.3691311180591583,0.8256210088729858,0.5661181807518005,0.8293315172195435,0.6745526790618896
subj,subj,subjectivity,0.5580000281333923,0.5545510053634644,0.35815146565437317,0.49013960361480713,0.8036909699440002,0.7214210033416748,0.3011997938156128,0.3586842715740204,0.8226783871650696,0.5878477692604065,0.8249093890190125,0.6933502554893494
subj,subj,subjectivity,0.5580000281333923,0.5556334257125854,0.35815146565437317,0.4825206398963928,0.7956046462059021,0.7212267518043518,0.29531875252723694,0.35830971598625183,0.8108311295509338,0.587995171546936,0.8071597814559937,0.686860203742981
subj,subj,subjectivity,0.5580000281333923,0.5554451942443848,0.35815146565437317,0.4787440001964569,0.7893403768539429,0.715787410736084,0.29147565364837646,0.35132908821105957,0.8041328191757202,0.5923903584480286,0.796087920665741,0.699238121509552
subj,subj,subjectivity,0.5580000281333923,0.552711009979248,0.35815146565437317,0.5038360953330994,0.7923918962478638,0.6878083944320679,0.28719350695610046,0.36306092143058777,0.7950953841209412,0.5378405451774597,0.7838689088821411,0.65682053565979
subj,subj,subjectivity,0.6930000185966492,0.5805830955505371,0.6707421541213989,0.48031431436538696,0.7638270854949951,0.7676623463630676,0.229297935962677,0.2845423221588135,0.5436248779296875,0.600127637386322,0.6513937711715698,0.6681728363037109
subj,subj,subjectivity,0.5580000281333923,0.5643905997276306,0.35815146565437317,0.46367818117141724,0.7905927300453186,0.7404555678367615,0.28932976722717285,0.3157799243927002,0.7998502850532532,0.6077407598495483,0.7899094223976135,0.7058953642845154
subj,subj,subjectivity,0.5580000281333923,0.5817580819129944,0.35815146565437317,0.4748159348964691,0.7871554493904114,0.7825512290000916,0.25998756289482117,0.27942538261413574,0.732471227645874,0.6104968190193176,0.7145358920097351,0.6782501935958862
subj,subj,subjectivity,0.5580000281333923,0.5583630204200745,0.35815146565437317,0.4681759476661682,0.7978463172912598,0.759741485118866,0.2969795763492584,0.3265739977359772,0.8152283430099487,0.596154510974884,0.8121728301048279,0.7043300271034241
subj,subj,subjectivity,0.5580000281333923,0.5645440220832825,0.35815146565437317,0.48785918951034546,0.802705705165863,0.7527165412902832,0.2977323532104492,0.30965808033943176,0.8166743516921997,0.5798729658126831,0.8143441677093506,0.6553942561149597
subj,subj,subjectivity,0.5580000281333923,0.5651841759681702,0.35815146565437317,0.49804407358169556,0.7889242768287659,0.7347785234451294,0.28657349944114685,0.33373600244522095,0.7940780520439148,0.5841417908668518,0.78218013048172,0.6664976477622986
subj,subj,subjectivity,0.5580000281333923,0.5872342586517334,0.35815146565437317,0.5102418065071106,0.806793212890625,0.7480600476264954,0.3018016815185547,0.3187767267227173,0.8248355388641357,0.5572317242622375,0.8268350958824158,0.6318077445030212
subj,subj,subjectivity,0.6000000238418579,0.5828614234924316,0.47087427973747253,0.48779523372650146,0.7598094940185547,0.7627338171005249,0.22868233919143677,0.2995612621307373,0.5799421072006226,0.5875977873802185,0.6495047807693481,0.7334132790565491
subj,subj,subjectivity,0.5580000281333923,0.5513782501220703,0.35815146565437317,0.46260544657707214,0.7743182182312012,0.7400545477867126,0.2551073729991913,0.3316992223262787,0.7183407545089722,0.5968697667121887,0.7034586668014526,0.7153069972991943
subj,subj,subjectivity,0.6050000190734863,0.5927714705467224,0.6034757494926453,0.4552365243434906,0.664616048336029,0.8201698660850525,0.241702601313591,0.23416586220264435,0.5358498692512512,0.6209284663200378,0.676414430141449,0.6824313402175903
subj,subj,subjectivity,0.6154999732971191,0.603498637676239,0.521354079246521,0.4827342927455902,0.6995025277137756,0.7962856292724609,0.23369112610816956,0.2538381814956665,0.5606602430343628,0.6093707084655762,0.6600911021232605,0.6854174137115479
subj,subj,subjectivity,0.6029999852180481,0.5999903082847595,0.480893075466156,0.484127938747406,0.7390835881233215,0.7712952494621277,0.2306208461523056,0.2751007676124573,0.5735005140304565,0.6181209087371826,0.6536064743995667,0.6921385526657104
subj,subj,subjectivity,0.5580000281333923,0.6050121188163757,0.35815146565437317,0.47767916321754456,0.7808754444122314,0.8163348436355591,0.24703668057918549,0.24318662285804749,0.6883544325828552,0.6004205346107483,0.685853898525238,0.6395994424819946
subj,subj,subjectivity,0.5580000281333923,0.5650215148925781,0.35815146565437317,0.45227301120758057,0.7780408263206482,0.7748682498931885,0.2616681456565857,0.28850671648979187,0.7383900284767151,0.6229655742645264,0.7184900641441345,0.7122618556022644
subj,subj,subjectivity,0.5410000085830688,0.5757686495780945,0.5106604695320129,0.4339447319507599,0.6579676270484924,0.7942379713058472,0.2455855756998062,0.2526024281978607,0.5401118993759155,0.6449086666107178,0.6842235922813416,0.7342012524604797
subj,subj,subjectivity,0.5580000281333923,0.5830268859863281,0.35815146565437317,0.4733557403087616,0.7830983996391296,0.7872061729431152,0.27008116245269775,0.2822957932949066,0.7583202123641968,0.5979574918746948,0.738838791847229,0.6663532853126526
subj,subj,subjectivity,0.5649999976158142,0.5866483449935913,0.3783014416694641,0.4525800943374634,0.7673996090888977,0.8151029348373413,0.23241612315177917,0.27207568287849426,0.6266067028045654,0.6505442261695862,0.6559925675392151,0.7048385739326477
subj,subj,subjectivity,0.5580000281333923,0.590749204158783,0.35815146565437317,0.4826797842979431,0.7902161478996277,0.7883949875831604,0.28962597250938416,0.29682105779647827,0.8002264499664307,0.6078944802284241,0.7907363772392273,0.6587194204330444
subj,subj,subjectivity,0.5889999866485596,0.6072143316268921,0.4452835023403168,0.49117323756217957,0.7068427801132202,0.7979404330253601,0.23473989963531494,0.2521061599254608,0.5704780220985413,0.6164067983627319,0.6621981859207153,0.6977587938308716
subj,subj,subjectivity,0.48249998688697815,0.5746942162513733,0.45425423979759216,0.43167147040367126,0.5537593960762024,0.7872158885002136,0.2532886564731598,0.24749934673309326,0.5464727878570557,0.634136438369751,0.6997716426849365,0.7237906455993652
subj,subj,subjectivity,0.6834999918937683,0.5817521214485168,0.6803991794586182,0.445967435836792,0.7411342263221741,0.7992494106292725,0.23317734897136688,0.2502034604549408,0.5366525650024414,0.628577709197998,0.659277081489563,0.6883156299591064
subj,subj,subjectivity,0.5590000152587891,0.6252326965332031,0.360638827085495,0.47624585032463074,0.7215456366539001,0.8329153060913086,0.24445396661758423,0.21662698686122894,0.6628091931343079,0.6355974674224854,0.6810631155967712,0.6751142144203186
subj,subj,subjectivity,0.5835000276565552,0.6133477091789246,0.4382460117340088,0.47675254940986633,0.6767007112503052,0.8222026228904724,0.23728063702583313,0.22310003638267517,0.5698426365852356,0.6328703761100769,0.6673226952552795,0.679144024848938
subj,subj,subjectivity,0.6169999837875366,0.5916289687156677,0.6134374141693115,0.4603428244590759,0.6469848155975342,0.8097905516624451,0.24161848425865173,0.24416178464889526,0.5319275856018066,0.6164000630378723,0.6763397455215454,0.6863718032836914
subj,subj,subjectivity,0.5669999718666077,0.6084823608398438,0.5304497480392456,0.4680333137512207,0.5743428468704224,0.7962489128112793,0.24640215933322906,0.2192794233560562,0.5202869176864624,0.6316193342208862,0.6859371066093445,0.7010412812232971
subj,subj,subjectivity,0.44200000166893005,0.5862526297569275,0.3065187335014343,0.45943334698677063,0.6621255874633789,0.7751834988594055,0.25822627544403076,0.2353634089231491,0.572763204574585,0.6433174014091492,0.7096256017684937,0.7197898626327515
subj,subj,subjectivity,0.4440000057220459,0.5783534049987793,0.31275808811187744,0.446505606174469,0.5722430944442749,0.7643580436706543,0.28106048703193665,0.2452537715435028,0.6359866857528687,0.6657248139381409,0.7574994564056396,0.7582379579544067
subj,subj,subjectivity,0.5164999961853027,0.5826189517974854,0.47424378991127014,0.44804009795188904,0.6867296099662781,0.766692578792572,0.24695917963981628,0.24095197021961212,0.516381561756134,0.6629744172096252,0.6870507001876831,0.7308996319770813
subj,subj,subjectivity,0.5845000147819519,0.604964017868042,0.42681729793548584,0.49108484387397766,0.6983099579811096,0.786444902420044,0.235874205827713,0.2518962621688843,0.5760228037834167,0.598980724811554,0.6644130945205688,0.6712884902954102
subj,subj,subjectivity,0.5609999895095825,0.5991623401641846,0.3676092028617859,0.4791053235530853,0.7802895903587341,0.8183262944221497,0.23334600031375885,0.2528200149536133,0.6326276659965515,0.6184748411178589,0.657783567905426,0.6696919798851013
subj,subj,subjectivity,0.5580000281333923,0.5784360766410828,0.35815146565437317,0.4705495238304138,0.7923508882522583,0.772188127040863,0.28734567761421204,0.300897479057312,0.7965131998062134,0.629170835018158,0.7843079566955566,0.6999833583831787
subj,subj,subjectivity,0.6685000061988831,0.598400354385376,0.6464941501617432,0.49136173725128174,0.7329769134521484,0.7828410863876343,0.2324952483177185,0.2612970173358917,0.5409047603607178,0.5988385081291199,0.6578694581985474,0.6646260619163513
subj,subj,subjectivity,0.625,0.6078978180885315,0.6178269982337952,0.4715878367424011,0.7221304774284363,0.8293173313140869,0.23866979777812958,0.23646576702594757,0.5385604500770569,0.6279327869415283,0.6702857613563538,0.6937544941902161
subj,subj,subjectivity,0.6830000281333923,0.5872082710266113,0.6722630262374878,0.4735773801803589,0.7444807291030884,0.7708026766777039,0.23279860615730286,0.2711554169654846,0.5368053913116455,0.6186614632606506,0.658525824546814,0.6789445877075195
subj,subj,subjectivity,0.671500027179718,0.601155161857605,0.6714637875556946,0.47450774908065796,0.7415477633476257,0.8111962676048279,0.2349623292684555,0.2457381784915924,0.5359870791435242,0.6191018223762512,0.6628627777099609,0.6929851174354553
subj,subj,subjectivity,0.4634999930858612,0.6026970148086548,0.3622189164161682,0.48729580640792847,0.6998441219329834,0.7735235691070557,0.2506847679615021,0.2576633393764496,0.5663108825683594,0.6095024943351746,0.6942970156669617,0.6877970695495605
subj,subj,subjectivity,0.6424999833106995,0.5879793763160706,0.5713140368461609,0.4804321229457855,0.7614526152610779,0.7669811844825745,0.22878704965114594,0.2784711420536041,0.5563753843307495,0.6200130581855774,0.6501626968383789,0.6703765392303467
subj,subj,subjectivity,0.5580000281333923,0.5723024010658264,0.35815146565437317,0.4894537031650543,0.7974606156349182,0.7530885934829712,0.29554978013038635,0.31668251752853394,0.8125937581062317,0.590721070766449,0.807895302772522,0.6933073401451111
subj,subj,subjectivity,0.5600000023841858,0.5878584384918213,0.36616867780685425,0.47083547711372375,0.6451932191848755,0.7847358584403992,0.25178617238998413,0.25293973088264465,0.6749957799911499,0.6371437311172485,0.6974977254867554,0.7082729339599609
subj,subj,subjectivity,0.621999979019165,0.6136033535003662,0.5327743887901306,0.4755912125110626,0.7433860301971436,0.828192949295044,0.2307807356119156,0.24091310799121857,0.5581143498420715,0.6068580150604248,0.6541956663131714,0.6709518432617188
subj,subj,subjectivity,0.5065000057220459,0.6023377776145935,0.465004563331604,0.47839921712875366,0.6580294370651245,0.7959127426147461,0.24728141725063324,0.24523544311523438,0.5569429397583008,0.6193919777870178,0.687524676322937,0.6919713616371155
subj,subj,subjectivity,0.5774999856948853,0.5746395587921143,0.41289252042770386,0.46206292510032654,0.7635680437088013,0.75364750623703,0.22997300326824188,0.2893694043159485,0.6013396382331848,0.6174854636192322,0.6516724824905396,0.6914510726928711
subj,subj,subjectivity,0.5580000281333923,0.6156432032585144,0.35815146565437317,0.4710060954093933,0.6619486808776855,0.820699155330658,0.25077685713768005,0.2170618325471878,0.6703606247901917,0.6301668882369995,0.6950355768203735,0.6662308573722839
subj,subj,subjectivity,0.5885000228881836,0.6306508779525757,0.5878569483757019,0.5274075269699097,0.6347177624702454,0.7858326435089111,0.24370205402374268,0.2480829656124115,0.5305702090263367,0.598790168762207,0.6804890036582947,0.7002938389778137
subj,subj,subjectivity,0.4494999945163727,0.5838085412979126,0.33662211894989014,0.46153488755226135,0.687157392501831,0.7958655953407288,0.2585800886154175,0.2561210095882416,0.5986957550048828,0.608979344367981,0.7102266550064087,0.6925457715988159
subj,subj,subjectivity,0.48399999737739563,0.5828761458396912,0.4105491042137146,0.4284437298774719,0.6346625089645386,0.7858409881591797,0.25024688243865967,0.22869685292243958,0.5472258925437927,0.6429476141929626,0.6936107277870178,0.7051206231117249
subj,subj,subjectivity,0.5580000281333923,0.6048815846443176,0.35815146565437317,0.48805832862854004,0.7871098518371582,0.8118093013763428,0.2620904743671417,0.2534407079219818,0.7396572232246399,0.6045036911964417,0.7193983793258667,0.6742096543312073
subj,subj,subjectivity,0.5364999771118164,0.5809879302978516,0.5361984372138977,0.44636163115501404,0.5435236692428589,0.7623303532600403,0.24896873533725739,0.23981302976608276,0.5319620966911316,0.62440425157547,0.6911053657531738,0.695732831954956
subj,subj,subjectivity,0.46050000190734863,0.615981936454773,0.3819507360458374,0.4773811399936676,0.6006579399108887,0.8255411982536316,0.2645300626754761,0.21928291022777557,0.6030036807060242,0.6275910139083862,0.7228142619132996,0.6839641332626343
subj,subj,subjectivity,0.6175000071525574,0.6005893349647522,0.5663303136825562,0.4637060761451721,0.6563939452171326,0.7995107769966125,0.2377513200044632,0.2374672293663025,0.5468341112136841,0.6564540266990662,0.668457567691803,0.7123202681541443
subj,subj,subjectivity,0.7089999914169312,0.6180159449577332,0.6651153564453125,0.4868369698524475,0.8077257871627808,0.8284186124801636,0.20534321665763855,0.23084880411624908,0.6145513653755188,0.6799058318138123,0.5996400713920593,0.7030971050262451
subj,subj,subjectivity,0.6194999814033508,0.594021201133728,0.5268552899360657,0.4405697286128998,0.7405691146850586,0.8138359189033508,0.23199161887168884,0.23785877227783203,0.5563440322875977,0.6276043653488159,0.6566888093948364,0.6837751269340515
subj,subj,subjectivity,0.6284999847412109,0.6229268908500671,0.5523253679275513,0.49126997590065,0.7366899251937866,0.8099245429039001,0.23238353431224823,0.2302754819393158,0.5501610040664673,0.6192879676818848,0.6575479507446289,0.6818639636039734
subj,subj,subjectivity,0.7009999752044678,0.6237970590591431,0.6423338055610657,0.4851033091545105,0.916854202747345,0.810920000076294,0.22193463146686554,0.2157076895236969,0.5472484827041626,0.6680450439453125,0.6364603638648987,0.6879595518112183
subj,subj,subjectivity,0.5699999928474426,0.6076578497886658,0.39392146468162537,0.49654555320739746,0.6783919334411621,0.8002751469612122,0.23774750530719757,0.24585390090942383,0.5859106183052063,0.5880575180053711,0.6681198477745056,0.681026816368103
subj,subj,subjectivity,0.5590000152587891,0.5949189066886902,0.366742342710495,0.48352736234664917,0.4933180809020996,0.7530567646026611,0.25402116775512695,0.23903273046016693,0.6162852644920349,0.6139445304870605,0.7030954957008362,0.698133647441864
subj,subj,subjectivity,0.5584999918937683,0.6228313446044922,0.36043018102645874,0.5121080875396729,0.6958179473876953,0.8033115863800049,0.2396753877401352,0.2264239490032196,0.5835341215133667,0.5828859806060791,0.6721014976501465,0.6392567157745361
subj,subj,subjectivity,0.5745000243186951,0.606342077255249,0.43076446652412415,0.486645370721817,0.5944656133651733,0.788036048412323,0.24448144435882568,0.23374491930007935,0.5339835286140442,0.5969059467315674,0.6820747256278992,0.6658434271812439
subj,subj,subjectivity,0.6389999985694885,0.5848590135574341,0.5791907906532288,0.491104394197464,0.7411372661590576,0.7956469655036926,0.23033194243907928,0.2752968668937683,0.5523049235343933,0.5921093821525574,0.6533554792404175,0.6936101317405701
subj,subj,subjectivity,0.5580000281333923,0.561320960521698,0.35815146565437317,0.4622921347618103,0.7835099101066589,0.7507245540618896,0.26421818137168884,0.3138328492641449,0.7442344427108765,0.6100993752479553,0.7244865894317627,0.685266375541687
subj,subj,subjectivity,0.5580000281333923,0.5865945219993591,0.35815146565437317,0.46507883071899414,0.773603618144989,0.8021851181983948,0.24306637048721313,0.26053377985954285,0.6761668920516968,0.6235589385032654,0.677375078201294,0.6777696013450623
subj,subj,subjectivity,0.5669999718666077,0.588749349117279,0.38404637575149536,0.45751604437828064,0.7604364156723022,0.8112614154815674,0.23183020949363708,0.2566082775592804,0.6181386113166809,0.6316993832588196,0.6550514101982117,0.6828746795654297
subj,subj,subjectivity,0.5625,0.5804272294044495,0.37226465344429016,0.47831210494041443,0.7591242790222168,0.7877051830291748,0.23419548571109772,0.2874600887298584,0.6331928968429565,0.5969609022140503,0.6595826148986816,0.6948914527893066
subj,subj,subjectivity,0.6154999732971191,0.6142345666885376,0.5304962396621704,0.47710010409355164,0.7138206958770752,0.8299933075904846,0.23527629673480988,0.23088565468788147,0.546786367893219,0.6172534227371216,0.6634523272514343,0.6844088435173035
subj,subj,subjectivity,0.671999990940094,0.6077038049697876,0.6515960693359375,0.4795379936695099,0.7372184991836548,0.8299752473831177,0.23239567875862122,0.2369009107351303,0.5397636294364929,0.6092972159385681,0.6576703786849976,0.663967490196228
subj,subj,subjectivity,0.4415000081062317,0.6053339838981628,0.307037353515625,0.46609747409820557,0.6701844930648804,0.8116111755371094,0.2724250257015228,0.2277027815580368,0.6300727128982544,0.6220935583114624,0.7389692664146423,0.6862354278564453
subj,subj,subjectivity,0.6794999837875366,0.6109641790390015,0.6517037749290466,0.47318390011787415,0.7536536455154419,0.8212111592292786,0.23059368133544922,0.2400999218225479,0.5430240035057068,0.6239510774612427,0.6540089249610901,0.6809038519859314
subj,subj,subjectivity,0.5584999918937683,0.5901689529418945,0.35939639806747437,0.45281392335891724,0.6304163932800293,0.782169759273529,0.24600893259048462,0.2425498515367508,0.6275049448013306,0.6289807558059692,0.6849874258041382,0.6942256689071655
subj,subj,subjectivity,0.5320000052452087,0.5918323397636414,0.49806949496269226,0.46793442964553833,0.6438977718353271,0.7858946919441223,0.2468803972005844,0.24756589531898499,0.5284982323646545,0.6366304159164429,0.6868749856948853,0.7090423703193665
subj,subj,subjectivity,0.6330000162124634,0.6069016456604004,0.5769472122192383,0.49489763379096985,0.7171955704689026,0.8000860810279846,0.23343220353126526,0.25929513573646545,0.5476341247558594,0.6066639423370361,0.6597076654434204,0.6781036257743835
subj,subj,subjectivity,0.5995000004768372,0.5987608432769775,0.5041584968566895,0.45916154980659485,0.5990695953369141,0.7975043058395386,0.24049919843673706,0.22736504673957825,0.5838243961334229,0.6405134797096252,0.6740931868553162,0.7041642665863037
subj,subj,subjectivity,0.46549999713897705,0.5849019885063171,0.37776467204093933,0.45395219326019287,0.6535653471946716,0.7333642840385437,0.2548690140247345,0.24621881544589996,0.5800788998603821,0.6562668085098267,0.702863335609436,0.7559887766838074
subj,subj,subjectivity,0.5864999890327454,0.590109646320343,0.44381505250930786,0.4474169611930847,0.7344173192977905,0.8030961155891418,0.23304004967212677,0.23508501052856445,0.5707774758338928,0.6016344428062439,0.6586219072341919,0.6706564426422119
subj,subj,subjectivity,0.4334999918937683,0.5801757574081421,0.3797013461589813,0.45014500617980957,0.461587131023407,0.7474098205566406,0.2601777911186218,0.24912814795970917,0.5467625260353088,0.6385005712509155,0.7136613130569458,0.7617738842964172
subj,subj,subjectivity,0.5699999928474426,0.597589373588562,0.4447134733200073,0.48239555954933167,0.5835862159729004,0.7714124917984009,0.24278636276721954,0.22908787429332733,0.5633071064949036,0.6274932026863098,0.6786238551139832,0.7045376896858215
subj,subj,subjectivity,0.6179999709129333,0.6038475036621094,0.6038491129875183,0.47970977425575256,0.6576741337776184,0.804330587387085,0.23479297757148743,0.22837750613689423,0.5572077035903931,0.5958312153816223,0.6623114943504333,0.6800987124443054
subj,subj,subjectivity,0.6420000195503235,0.598937451839447,0.6312164068222046,0.45604047179222107,0.672234058380127,0.8145228624343872,0.23752422630786896,0.22222717106342316,0.5395216941833496,0.6219363212585449,0.6680334806442261,0.6753032207489014
subj,subj,subjectivity,0.5795000195503235,0.5850620865821838,0.5433109402656555,0.4284799098968506,0.5470693707466125,0.8023698329925537,0.2479647845029831,0.2254233956336975,0.5400216579437256,0.6438329815864563,0.6893279552459717,0.7061910629272461
subj,subj,subjectivity,0.565500020980835,0.6134899854660034,0.4131627678871155,0.4834962785243988,0.6159811615943909,0.7764030694961548,0.30561670660972595,0.23733781278133392,0.8206079006195068,0.6934281587600708,0.8939248323440552,0.7459023594856262
subj,subj,subjectivity,0.5609999895095825,0.6033898591995239,0.36961427330970764,0.449594110250473,0.7071341872215271,0.8015881776809692,0.2519265413284302,0.21874740719795227,0.7191175818443298,0.6737086176872253,0.6977614164352417,0.7059797644615173
subj,subj,subjectivity,0.4555000066757202,0.5774312615394592,0.4235287606716156,0.4379139542579651,0.5067381858825684,0.7809094786643982,0.37571442127227783,0.23532596230506897,0.7894787192344666,0.6707475185394287,1.0891404151916504,0.7665237188339233
subj,subj,subjectivity,0.4675000011920929,0.5645840764045715,0.3884650766849518,0.4332038462162018,0.5651887059211731,0.7505748271942139,0.280920147895813,0.26140791177749634,0.6417369842529297,0.6301007270812988,0.7595720887184143,0.750757098197937
subj,subj,subjectivity,0.6019999980926514,0.594161868095398,0.5811721086502075,0.46753227710723877,0.5992342829704285,0.7782623171806335,0.2495647817850113,0.23706425726413727,0.6689192056655884,0.6424363255500793,0.7027634382247925,0.7389776706695557
subj,subj,subjectivity,0.4749999940395355,0.5808656811714172,0.4017094075679779,0.43707603216171265,0.5935564041137695,0.7883105278015137,0.3030981421470642,0.23211891949176788,0.7028073668479919,0.6485186219215393,0.8205273747444153,0.7355659008026123
subj,subj,subjectivity,0.5759999752044678,0.6152644753456116,0.4427497684955597,0.4995107650756836,0.6304746866226196,0.8048974275588989,0.3642422556877136,0.24243520200252533,0.9128172397613525,0.7547629475593567,1.4010509252548218,0.8330714106559753
subj,subj,subjectivity,0.4715000092983246,0.5735417008399963,0.417879581451416,0.4299982190132141,0.5307913422584534,0.7537451982498169,0.28985750675201416,0.24200008809566498,0.6528403759002686,0.6213294863700867,0.7842842936515808,0.7464760541915894
subj,subj,subjectivity,0.5460000038146973,0.5906884074211121,0.5451589822769165,0.4514138996601105,0.5988349318504333,0.7818371057510376,0.24696266651153564,0.22902271151542664,0.6001322865486145,0.626190185546875,0.6872474551200867,0.6996556520462036
subj,subj,subjectivity,0.6134999990463257,0.5868805050849915,0.5874022841453552,0.45962703227996826,0.6138266324996948,0.7761246562004089,0.24652895331382751,0.24334801733493805,0.6730039715766907,0.6347744464874268,0.6991993188858032,0.733234167098999
subj,subj,subjectivity,0.4505000114440918,0.6156905889511108,0.33178308606147766,0.4716567099094391,0.6439509987831116,0.8260946869850159,0.25840649008750916,0.21004173159599304,0.5800720453262329,0.6069932579994202,0.710006058216095,0.6945266127586365
subj,subj,subjectivity,0.5590000152587891,0.6064521074295044,0.360638827085495,0.4775429964065552,0.7039488554000854,0.8041439652442932,0.23936358094215393,0.2365805208683014,0.6136637926101685,0.603598415851593,0.6710917949676514,0.6775981187820435
subj,subj,subjectivity,0.4480000138282776,0.5898433327674866,0.44318410754203796,0.4454045295715332,0.44548797607421875,0.7619637250900269,0.2558312714099884,0.22759763896465302,0.5311797857284546,0.6555960774421692,0.7048828601837158,0.7196491956710815
subj,subj,subjectivity,0.5529999732971191,0.6091145277023315,0.5030633211135864,0.4696122109889984,0.8420881628990173,0.8061106204986572,0.23741674423217773,0.21128278970718384,0.5409180521965027,0.6432627439498901,0.6677172183990479,0.71141117811203
subj,subj,subjectivity,0.5910000205039978,0.5847803950309753,0.4532056450843811,0.4451819360256195,0.6948919892311096,0.7899488210678101,0.24122828245162964,0.22335132956504822,0.5347374081611633,0.5942376255989075,0.6755355000495911,0.6999062299728394
subj,subj,subjectivity,0.7089999914169312,0.6414794921875,0.6670385599136353,0.5013372302055359,0.8173310160636902,0.8307380080223083,0.2380630373954773,0.19586332142353058,0.5227163434028625,0.631139874458313,0.6692166924476624,0.6392450332641602
subj,subj,subjectivity,0.49799999594688416,0.5660274028778076,0.4948473274707794,0.4283173084259033,0.486593097448349,0.7547987699508667,0.2523777186870575,0.2361898124217987,0.5340932607650757,0.6219899654388428,0.6979573965072632,0.7568240165710449
subj,subj,subjectivity,0.5490000247955322,0.6095083951950073,0.5443519353866577,0.47059208154678345,0.6301006078720093,0.8031840324401855,0.2447710782289505,0.21829314529895782,0.5313535332679749,0.6148911118507385,0.6826370358467102,0.6768324971199036
subj,subj,subjectivity,0.5580000281333923,0.5722795128822327,0.36730512976646423,0.4411197602748871,0.47693464159965515,0.7012548446655273,0.24794375896453857,0.22970640659332275,0.5547145009040833,0.5770926475524902,0.6890594959259033,0.7414336204528809
subj,subj,subjectivity,0.5720000267028809,0.6198063492774963,0.42780444025993347,0.49199429154396057,0.6463645100593567,0.8002011775970459,0.3130360543727875,0.2232121229171753,0.8492795825004578,0.6648263931274414,0.9737793207168579,0.7259191274642944
subj,subj,subjectivity,0.5220000147819519,0.5629584789276123,0.4557042419910431,0.4321112334728241,0.46349477767944336,0.7166768312454224,0.4061111509799957,0.26270791888237,0.9019818305969238,0.7441946268081665,1.9760301113128662,0.9272083044052124
subj,subj,subjectivity,0.550000011920929,0.596622884273529,0.4138152003288269,0.47177571058273315,0.43195033073425293,0.7669011354446411,0.4172723591327667,0.2641793191432953,0.9443798661231995,0.7920805215835571,2.3950161933898926,0.9682978987693787
subj,subj,subjectivity,0.5699999928474426,0.6105828285217285,0.5222986340522766,0.4850938618183136,0.5925503373146057,0.7943810224533081,0.32555559277534485,0.24063576757907867,0.8414168357849121,0.7578455209732056,1.068212628364563,0.8341790437698364
subj,subj,subjectivity,0.559499979019165,0.5995066165924072,0.5502383708953857,0.4650503396987915,0.5868648290634155,0.7829776406288147,0.2966286242008209,0.2337334156036377,0.7789292931556702,0.7022830247879028,0.8862467408180237,0.7782343626022339
subj,subj,subjectivity,0.5335000157356262,0.6080811023712158,0.40159299969673157,0.5031895637512207,0.457774817943573,0.760136067867279,0.4189157783985138,0.26792457699775696,0.9378275275230408,0.7898374795913696,2.326442003250122,0.9774556159973145
subj,subj,subjectivity,0.5410000085830688,0.579276978969574,0.43747174739837646,0.4618334472179413,0.4607645571231842,0.7575023174285889,0.4149707555770874,0.28110477328300476,0.9334388971328735,0.803551435470581,2.1131017208099365,1.0049370527267456
subj,subj,subjectivity,0.5649999976158142,0.6074436902999878,0.42902594804763794,0.4767208993434906,0.5643549561500549,0.7736425995826721,0.37336164712905884,0.24932575225830078,0.9040490984916687,0.7621816396713257,1.5750761032104492,0.9164544343948364
subj,subj,subjectivity,0.5485000014305115,0.6252020001411438,0.3868136405944824,0.5245997309684753,0.45822182297706604,0.796148419380188,0.4096657335758209,0.23366783559322357,0.9379146695137024,0.7238176465034485,1.9839427471160889,0.7828359603881836
subj,subj,subjectivity,0.5295000076293945,0.5769984126091003,0.4110266864299774,0.46467024087905884,0.3773546814918518,0.7340480089187622,0.44135424494743347,0.28432342410087585,0.9550310969352722,0.8302268385887146,3.3603734970092773,1.0640888214111328
subj,subj,subjectivity,0.5320000052452087,0.599723756313324,0.38412949442863464,0.4991437494754791,0.45948582887649536,0.7482481002807617,0.4375353753566742,0.2792898714542389,0.9568453431129456,0.7886849045753479,2.8488729000091553,0.9689504504203796
subj,subj,subjectivity,0.5429999828338623,0.5603069067001343,0.49510350823402405,0.43567317724227905,0.5424370169639587,0.7398611903190613,0.3568751811981201,0.26138654351234436,0.8503739237785339,0.6971154808998108,1.236627459526062,0.8252676725387573
subj,subj,subjectivity,0.5429999828338623,0.5908481478691101,0.45065513253211975,0.46000605821609497,0.5278046131134033,0.7762561440467834,0.3398358225822449,0.23131757974624634,0.8289206027984619,0.6500433683395386,1.1164883375167847,0.7328193187713623
subj,subj,subjectivity,0.5479999780654907,0.5700415968894958,0.39571869373321533,0.46509429812431335,0.4253966510295868,0.6990353465080261,0.43297073245048523,0.2925908863544464,0.9707062244415283,0.8114834427833557,3.0702972412109375,1.05314040184021
subj,subj,subjectivity,0.5245000123977661,0.583686351776123,0.4054345488548279,0.4789600074291229,0.35983291268348694,0.7162359952926636,0.45210424065589905,0.2835020422935486,0.9635392427444458,0.810452401638031,3.397763729095459,1.059187650680542
subj,subj,subjectivity,0.531000018119812,0.5852628946304321,0.5309770107269287,0.44824206829071045,0.5476440787315369,0.7592869997024536,0.3489116132259369,0.23747685551643372,0.8138538599014282,0.6781924962997437,1.16604745388031,0.7557528614997864
subj,subj,subjectivity,0.5005000233650208,0.5650654435157776,0.491436243057251,0.4261758327484131,0.5494701862335205,0.7601430416107178,0.35493433475494385,0.2524832487106323,0.799938440322876,0.671269953250885,1.076827049255371,0.7967387437820435
subj,subj,subjectivity,0.5745000243186951,0.604752242565155,0.5430105924606323,0.4887523949146271,0.6151615977287292,0.7879274487495422,0.31102198362350464,0.23960945010185242,0.8352951407432556,0.7147819399833679,1.0261831283569336,0.7721604108810425
subj,subj,subjectivity,0.5619999766349792,0.5649431347846985,0.4418277442455292,0.44343554973602295,0.5613905787467957,0.7310177087783813,0.3668071925640106,0.27072522044181824,0.8948256373405457,0.7070189714431763,1.5370033979415894,0.8537510633468628
subj,subj,subjectivity,0.531499981880188,0.5612348914146423,0.4843112528324127,0.43095144629478455,0.5007004141807556,0.7316634654998779,0.3460662066936493,0.2566625475883484,0.8134574890136719,0.6767142415046692,1.1684128046035767,0.7933770418167114
subj,subj,subjectivity,0.515999972820282,0.6001756191253662,0.4123360812664032,0.49271297454833984,0.4209229350090027,0.7659465074539185,0.4353705644607544,0.2729896903038025,0.9359668493270874,0.7813626527786255,2.4132473468780518,0.9188706874847412
subj,subj,subjectivity,0.5485000014305115,0.6091066598892212,0.37259402871131897,0.5224611759185791,0.4074450731277466,0.726096510887146,0.4321553111076355,0.2740583121776581,0.9719299674034119,0.7798227667808533,2.7813010215759277,0.9389961957931519
subj,subj,subjectivity,0.5419999957084656,0.5801989436149597,0.44836291670799255,0.4701386094093323,0.5219579935073853,0.7493586540222168,0.3943862020969391,0.2666946351528168,0.9149888753890991,0.7204670310020447,1.9395197629928589,0.849035382270813
subj,subj,subjectivity,0.5350000262260437,0.6027150750160217,0.4545736014842987,0.48772475123405457,0.4696141183376312,0.8089417815208435,0.3979604244232178,0.263888955116272,0.8972823619842529,0.7839608192443848,1.7098439931869507,0.8580511212348938
subj,subj,subjectivity,0.534500002861023,0.5828673839569092,0.41464486718177795,0.46453458070755005,0.5291416049003601,0.749641478061676,0.40699851512908936,0.2709508538246155,0.9255380630493164,0.7872774600982666,1.9475213289260864,0.9531290531158447
subj,subj,subjectivity,0.5690000057220459,0.5712073445320129,0.5680457949638367,0.44050347805023193,0.5934687256813049,0.7635700702667236,0.2910090684890747,0.258756160736084,0.7642672061920166,0.7314990758895874,0.851969301700592,0.8763514757156372
subj,subj,subjectivity,0.5335000157356262,0.5920405387878418,0.5020003914833069,0.4780344069004059,0.5222052931785583,0.773674726486206,0.37318500876426697,0.25447461009025574,0.867910623550415,0.7041776776313782,1.463417649269104,0.8061590790748596
subj,subj,subjectivity,0.5529999732971191,0.5971227884292603,0.4698666036128998,0.4946996569633484,0.5406555533409119,0.7535244822502136,0.3621624708175659,0.2685387134552002,0.8788862228393555,0.7547954320907593,1.3646982908248901,0.8484715819358826
subj,subj,subjectivity,0.5414999723434448,0.5928071141242981,0.38412541151046753,0.49491819739341736,0.42994534969329834,0.7395377159118652,0.4192443788051605,0.2643357515335083,0.9432095289230347,0.7450418472290039,2.059586763381958,0.9026731252670288
subj,subj,subjectivity,0.5379999876022339,0.569887101650238,0.4919721782207489,0.4390738606452942,0.5453968644142151,0.787220299243927,0.3165312707424164,0.24504801630973816,0.7892778515815735,0.6652011275291443,0.982600748538971,0.7568596601486206
subj,subj,subjectivity,0.5249999761581421,0.5822291970252991,0.3961014747619629,0.4925076365470886,0.3983263671398163,0.6867318153381348,0.44428175687789917,0.3029368221759796,0.9568400979042053,0.8501615524291992,2.9680416584014893,1.2168748378753662
subj,subj,subjectivity,0.5354999899864197,0.5890487432479858,0.41321948170661926,0.4887774586677551,0.3968246579170227,0.7308221459388733,0.4296649098396301,0.27931350469589233,0.9421887397766113,0.8084556460380554,2.504322052001953,1.0283833742141724
subj,subj,subjectivity,0.5364999771118164,0.5736033916473389,0.3832316994667053,0.46669700741767883,0.34803009033203125,0.7257930636405945,0.44042056798934937,0.2918640077114105,0.9635833501815796,0.7798957228660583,3.2379117012023926,1.0401556491851807
subj,subj,subjectivity,0.5080000162124634,0.5136329531669617,0.40201202034950256,0.4030795693397522,0.36056578159332275,0.628336489200592,0.4526483416557312,0.33907997608184814,0.9486428499221802,0.8220429420471191,2.76416015625,1.2421433925628662
subj,subj,subjectivity,0.5360000133514404,0.5942533612251282,0.3746091425418854,0.4761255085468292,0.35781222581863403,0.7241033911705017,0.4412781298160553,0.2659349739551544,0.9629260897636414,0.7860381007194519,2.9614837169647217,0.9597052335739136
subj,subj,subjectivity,0.5105000138282776,0.5357342958450317,0.40351995825767517,0.4391181170940399,0.42321425676345825,0.6631180644035339,0.45930948853492737,0.3342382311820984,0.9638461470603943,0.8108773231506348,3.152503252029419,1.211245059967041
subj,subj,subjectivity,0.5335000157356262,0.5599316954612732,0.4588090181350708,0.4363666772842407,0.4536883234977722,0.7354497313499451,0.4000905752182007,0.26285669207572937,0.8966822028160095,0.7243984341621399,1.905511736869812,0.8896018862724304
subj,subj,subjectivity,0.527999997138977,0.5727074146270752,0.4767363965511322,0.4701969027519226,0.5208404064178467,0.728239119052887,0.39389294385910034,0.27906298637390137,0.8923782706260681,0.736540675163269,1.607323408126831,0.9175638556480408
subj,subj,subjectivity,0.5329999923706055,0.5935799479484558,0.3822457194328308,0.5097199082374573,0.4179798364639282,0.7287116646766663,0.4376170039176941,0.2839072346687317,0.9590128660202026,0.8123022317886353,3.1833608150482178,1.0308451652526855
subj,subj,subjectivity,0.48100000619888306,0.5833950638771057,0.4609197974205017,0.46809056401252747,0.5248265862464905,0.750959038734436,0.3844697177410126,0.2514827847480774,0.8218861818313599,0.6818463206291199,1.2511054277420044,0.7987522482872009
subj,subj,subjectivity,0.534500002861023,0.5533225536346436,0.39923837780952454,0.4500378370285034,0.4295743405818939,0.6854084134101868,0.42894500494003296,0.31121963262557983,0.944434404373169,0.8160068392753601,2.597235679626465,1.1090835332870483
subj,subj,subjectivity,0.5099999904632568,0.5184217691421509,0.393022745847702,0.437705934047699,0.3596317172050476,0.6225669384002686,0.45442795753479004,0.365031898021698,0.9495017528533936,0.8470420241355896,2.977199077606201,1.4024431705474854
subj,subj,subjectivity,0.515999972820282,0.5724261999130249,0.4068329334259033,0.48939192295074463,0.3992553949356079,0.7037305235862732,0.4515573978424072,0.32666659355163574,0.9524208307266235,0.8200433254241943,2.874837875366211,1.1545584201812744
subj,subj,subjectivity,0.5274999737739563,0.5244077444076538,0.4078574478626251,0.43561333417892456,0.3845682442188263,0.6089662909507751,0.4441240429878235,0.3728872239589691,0.9606052041053772,0.8403151631355286,3.945788621902466,1.356764793395996
subj,subj,subjectivity,0.5184999704360962,0.5189482569694519,0.41507306694984436,0.43831002712249756,0.39551860094070435,0.5988797545433044,0.4562430679798126,0.38211753964424133,0.9660452604293823,0.8807695508003235,3.6316540241241455,1.4857618808746338
subj,subj,subjectivity,0.5074999928474426,0.5923539996147156,0.4999968409538269,0.4840165078639984,0.5014601349830627,0.7592676877975464,0.35176125168800354,0.2567225992679596,0.7945240139961243,0.7149003148078918,1.0597243309020996,0.8427737951278687
subj,subj,subjectivity,0.5289999842643738,0.5663745403289795,0.417191743850708,0.4738585948944092,0.4659229516983032,0.6939963698387146,0.42368581891059875,0.2990446388721466,0.9348564147949219,0.800997257232666,2.18070650100708,1.1025044918060303
subj,subj,subjectivity,0.5295000076293945,0.5259655714035034,0.41558438539505005,0.44195330142974854,0.4478244185447693,0.6504531502723694,0.44247716665267944,0.35913321375846863,0.960590660572052,0.8419243097305298,3.1817946434020996,1.3512541055679321
subj,subj,subjectivity,0.512499988079071,0.5697928071022034,0.46122342348098755,0.45896318554878235,0.482738733291626,0.7481694221496582,0.4018024206161499,0.27557334303855896,0.8839800357818604,0.7457159161567688,1.5393376350402832,0.9397189021110535
subj,subj,subjectivity,0.531499981880188,0.5646457672119141,0.3846600353717804,0.4694357216358185,0.31611108779907227,0.6940286159515381,0.43982332944869995,0.3069995939731598,0.9563882350921631,0.7923328876495361,2.9235782623291016,1.057533621788025
subj,subj,subjectivity,0.5580000281333923,0.5697981119155884,0.35815146565437317,0.5080621242523193,0.8126241564750671,0.7379834055900574,0.3029491901397705,0.34637704491615295,0.8283471465110779,0.591823399066925,0.830460786819458,0.6885192394256592
subj,subj,subjectivity,0.5580000281333923,0.5624808073043823,0.35815146565437317,0.48254403471946716,0.7962559461593628,0.7117117643356323,0.2941076159477234,0.34777671098709106,0.8093246817588806,0.594362199306488,0.8036410212516785,0.6897265911102295
subj,subj,subjectivity,0.7105000019073486,0.5951128005981445,0.7101346850395203,0.45853590965270996,0.7951951622962952,0.7951315641403198,0.23934349417686462,0.23528432846069336,0.5182415843009949,0.6192502379417419,0.6717878580093384,0.7299776077270508
subj,subj,subjectivity,0.4950000047683716,0.5910238027572632,0.46955955028533936,0.45468997955322266,0.5952714681625366,0.7985696792602539,0.2528679072856903,0.24952398240566254,0.5808001756668091,0.6313848495483398,0.6988760828971863,0.6958723068237305
sst2,sst2,sst2,0.8579999804496765,0.7802542448043823,0.851050615310669,0.7487977743148804,0.9585011005401611,0.9220922589302063,0.10968010127544403,0.16915372014045715,0.7647382020950317,0.7403264045715332,0.36229029297828674,0.4641525149345398
sst2,sst2,sst2,0.8500000238418579,0.6889543533325195,0.8440707921981812,0.6607480049133301,0.9378111958503723,0.8432913422584534,0.1786220669746399,0.26262423396110535,0.5984841585159302,0.6452986001968384,0.5457243919372559,0.583111584186554
sst2,sst2,sst2,0.8615000247955322,0.7973155379295349,0.8548202514648438,0.7805886268615723,0.9605364799499512,0.9303429126739502,0.09937560558319092,0.16027624905109406,0.8378138542175293,0.7859501838684082,0.3207113742828369,0.4551420509815216
sst2,sst2,sst2,0.8824999928474426,0.7503435015678406,0.8823757767677307,0.7304844856262207,0.9646437168121338,0.8920915722846985,0.08748086541891098,0.20933197438716888,0.8503457903862,0.7651658654212952,0.28938719630241394,0.5134550333023071
sst2,sst2,sst2,0.8815000057220459,0.8118343353271484,0.8774172067642212,0.8042864799499512,0.9612957239151001,0.9344046115875244,0.08671288937330246,0.15418322384357452,0.9065243601799011,0.8048895001411438,0.28845006227493286,0.4325786828994751
sst2,sst2,sst2,0.5580000281333923,0.6568504571914673,0.35815146565437317,0.6121044158935547,0.8966401815414429,0.8035421371459961,0.2585933208465576,0.2790870666503906,0.7780177593231201,0.6499625444412231,0.7068221569061279,0.5813347101211548
sst2,sst2,sst2,0.8725000023841858,0.7620007395744324,0.8672701716423035,0.7357090711593628,0.9623554348945618,0.917131781578064,0.10152553766965866,0.1774870604276657,0.7745634317398071,0.7859705090522766,0.342151403427124,0.481917142868042
sst2,sst2,sst2,0.8989999890327454,0.7791149020195007,0.898332953453064,0.761447012424469,0.9629519581794739,0.9096466898918152,0.077757827937603,0.18643315136432648,0.850662350654602,0.7578504085540771,0.26636838912963867,0.48724687099456787
sst2,sst2,sst2,0.8395000100135803,0.7620764970779419,0.8285703063011169,0.7489074468612671,0.9613549709320068,0.8950036764144897,0.11390941590070724,0.20273487269878387,0.8319007754325867,0.7402328252792358,0.3566044569015503,0.4780820608139038
sst2,sst2,sst2,0.902999997138977,0.8470566868782043,0.9024803042411804,0.8441609740257263,0.9644491076469421,0.9535220265388489,0.07674562931060791,0.12730830907821655,0.9450280070304871,0.8714039921760559,0.2782072424888611,0.3947686553001404
sst2,sst2,sst2,0.878000020980835,0.7529299855232239,0.87541663646698,0.7187288999557495,0.9490960240364075,0.9065314531326294,0.15717869997024536,0.19561658799648285,0.6291409134864807,0.73009192943573,0.49804019927978516,0.5222901701927185
sst2,sst2,sst2,0.8654999732971191,0.7893809080123901,0.8654972910881042,0.7727206945419312,0.9635535478591919,0.916284441947937,0.09981190413236618,0.17371554672718048,0.9184172749519348,0.7962086796760559,0.330033540725708,0.4554533362388611
sst2,sst2,sst2,0.8765000104904175,0.7186608910560608,0.872482419013977,0.6845184564590454,0.9535661935806274,0.8667129874229431,0.1446436643600464,0.23192688822746277,0.6544478535652161,0.7174187898635864,0.4674491882324219,0.5418360829353333
sst2,sst2,sst2,0.9045000076293945,0.8515955805778503,0.9028711318969727,0.8500540852546692,0.9653335213661194,0.9572052359580994,0.07314562052488327,0.12978115677833557,0.9445226192474365,0.8585007190704346,0.25945842266082764,0.4007297158241272
sst2,sst2,sst2,0.9085000157356262,0.812772274017334,0.90765780210495,0.7982689738273621,0.9655154943466187,0.9322798252105713,0.07235628366470337,0.1528911590576172,0.8663167357444763,0.8038352727890015,0.24914589524269104,0.43659693002700806
sst2,sst2,sst2,0.9054999947547913,0.8495237827301025,0.904555082321167,0.8410618305206299,0.9613585472106934,0.9542773962020874,0.07918277382850647,0.12251222133636475,0.9684993624687195,0.8747339844703674,0.33825400471687317,0.37702634930610657
sst2,sst2,sst2,0.9014999866485596,0.8101325035095215,0.8988284468650818,0.792199432849884,0.9660106301307678,0.9316866993904114,0.07709871232509613,0.14580141007900238,0.9283784627914429,0.8388922810554504,0.2767355442047119,0.4179244339466095
sst2,sst2,sst2,0.906000018119812,0.7844653725624084,0.9046726822853088,0.7649357318878174,0.9629291892051697,0.9237897992134094,0.07163240015506744,0.16966459155082703,0.8993193507194519,0.7929178476333618,0.24300573766231537,0.4930917024612427
sst2,sst2,sst2,0.9014999866485596,0.8367926478385925,0.8992788791656494,0.8308475017547607,0.9619672298431396,0.9403330683708191,0.07623337209224701,0.13144393265247345,0.922174870967865,0.8599552512168884,0.2773374915122986,0.37297728657722473
sst2,sst2,sst2,0.8445000052452087,0.7528968453407288,0.8444716334342957,0.7178266644477844,0.9419376850128174,0.9086468815803528,0.1726774424314499,0.18968823552131653,0.6122596859931946,0.661234974861145,0.5310737490653992,0.5588362216949463
sst2,sst2,sst2,0.8364999890327454,0.7187767028808594,0.8322319388389587,0.6749316453933716,0.9144321084022522,0.8820149898529053,0.19924956560134888,0.22125057876110077,0.5685824155807495,0.6440180540084839,0.5898829102516174,0.6018286347389221
sst2,sst2,sst2,0.8264999985694885,0.7407081723213196,0.8178014159202576,0.709588348865509,0.9258649349212646,0.8971724510192871,0.15527963638305664,0.19773554801940918,0.6540159583091736,0.6856523156166077,0.48979976773262024,0.5445144772529602
sst2,sst2,sst2,0.8374999761581421,0.7194763422012329,0.8343685269355774,0.678324818611145,0.9079321622848511,0.8752468228340149,0.19716528058052063,0.21897362172603607,0.5727745294570923,0.6500834226608276,0.5852800011634827,0.6124755144119263
sst2,sst2,sst2,0.6890000104904175,0.721534013748169,0.6800776720046997,0.6873695254325867,0.9027276039123535,0.8975699543952942,0.20135585963726044,0.20165888965129852,0.6048245429992676,0.6503036022186279,0.5908535122871399,0.6036320924758911
sst2,sst2,sst2,0.6039999723434448,0.6063388586044312,0.5673639178276062,0.5246343612670898,0.6364611983299255,0.7412087917327881,0.245811328291893,0.2669106721878052,0.5144204497337341,0.5072211623191833,0.6847615838050842,0.6794228553771973
sst2,sst2,sst2,0.7829999923706055,0.6773971319198608,0.7829782962799072,0.6414552330970764,0.887561023235321,0.8348813652992249,0.21201305091381073,0.2526876628398895,0.5568529963493347,0.588762104511261,0.6161485314369202,0.649463415145874
sst2,sst2,sst2,0.7749999761581421,0.7740236520767212,0.7486100792884827,0.7463767528533936,0.9370109438896179,0.915275514125824,0.17548859119415283,0.1779775470495224,0.627899169921875,0.6402140259742737,0.5356946587562561,0.5256474018096924
sst2,sst2,sst2,0.5580000281333923,0.6610490679740906,0.35815146565437317,0.6003718376159668,0.7298204898834229,0.810366153717041,0.24090321362018585,0.25467604398727417,0.6099684834480286,0.5335748791694641,0.6743543148040771,0.6420143842697144
sst2,sst2,sst2,0.5605000257492065,0.6599997878074646,0.37137749791145325,0.5871403813362122,0.6468895673751831,0.8086955547332764,0.24175164103507996,0.23391105234622955,0.5556684732437134,0.505021333694458,0.6765057444572449,0.6502339839935303
sst2,sst2,sst2,0.8080000281333923,0.7525274157524109,0.79923015832901,0.7167024612426758,0.8987510800361633,0.9011423587799072,0.1784437894821167,0.1887490153312683,0.6119068264961243,0.6428792476654053,0.5433820486068726,0.5713608860969543
sst2,sst2,sst2,0.7480000257492065,0.7168225049972534,0.7445628643035889,0.6707301735877991,0.9366688132286072,0.8792764544487,0.20722757279872894,0.208710715174675,0.5674061179161072,0.6032951474189758,0.6058009266853333,0.6163477301597595
sst2,sst2,sst2,0.765999972820282,0.7501291036605835,0.76597660779953,0.7096610069274902,0.8811497688293457,0.8934424519538879,0.20121562480926514,0.18633678555488586,0.578100323677063,0.6215497255325317,0.592473030090332,0.5527600049972534
sst2,sst2,sst2,0.5625,0.6911037564277649,0.5120660662651062,0.6443274021148682,0.9438012838363647,0.8658783435821533,0.21805045008659363,0.22857362031936646,0.6067931652069092,0.6223408579826355,0.6252998113632202,0.6433345675468445
sst2,sst2,sst2,0.5755000114440918,0.6852514147758484,0.5620098114013672,0.6272761821746826,0.7028180956840515,0.847415566444397,0.244146928191185,0.22020713984966278,0.5211723446846008,0.5344910621643066,0.6814114451408386,0.6271713972091675
sst2,sst2,sst2,0.7009999752044678,0.6870036125183105,0.6467124223709106,0.6169071793556213,0.9099011421203613,0.8679604530334473,0.21054016053676605,0.21093209087848663,0.5692533850669861,0.5827413201332092,0.6124513149261475,0.6580666303634644
sst2,sst2,sst2,0.6890000104904175,0.6466883420944214,0.6778550744056702,0.6019705533981323,0.9316290020942688,0.7735291719436646,0.21014200150966644,0.26481691002845764,0.5741827487945557,0.5325437188148499,0.6110268235206604,0.6682559251785278
sst2,sst2,sst2,0.4429999887943268,0.6266029477119446,0.3085203468799591,0.5636506080627441,0.8639087677001953,0.7553205490112305,0.254173219203949,0.2492692470550537,0.6202613115310669,0.5784047842025757,0.7001636624336243,0.7143429517745972
sst2,sst2,sst2,0.7310000061988831,0.7133083343505859,0.7003119587898254,0.6639533042907715,0.8602439165115356,0.872687041759491,0.195201113820076,0.20189233124256134,0.6070701479911804,0.5748567581176758,0.5781870484352112,0.6175382137298584
sst2,sst2,sst2,0.9120000004768372,0.8319411873817444,0.910902202129364,0.8272573351860046,0.9655859470367432,0.9512502551078796,0.0694480687379837,0.13425906002521515,0.9344175457954407,0.8556455969810486,0.2420503795146942,0.39626970887184143
sst2,sst2,sst2,0.9014999866485596,0.847141444683075,0.9009938836097717,0.8446612358093262,0.9687789082527161,0.963280975818634,0.07620217651128769,0.12471549957990646,0.9482149481773376,0.895039975643158,0.28416717052459717,0.40800997614860535
sst2,sst2,sst2,0.9010000228881836,0.8321748375892639,0.9005125164985657,0.8155020475387573,0.9664368629455566,0.9528464674949646,0.07461710274219513,0.137967050075531,0.9361709952354431,0.8569402098655701,0.26114317774772644,0.4172966182231903
sst2,sst2,sst2,0.9185000061988831,0.8599004745483398,0.9174553155899048,0.8572105765342712,0.9715136885643005,0.9559598565101624,0.07015210390090942,0.11823982745409012,0.9723291397094727,0.8905808329582214,0.29960280656814575,0.36393895745277405
sst2,sst2,sst2,0.8834999799728394,0.8306934833526611,0.8794404864311218,0.8211274743080139,0.9632048606872559,0.9398520588874817,0.08593305945396423,0.1449708342552185,0.8347331285476685,0.8197415471076965,0.28999677300453186,0.41633641719818115
sst2,sst2,sst2,0.8640000224113464,0.7443793416023254,0.8620464205741882,0.7249956130981445,0.9413356184959412,0.8820852637290955,0.17831118404865265,0.206434965133667,0.5949421525001526,0.6810848116874695,0.5454974174499512,0.5211125612258911
sst2,sst2,sst2,0.9204999804496765,0.8621211051940918,0.9195879697799683,0.8576013445854187,0.9622849822044373,0.9633303284645081,0.07278306037187576,0.11795563250780106,0.9832661747932434,0.9142756462097168,0.35344526171684265,0.3934536874294281
sst2,sst2,sst2,0.9129999876022339,0.8198811411857605,0.9118544459342957,0.8131160736083984,0.9690414071083069,0.9300090074539185,0.07182115316390991,0.1572142243385315,0.9700701236724854,0.8475750684738159,0.2947736084461212,0.4204614460468292
sst2,sst2,sst2,0.921999990940094,0.8255398869514465,0.9203483462333679,0.8100660443305969,0.9756868481636047,0.9442999958992004,0.06203635036945343,0.13854050636291504,0.9602834582328796,0.8735303282737732,0.23230406641960144,0.41528409719467163
sst2,sst2,sst2,0.9104999899864197,0.8640024662017822,0.9088510870933533,0.8659582734107971,0.9646508693695068,0.9623364806175232,0.07647433131933212,0.11713548004627228,0.9714304804801941,0.8971975445747375,0.33674120903015137,0.37707656621932983
sst2,sst2,sst2,0.9160000085830688,0.8717672228813171,0.9152021408081055,0.8761575818061829,0.9676405787467957,0.9662467241287231,0.06545435637235641,0.11696985363960266,0.9339507222175598,0.9278684258460999,0.23981454968452454,0.41944459080696106
sst2,sst2,sst2,0.9169999957084656,0.8654717803001404,0.9160020351409912,0.8655847907066345,0.9672067165374756,0.9614826440811157,0.06873898953199387,0.1157870814204216,0.9623197317123413,0.9032302498817444,0.2688199579715729,0.3548582196235657
sst2,sst2,sst2,0.921500027179718,0.8698320388793945,0.920547366142273,0.8707467913627625,0.9735764265060425,0.9654243588447571,0.05901927128434181,0.11106336861848831,0.9322645664215088,0.9179911613464355,0.20705024898052216,0.3817574381828308
sst2,sst2,sst2,0.9185000061988831,0.8673443794250488,0.9178998470306396,0.8642836809158325,0.971882164478302,0.9626001715660095,0.06493178009986877,0.11527878046035767,0.9549685120582581,0.9254782795906067,0.23555231094360352,0.4006480276584625
sst2,sst2,sst2,0.9254999756813049,0.8757708668708801,0.9246453046798706,0.8778303265571594,0.9781104326248169,0.9623215794563293,0.06301399320363998,0.10391490161418915,0.9811334609985352,0.8943519592285156,0.2672613561153412,0.33682259917259216
sst2,sst2,sst2,0.9269999861717224,0.8481524586677551,0.9260726571083069,0.8399938941001892,0.9771546125411987,0.9491779804229736,0.0598587766289711,0.12059051543474197,0.9654261469841003,0.8954444527626038,0.22163932025432587,0.3709469437599182
sst2,sst2,sst2,0.9359999895095825,0.8936275839805603,0.9352446794509888,0.8969784379005432,0.9768444299697876,0.9672110676765442,0.05510249361395836,0.09030551463365555,0.972654402256012,0.9187086224555969,0.22335973381996155,0.30924591422080994
sst2,sst2,sst2,0.9160000085830688,0.8243935108184814,0.915045440196991,0.8222641348838806,0.9723519682884216,0.941637396812439,0.0631566196680069,0.14966045320034027,0.9218934178352356,0.8716478943824768,0.21524295210838318,0.4391375780105591
sst2,sst2,sst2,0.9175000190734863,0.8622766733169556,0.9161798357963562,0.8586470484733582,0.9662098288536072,0.9624696373939514,0.06900222599506378,0.12275857478380203,0.9501173496246338,0.9167910814285278,0.25709423422813416,0.4148802161216736
sst2,sst2,sst2,0.9024999737739563,0.8742988705635071,0.9001157283782959,0.878210723400116,0.9659715890884399,0.9663106799125671,0.07313060760498047,0.10678192973136902,0.9132939577102661,0.9093093872070312,0.2460530400276184,0.35642358660697937
sst2,sst2,sst2,0.909500002861023,0.7901379466056824,0.9086845517158508,0.7684515118598938,0.9683171510696411,0.9179970026016235,0.12509341537952423,0.16300706565380096,0.6790332198143005,0.6861573457717896,0.42530587315559387,0.4908205270767212
sst2,sst2,sst2,0.7279999852180481,0.7860392928123474,0.6812416315078735,0.7624047994613647,0.961238443851471,0.9197618365287781,0.163730189204216,0.16835017502307892,0.6822429895401001,0.6492227911949158,0.5014577507972717,0.4810001254081726
sst2,sst2,sst2,0.8349999785423279,0.766198456287384,0.8229383826255798,0.7368156909942627,0.9569922685623169,0.9168983101844788,0.14844496548175812,0.1644507646560669,0.6662867665290833,0.6928274035453796,0.4730522036552429,0.4721987247467041
sst2,sst2,sst2,0.8889999985694885,0.7139447331428528,0.8888221383094788,0.6697767972946167,0.9705573320388794,0.872460663318634,0.14257213473320007,0.20620687305927277,0.6492003202438354,0.6200299859046936,0.46627214550971985,0.615999162197113
sst2,sst2,sst2,0.9204999804496765,0.7563014030456543,0.9186825156211853,0.7192291617393494,0.971432626247406,0.8881086707115173,0.12083256989717484,0.18477752804756165,0.6855099201202393,0.7620619535446167,0.4152480661869049,0.5302685499191284
sst2,sst2,sst2,0.8809999823570251,0.7834489941596985,0.8807252049446106,0.7637545466423035,0.9602470993995667,0.9288684129714966,0.12149527668952942,0.17532841861248016,0.7081785798072815,0.7425577640533447,0.4072340130805969,0.5118880271911621
sst2,sst2,sst2,0.8999999761581421,0.7401329874992371,0.8995757102966309,0.7140445709228516,0.9657825827598572,0.8919509649276733,0.12887533009052277,0.19322746992111206,0.6798365116119385,0.681230902671814,0.4315328299999237,0.5453441143035889
sst2,sst2,sst2,0.8809999823570251,0.7787119150161743,0.8759377598762512,0.7554277181625366,0.9683825373649597,0.912662148475647,0.11938689649105072,0.17079581320285797,0.7037369012832642,0.6812044978141785,0.40587201714515686,0.5225648283958435
sst2,sst2,sst2,0.8974999785423279,0.8279396295547485,0.8945412039756775,0.821846604347229,0.9700053930282593,0.9382531642913818,0.11771544814109802,0.1363840103149414,0.6976163983345032,0.7215861678123474,0.4047625958919525,0.40817534923553467
sst2,sst2,sst2,0.8445000052452087,0.7502659559249878,0.8352044820785522,0.7326503992080688,0.9602617621421814,0.8924547433853149,0.13871261477470398,0.1950746476650238,0.6820122003555298,0.6541362404823303,0.4500137269496918,0.5473065376281738
sst2,sst2,sst2,0.9190000295639038,0.8723475933074951,0.9178562164306641,0.8735904693603516,0.9716540575027466,0.9618496298789978,0.06367320567369461,0.106857068836689,0.9253425598144531,0.8721936941146851,0.22037705779075623,0.34868451952934265
sst2,sst2,sst2,0.9235000014305115,0.8249303698539734,0.9219817519187927,0.8163436651229858,0.9773542881011963,0.9356759190559387,0.05820612609386444,0.14005857706069946,0.9152918457984924,0.8607797622680664,0.2029045671224594,0.38846635818481445
sst2,sst2,sst2,0.9269999861717224,0.8216936588287354,0.925822377204895,0.8141242265701294,0.9778600931167603,0.9344823360443115,0.05639611557126045,0.13765373826026917,0.9252657890319824,0.8306277990341187,0.1949130743741989,0.39325952529907227
sst2,sst2,sst2,0.9100000262260437,0.8581955432891846,0.9093756675720215,0.8616286516189575,0.9710073471069336,0.9543529748916626,0.06767315417528152,0.12241450697183609,0.9350887537002563,0.8568629026412964,0.22940261662006378,0.3787215054035187
sst2,sst2,sst2,0.9085000157356262,0.8526040315628052,0.9077444076538086,0.8526262640953064,0.9638221859931946,0.9574443101882935,0.06833037734031677,0.11941293627023697,0.926036536693573,0.8870872855186462,0.238026425242424,0.371008038520813
sst2,sst2,sst2,0.9075000286102295,0.8204787969589233,0.9067190289497375,0.817642331123352,0.966680645942688,0.9341204166412354,0.07389702647924423,0.15427932143211365,0.9591251015663147,0.834140956401825,0.2813861668109894,0.4214105010032654
sst2,sst2,sst2,0.9169999957084656,0.8619297742843628,0.9161784648895264,0.8574234843254089,0.9701204299926758,0.9679710268974304,0.06489396095275879,0.10870612412691116,0.9390845894813538,0.91078120470047,0.22863826155662537,0.3658718168735504
sst2,sst2,sst2,0.8999999761581421,0.8505373001098633,0.8966898322105408,0.8374810218811035,0.9638059735298157,0.953006386756897,0.07382704317569733,0.1202809065580368,0.87729811668396,0.8877220153808594,0.25614455342292786,0.39169439673423767
sst2,sst2,sst2,0.9120000004768372,0.8556085824966431,0.9109221696853638,0.8512229323387146,0.9694777727127075,0.9592838287353516,0.0656757578253746,0.12260453402996063,0.940280556678772,0.8829471468925476,0.23032622039318085,0.3993138372898102
sst2,sst2,sst2,0.9129999876022339,0.887241005897522,0.9121736288070679,0.8901469707489014,0.9633483290672302,0.964867889881134,0.07031756639480591,0.09651835262775421,0.9543696045875549,0.911885678768158,0.2631990313529968,0.3181130588054657
sst2,sst2,sst2,0.9235000014305115,0.88210129737854,0.9229884743690491,0.8838078379631042,0.9759899377822876,0.96717369556427,0.0630611702799797,0.09867874532938004,0.9450222849845886,0.922755241394043,0.22899872064590454,0.3298523426055908
sst2,sst2,sst2,0.9235000014305115,0.8717303276062012,0.9227350354194641,0.8731686472892761,0.9745561480522156,0.9620020389556885,0.059503212571144104,0.11322618275880814,0.9399491548538208,0.8980227112770081,0.2082328498363495,0.37995144724845886
sst2,sst2,sst2,0.9330000281333923,0.8716415166854858,0.9321334362030029,0.8643695712089539,0.9764769673347473,0.9613010287284851,0.055882737040519714,0.10066945105791092,0.9700497984886169,0.918945848941803,0.2253785878419876,0.3307076692581177
sst2,sst2,sst2,0.9359999895095825,0.8920097947120667,0.9350005984306335,0.8960080146789551,0.9788002371788025,0.9722869396209717,0.0547298826277256,0.08841954916715622,0.9791318774223328,0.9274853467941284,0.2250598818063736,0.3083555996417999
sst2,sst2,sst2,0.9229999780654907,0.8870812058448792,0.921655535697937,0.8932929039001465,0.9746706485748291,0.9644967317581177,0.06132654473185539,0.09918587654829025,0.9559463262557983,0.9017502069473267,0.2232929766178131,0.32501915097236633
sst2,sst2,sst2,0.9150000214576721,0.8631101250648499,0.9142902493476868,0.8657220602035522,0.9708563685417175,0.9645002484321594,0.06474655866622925,0.1154349222779274,0.9359275102615356,0.9010010361671448,0.2233339548110962,0.3866405189037323
sst2,sst2,sst2,0.9300000071525574,0.8761163949966431,0.9288524389266968,0.8711983561515808,0.9785098433494568,0.9669914245605469,0.056790541857481,0.09659671783447266,0.9619224071502686,0.8804938793182373,0.21167655289173126,0.32259464263916016
sst2,sst2,sst2,0.9319999814033508,0.8693904280662537,0.9309206604957581,0.8696551322937012,0.9751967191696167,0.9599817991256714,0.05668018013238907,0.10710032284259796,0.9622927904129028,0.9174150228500366,0.2137630730867386,0.34559503197669983
sst2,sst2,sst2,0.9319999814033508,0.8566062450408936,0.9309725761413574,0.8615959286689758,0.9768276810646057,0.9514952898025513,0.05491616576910019,0.12047507613897324,0.9546372294425964,0.8700705766677856,0.20317769050598145,0.37729719281196594
sst2,sst2,sst2,0.9269999861717224,0.8342815041542053,0.9264432191848755,0.8125683069229126,0.9746361970901489,0.9526839256286621,0.06140977516770363,0.12881410121917725,0.9640451073646545,0.9267226457595825,0.24841120839118958,0.4561706781387329
sst2,sst2,sst2,0.9334999918937683,0.855817973613739,0.9327799081802368,0.8417366743087769,0.9825390577316284,0.9556624293327332,0.05026169493794441,0.11412545293569565,0.9656404852867126,0.9211432337760925,0.18229827284812927,0.38168588280677795
sst2,sst2,sst2,0.9210000038146973,0.8592156171798706,0.9204911589622498,0.8586947321891785,0.9796719551086426,0.9575270414352417,0.05979352071881294,0.11951953917741776,0.9557831883430481,0.9092495441436768,0.20608551800251007,0.3721500635147095
sst2,sst2,sst2,0.9304999709129333,0.8604598641395569,0.9293331503868103,0.858508288860321,0.9789071679115295,0.9599447846412659,0.05389639735221863,0.1124422550201416,0.9523279666900635,0.9161598682403564,0.19426418840885162,0.3540661036968231
sst2,sst2,sst2,0.9330000281333923,0.8493903279304504,0.9320375919342041,0.848028302192688,0.9807175397872925,0.9488010406494141,0.05135214328765869,0.12179484218358994,0.9532303214073181,0.8759044408798218,0.18178974092006683,0.3555700480937958
sst2,sst2,sst2,0.9369999766349792,0.8932338356971741,0.935967206954956,0.8910674452781677,0.9788828492164612,0.97022545337677,0.051890142261981964,0.09090958535671234,0.9567888975143433,0.9464576244354248,0.22157813608646393,0.3274528980255127
sst2,sst2,sst2,0.9190000295639038,0.8586038947105408,0.9170584082603455,0.8520216345787048,0.9793916940689087,0.9519612193107605,0.06372761726379395,0.10295060276985168,0.9538776278495789,0.8885653018951416,0.2282908409833908,0.3084518015384674
sst2,sst2,sst2,0.9394999742507935,0.8566900491714478,0.9386383295059204,0.8530557155609131,0.9813845157623291,0.958385705947876,0.047842055559158325,0.1154143288731575,0.9567868113517761,0.9123742580413818,0.1738521158695221,0.3577686548233032
sst2,sst2,sst2,0.9399999976158142,0.8587454557418823,0.9394651055335999,0.8543746471405029,0.9838922619819641,0.957173228263855,0.049567535519599915,0.12171147763729095,0.9578977227210999,0.9037888050079346,0.17765724658966064,0.38632550835609436
sst2,sst2,sst2,0.9340000152587891,0.8692615032196045,0.9332642555236816,0.8623610734939575,0.9750771522521973,0.9583932161331177,0.05633660405874252,0.11001849919557571,0.9729573130607605,0.9131706357002258,0.22532440721988678,0.35017773509025574
sst2,sst2,sst2,0.9284999966621399,0.8639230132102966,0.9280679821968079,0.8555117249488831,0.9795645475387573,0.953942596912384,0.05853375792503357,0.12060520052909851,0.9732717275619507,0.9137864708900452,0.22310440242290497,0.3952539563179016
sst2,sst2,sst2,0.9045000076293945,0.722500741481781,0.9027405381202698,0.6910561919212341,0.9618273377418518,0.888836145401001,0.16731271147727966,0.2076580971479416,0.6066504120826721,0.617468535900116,0.5227609276771545,0.5774473547935486
sst2,sst2,sst2,0.8895000219345093,0.6480575799942017,0.8872096538543701,0.6028972268104553,0.950228750705719,0.7903130650520325,0.15913358330726624,0.25760799646377563,0.6257794499397278,0.550293505191803,0.5021445751190186,0.7068786025047302
sst2,sst2,sst2,0.8445000052452087,0.7146299481391907,0.8343530893325806,0.6834453344345093,0.9601335525512695,0.8476666808128357,0.2064000815153122,0.22638946771621704,0.5556949377059937,0.569088339805603,0.6051664352416992,0.5966176986694336
sst2,sst2,sst2,0.8960000276565552,0.7535474300384521,0.8950121402740479,0.7180578708648682,0.9641156196594238,0.8937606811523438,0.18548673391342163,0.1775854229927063,0.5789637565612793,0.5983166098594666,0.5622143149375916,0.5480229258537292
sst2,sst2,sst2,0.8899999856948853,0.7225561141967773,0.8882254958152771,0.6835570335388184,0.9597356915473938,0.8719528317451477,0.18282197415828705,0.20320846140384674,0.5843257308006287,0.5719907283782959,0.5551553964614868,0.5735063552856445
sst2,sst2,sst2,0.6554999947547913,0.6400394439697266,0.6459184885025024,0.561672031879425,0.8159088492393494,0.7800027132034302,0.23890577256679535,0.23714987933635712,0.5240030288696289,0.4794662892818451,0.6709051132202148,0.6906739473342896
sst2,sst2,sst2,0.8895000219345093,0.7054694890975952,0.8888832926750183,0.6552482843399048,0.9567105174064636,0.8887395262718201,0.17927490174770355,0.21843640506267548,0.5902805328369141,0.6537632346153259,0.5488576889038086,0.6695216298103333
sst2,sst2,sst2,0.8730000257492065,0.6852867007255554,0.8724939227104187,0.6301195025444031,0.9466501474380493,0.8278048038482666,0.1927824765443802,0.2321818619966507,0.572602391242981,0.5573047995567322,0.5768734216690063,0.6069021224975586
sst2,sst2,sst2,0.8939999938011169,0.6860960125923157,0.8913211822509766,0.6208010911941528,0.9629828929901123,0.8412217497825623,0.17738372087478638,0.22502027451992035,0.5917270183563232,0.5688779354095459,0.5451219081878662,0.6292429566383362
sst2,sst2,sst2,0.8634999990463257,0.7181791067123413,0.8570446968078613,0.6698939204216003,0.9629687070846558,0.8785247802734375,0.19154740869998932,0.1940995454788208,0.5746074318885803,0.6106516122817993,0.5742335319519043,0.554469108581543
sst2,sst2,sst2,0.9445000290870667,0.8624212145805359,0.9438388347625732,0.854558527469635,0.9854461550712585,0.952538251876831,0.04491553455591202,0.10972727090120316,0.9639315605163574,0.8972390294075012,0.16394343972206116,0.34820184111595154
sst2,sst2,sst2,0.9434999823570251,0.8525748252868652,0.9428269267082214,0.8382983207702637,0.9850245118141174,0.9493690729141235,0.04601966217160225,0.11407772451639175,0.9690955877304077,0.8992462754249573,0.1687343418598175,0.37647369503974915
sst2,sst2,sst2,0.9419999718666077,0.8811600208282471,0.9413025975227356,0.8807089328765869,0.9821630120277405,0.962920069694519,0.04824565351009369,0.08983906358480453,0.974431574344635,0.888876736164093,0.19804687798023224,0.30851495265960693
sst2,sst2,sst2,0.9399999976158142,0.8803814649581909,0.9392515420913696,0.883330762386322,0.984301745891571,0.9670475125312805,0.04548092558979988,0.09870600700378418,0.9544737935066223,0.9206746220588684,0.15991196036338806,0.3260115385055542
sst2,sst2,sst2,0.9430000185966492,0.886242687702179,0.9422088861465454,0.8820059895515442,0.9840508699417114,0.9683084487915039,0.046772878617048264,0.08735435456037521,0.9696617126464844,0.9190629124641418,0.17792275547981262,0.30079543590545654
sst2,sst2,sst2,0.9424999952316284,0.8942127227783203,0.9417761564254761,0.8918760418891907,0.9832151532173157,0.9681556820869446,0.04643169417977333,0.08739880472421646,0.9727041125297546,0.9354732036590576,0.18309932947158813,0.3019241988658905
sst2,sst2,sst2,0.940500020980835,0.8988119959831238,0.939681351184845,0.9024583697319031,0.9850300550460815,0.9692017436027527,0.046781834214925766,0.07613232731819153,0.9727911353111267,0.914584755897522,0.18389849364757538,0.25647541880607605
sst2,sst2,sst2,0.940500020980835,0.8659146428108215,0.9398043751716614,0.868050754070282,0.982092559337616,0.9538347125053406,0.04916658625006676,0.10278306901454926,0.9661520719528198,0.8927841782569885,0.18275317549705505,0.3076985776424408
sst2,sst2,sst2,0.9419999718666077,0.8683246970176697,0.9414491057395935,0.8689303994178772,0.985212504863739,0.9573283791542053,0.049161575734615326,0.1005876436829567,0.9779108762741089,0.8861761093139648,0.19502480328083038,0.30814117193222046
sst2,sst2,sst2,0.9394999742507935,0.8914346694946289,0.938895046710968,0.8907274007797241,0.9833124279975891,0.9687597751617432,0.04934786632657051,0.09185100346803665,0.9667721390724182,0.9432057738304138,0.18016859889030457,0.32240813970565796
sst2,sst2,sst2,0.9415000081062317,0.8893428444862366,0.9407768845558167,0.8852460980415344,0.9847011566162109,0.9711682796478271,0.049828339368104935,0.08764111250638962,0.984432578086853,0.9306411147117615,0.21802712976932526,0.3059118688106537
sst2,sst2,sst2,0.9384999871253967,0.8628789782524109,0.9376829862594604,0.8457920551300049,0.9811711311340332,0.9511911273002625,0.0533999465405941,0.10675530135631561,0.990065336227417,0.9172140955924988,0.2794381380081177,0.3428933620452881
sst2,sst2,sst2,0.9409999847412109,0.8957663178443909,0.9400936961174011,0.8915828466415405,0.9815816879272461,0.9732834100723267,0.049588486552238464,0.0790712833404541,0.9831754565238953,0.9359274506568909,0.2317194938659668,0.2829230725765228
sst2,sst2,sst2,0.9465000033378601,0.8658876419067383,0.945776641368866,0.8623437285423279,0.986179530620575,0.9601122140884399,0.046374402940273285,0.11178865283727646,0.9851257801055908,0.918179452419281,0.19227652251720428,0.37151384353637695
sst2,sst2,sst2,0.9415000081062317,0.9083908796310425,0.9406524896621704,0.9078314900398254,0.9818644523620605,0.9761213064193726,0.05229136720299721,0.07562056183815002,0.9857621192932129,0.9549615979194641,0.2409764975309372,0.2851649820804596
sst2,sst2,sst2,0.9449999928474426,0.874484121799469,0.9441550970077515,0.8624250888824463,0.9805426597595215,0.9592838287353516,0.05046878382563591,0.10647597908973694,0.9857566952705383,0.9201352596282959,0.2514635920524597,0.35867977142333984
sst2,sst2,sst2,0.9434999823570251,0.891819417476654,0.9427226185798645,0.8995352387428284,0.9826581478118896,0.9680716395378113,0.04904911294579506,0.09107550978660583,0.9790938496589661,0.9176264405250549,0.21438248455524445,0.29162776470184326
sst2,sst2,sst2,0.9390000104904175,0.8842389583587646,0.9381967782974243,0.8851115703582764,0.9815096855163574,0.967391312122345,0.04916240647435188,0.09933990985155106,0.9683462381362915,0.9328728318214417,0.18725407123565674,0.3178393840789795
sst2,sst2,sst2,0.934499979019165,0.8938742876052856,0.9340176582336426,0.8950110077857971,0.9844021201133728,0.9705702662467957,0.05426027998328209,0.09320466220378876,0.984991729259491,0.9457074999809265,0.2273123860359192,0.32293543219566345
sst2,sst2,sst2,0.9445000290870667,0.8554846048355103,0.9437363743782043,0.8546987771987915,0.9830408096313477,0.9533272981643677,0.047419510781764984,0.11934030801057816,0.9769803881645203,0.9147279858589172,0.19455644488334656,0.3643786311149597
sst2,sst2,sst2,0.9495000243186951,0.8607140779495239,0.9488409757614136,0.8422614336013794,0.9850842952728271,0.9547538757324219,0.04131246730685234,0.11803364753723145,0.9706600904464722,0.94063401222229,0.15998969972133636,0.38948169350624084
sst2,sst2,sst2,0.9424999952316284,0.8701653480529785,0.941652774810791,0.8581105470657349,0.9851521849632263,0.9582144618034363,0.04513400048017502,0.09722761064767838,0.9747173190116882,0.9119867086410522,0.17265303432941437,0.3026975095272064
sst2,sst2,sst2,0.9495000243186951,0.8933287262916565,0.9489206671714783,0.8890107870101929,0.9861481189727783,0.9691592454910278,0.04066768288612366,0.08675291389226913,0.9695690274238586,0.937851071357727,0.15509112179279327,0.29753994941711426
sst2,sst2,sst2,0.9434999823570251,0.8996127247810364,0.9427090287208557,0.9019754528999329,0.9845024943351746,0.9713873863220215,0.04583585262298584,0.0852777436375618,0.9757465124130249,0.9535572528839111,0.17658564448356628,0.2976943552494049
sst2,sst2,sst2,0.9455000162124634,0.8930361270904541,0.9449877142906189,0.8936266303062439,0.9870603680610657,0.968319833278656,0.043304506689310074,0.08461735397577286,0.9617487192153931,0.9182731509208679,0.1556054651737213,0.2803495526313782
sst2,sst2,sst2,0.9459999799728394,0.8789567947387695,0.9453263878822327,0.8795663118362427,0.9864476323127747,0.9661372303962708,0.04111100360751152,0.0941004604101181,0.9618644714355469,0.9198423624038696,0.14854086935520172,0.31686529517173767
sst2,sst2,sst2,0.9490000009536743,0.9022313952445984,0.9482294321060181,0.9050877690315247,0.9857492446899414,0.9687796831130981,0.0433211587369442,0.07403691112995148,0.9768974781036377,0.9269883036613464,0.18018867075443268,0.24112719297409058
sst2,sst2,sst2,0.9480000138282776,0.8998965620994568,0.9473394155502319,0.899472177028656,0.9857502579689026,0.9710859060287476,0.04265010729432106,0.0743507370352745,0.9745795726776123,0.9254812002182007,0.16185086965560913,0.25456926226615906
sst2,sst2,sst2,0.9445000290870667,0.841499924659729,0.9438139796257019,0.8403366208076477,0.9850153923034668,0.9460398554801941,0.04408761113882065,0.13169871270656586,0.9653061628341675,0.8881809711456299,0.16141976416110992,0.37229323387145996
sst2,sst2,sst2,0.9459999799728394,0.847888171672821,0.9452889561653137,0.8407047390937805,0.9875221252441406,0.9503071308135986,0.04250912740826607,0.12031267583370209,0.9742469787597656,0.8892982602119446,0.15846341848373413,0.3604765832424164
sst2,sst2,sst2,0.9509999752044678,0.8862226605415344,0.9504108428955078,0.8805081248283386,0.9884394407272339,0.9679855108261108,0.038360755890607834,0.08731262385845184,0.9722895622253418,0.9197015762329102,0.14316748082637787,0.2782542109489441
sst2,sst2,sst2,0.9470000267028809,0.8959285616874695,0.946326732635498,0.899303138256073,0.9862540364265442,0.9681172370910645,0.041776034981012344,0.08032762259244919,0.971011221408844,0.9359089136123657,0.15576940774917603,0.2602611482143402
sst2,sst2,sst2,0.9520000219345093,0.8593143820762634,0.9513338208198547,0.8490180373191833,0.9877040386199951,0.9542468190193176,0.0391216054558754,0.10326820611953735,0.9746273159980774,0.9206525087356567,0.14933249354362488,0.30849403142929077
sst2,sst2,sst2,0.9484999775886536,0.8560751080513,0.9478979110717773,0.8490931391716003,0.987951397895813,0.9509084224700928,0.04186433181166649,0.10933683812618256,0.9793627858161926,0.9037905335426331,0.1633162945508957,0.3174935579299927
sst2,sst2,sst2,0.9505000114440918,0.8945745229721069,0.9498768448829651,0.8925104737281799,0.9873968958854675,0.9672069549560547,0.04201290383934975,0.08384199440479279,0.9802151918411255,0.9345353245735168,0.16737574338912964,0.26853442192077637
sst2,sst2,sst2,0.9484999775886536,0.8809061050415039,0.9478865265846252,0.8800752758979797,0.9876564145088196,0.9659056067466736,0.039765022695064545,0.09466265887022018,0.9641448259353638,0.9183952808380127,0.1428072154521942,0.3115188479423523
sst2,sst2,sst2,0.9514999985694885,0.8840871453285217,0.9508557319641113,0.8852757811546326,0.9878576397895813,0.9633910655975342,0.04022923484444618,0.08937972784042358,0.9774836897850037,0.9178657531738281,0.15865206718444824,0.2917417883872986
sst2,sst2,sst2,0.9549999833106995,0.8414927124977112,0.9543969035148621,0.8399829268455505,0.98934006690979,0.9418826103210449,0.036819931119680405,0.12107761949300766,0.9740856885910034,0.8708941340446472,0.1378290206193924,0.3387146294116974
sst2,sst2,sst2,0.9495000243186951,0.8916193246841431,0.9487683773040771,0.8910771012306213,0.9878352880477905,0.9676317572593689,0.03925825282931328,0.08724799007177353,0.972936749458313,0.9370317459106445,0.14907504618167877,0.29136866331100464
sst2,sst2,sst2,0.9509999752044678,0.8560160398483276,0.950366199016571,0.8521999716758728,0.9885544776916504,0.9510608911514282,0.040573734790086746,0.1129198893904686,0.9817535281181335,0.8980931043624878,0.16094987094402313,0.32837316393852234
sst2,sst2,sst2,0.9509999752044678,0.8553239107131958,0.9504108428955078,0.8459826111793518,0.9876315593719482,0.9499680399894714,0.04208047688007355,0.11362528800964355,0.9795514345169067,0.9034197330474854,0.16205446422100067,0.3356941044330597
sst2,sst2,sst2,0.9490000009536743,0.8822751045227051,0.9483867883682251,0.8797426223754883,0.9889705777168274,0.9635934233665466,0.03985733166337013,0.09147968143224716,0.975547730922699,0.9216122627258301,0.14598435163497925,0.28791487216949463
sst2,sst2,sst2,0.9490000009536743,0.8342998623847961,0.9483637809753418,0.8269335031509399,0.9886010885238647,0.9407362341880798,0.04157356917858124,0.1329524964094162,0.9788236618041992,0.8861046433448792,0.15333127975463867,0.3774365484714508
sst2,sst2,sst2,0.953000009059906,0.8905376195907593,0.9523701071739197,0.8936028480529785,0.9886857271194458,0.9638453125953674,0.037995245307683945,0.08412916958332062,0.9745233654975891,0.9223867058753967,0.14287957549095154,0.261214941740036
sst2,sst2,sst2,0.9520000219345093,0.8904377222061157,0.951433539390564,0.8895894885063171,0.9890288710594177,0.9705498814582825,0.03723570704460144,0.08438767492771149,0.9709957838058472,0.9373149275779724,0.1368819624185562,0.26849299669265747
sst2,sst2,sst2,0.953499972820282,0.8348586559295654,0.9528490304946899,0.8295783996582031,0.987062394618988,0.9363707900047302,0.04055625572800636,0.134124293923378,0.9795340895652771,0.8853172659873962,0.16552790999412537,0.4143431484699249
sst2,sst2,sst2,0.9520000219345093,0.8552421927452087,0.9513105154037476,0.8482366800308228,0.9881541132926941,0.9520650506019592,0.04027281329035759,0.11516538262367249,0.97687828540802,0.9058775305747986,0.15698085725307465,0.3458012342453003
sst2,sst2,sst2,0.9509999752044678,0.8313189148902893,0.9504324793815613,0.8218269348144531,0.9881130456924438,0.9409425258636475,0.041636571288108826,0.13027697801589966,0.9780810475349426,0.8914781808853149,0.15472939610481262,0.3912220597267151
sst2,sst2,sst2,0.9559999704360962,0.8693309426307678,0.9553893208503723,0.8600944876670837,0.9900019764900208,0.9540367126464844,0.036301061511039734,0.10153399407863617,0.9744623899459839,0.9183239936828613,0.13400988280773163,0.32374006509780884
sst2,sst2,sst2,0.44200000166893005,0.6081113815307617,0.3065187335014343,0.5171223282814026,0.5800785422325134,0.7308310866355896,0.2600039839744568,0.2556346356868744,0.5649950504302979,0.47721436619758606,0.713275671005249,0.655100405216217
sst2,sst2,sst2,0.9555000066757202,0.8943076133728027,0.9548553228378296,0.8925793766975403,0.9892670512199402,0.9655483961105347,0.03547145426273346,0.07771444320678711,0.9650155305862427,0.9123703837394714,0.129755437374115,0.2505662143230438
sst2,sst2,sst2,0.8529999852180481,0.7711761593818665,0.852988064289093,0.7554305791854858,0.9600610733032227,0.9090739488601685,0.11521149426698685,0.1821480691432953,0.9143285751342773,0.7854776978492737,0.395680695772171,0.4753910005092621
wiki_toxic,wiki_toxic,toxicity,0.44200000166893005,0.5033776164054871,0.3065187335014343,0.38664206862449646,0.8495120406150818,0.782021164894104,0.35502058267593384,0.3506973683834076,0.7940688133239746,0.7601349353790283,0.9381899833679199,0.9858653545379639
wiki_toxic,wiki_toxic,toxicity,0.44200000166893005,0.5233240723609924,0.3065187335014343,0.3522813320159912,0.8844755291938782,0.8410241603851318,0.2596339285373688,0.3505123257637024,0.6337001323699951,0.843753457069397,0.7109817862510681,1.0134179592132568
wiki_toxic,wiki_toxic,toxicity,0.5580000281333923,0.5071203112602234,0.35815146565437317,0.4071005582809448,0.8395200967788696,0.7513705492019653,0.2540002763271332,0.37603411078453064,0.7288332581520081,0.6942015290260315,0.6999455094337463,0.8069416880607605
wiki_toxic,wiki_toxic,toxicity,0.44200000166893005,0.5117128491401672,0.3065187335014343,0.3812902569770813,0.8758124113082886,0.777981698513031,0.2648782432079315,0.3443489670753479,0.6437063813209534,0.7427352666854858,0.7218093872070312,0.8741466999053955
wiki_toxic,wiki_toxic,toxicity,0.44200000166893005,0.5356504321098328,0.3065187335014343,0.40554970502853394,0.870169997215271,0.8358373045921326,0.26680585741996765,0.317173570394516,0.647895097732544,0.7653597593307495,0.7257877588272095,0.9116430878639221
wiki_toxic,wiki_toxic,toxicity,0.44200000166893005,0.5122241377830505,0.3065187335014343,0.3888891339302063,0.8464898467063904,0.7691907286643982,0.2902812659740448,0.3461934030056,0.6885488033294678,0.7649255394935608,0.7763833403587341,0.9817532300949097
wiki_toxic,wiki_toxic,toxicity,0.44200000166893005,0.49860745668411255,0.3065187335014343,0.36838552355766296,0.8547490239143372,0.7748860716819763,0.28427237272262573,0.35094374418258667,0.6789391040802002,0.7736572027206421,0.7631005644798279,0.9594713449478149
wiki_toxic,wiki_toxic,toxicity,0.5745000243186951,0.5098192095756531,0.39889222383499146,0.38382795453071594,0.8485323786735535,0.8117064833641052,0.22480541467666626,0.3488055467605591,0.6153054237365723,0.7521418333053589,0.6403471827507019,0.9029697179794312
wiki_toxic,wiki_toxic,toxicity,0.5580000281333923,0.5278950333595276,0.35815146565437317,0.4445265829563141,0.8321478962898254,0.7689872980117798,0.2852153480052948,0.3773278594017029,0.7978451251983643,0.687868595123291,0.7778363227844238,0.8466460108757019
wiki_toxic,wiki_toxic,toxicity,0.5580000281333923,0.5182948112487793,0.35815146565437317,0.41327765583992004,0.8299026489257812,0.7695909142494202,0.28277507424354553,0.3581813871860504,0.7939713597297668,0.6978576183319092,0.7712029218673706,0.8116673827171326
wiki_toxic,wiki_toxic,toxicity,0.44200000166893005,0.4728999733924866,0.3065187335014343,0.33874768018722534,0.8349024653434753,0.7528135776519775,0.32082587480545044,0.3531187176704407,0.7391923069953918,0.7941972017288208,0.8477188348770142,1.0923405885696411
wiki_toxic,wiki_toxic,toxicity,0.44200000166893005,0.5143511295318604,0.3065187335014343,0.38522523641586304,0.8763329386711121,0.8117249011993408,0.2726932764053345,0.3346501290798187,0.6620325446128845,0.7620116472244263,0.7379635572433472,0.9318121671676636
wiki_toxic,wiki_toxic,toxicity,0.44200000166893005,0.49572718143463135,0.3065187335014343,0.38212519884109497,0.7410024404525757,0.7255910038948059,0.3994273543357849,0.34985488653182983,0.839824914932251,0.7827532291412354,1.0801154375076294,1.1053850650787354
wiki_toxic,wiki_toxic,toxicity,0.44200000166893005,0.491457998752594,0.3065187335014343,0.3667130768299103,0.8260914087295532,0.7288717031478882,0.3728541135787964,0.35032919049263,0.8162111043930054,0.8032529354095459,0.991481363773346,1.0964434146881104
wiki_toxic,wiki_toxic,toxicity,0.7699999809265137,0.5381284356117249,0.7594944834709167,0.4249648153781891,0.8456521034240723,0.8045327663421631,0.2237854152917862,0.3445706069469452,0.5401836037635803,0.7391950488090515,0.6403546929359436,0.8896915912628174
wiki_toxic,wiki_toxic,toxicity,0.7214999794960022,0.5143808126449585,0.6844885349273682,0.37677377462387085,0.8612403273582458,0.8326801657676697,0.22124221920967102,0.3309195041656494,0.550372838973999,0.7518453598022461,0.6350452899932861,0.8674904108047485
wiki_toxic,wiki_toxic,toxicity,0.44200000166893005,0.5205552577972412,0.3065187335014343,0.4065949320793152,0.8152474761009216,0.7722089886665344,0.4031468629837036,0.36284393072128296,0.8537919521331787,0.8057992458343506,1.095089316368103,1.1166999340057373
wiki_toxic,wiki_toxic,toxicity,0.44200000166893005,0.4749140441417694,0.3065187335014343,0.3393644094467163,0.8269818425178528,0.7731898427009583,0.31445038318634033,0.3470578193664551,0.7311160564422607,0.7926425933837891,0.8322589993476868,1.0656297206878662
wiki_toxic,wiki_toxic,toxicity,0.44200000166893005,0.5084969997406006,0.3065187335014343,0.36572501063346863,0.8716570138931274,0.8237836360931396,0.2770751118659973,0.3286433815956116,0.6689668297767639,0.7904543280601501,0.7473429441452026,0.9805188179016113
wiki_toxic,wiki_toxic,toxicity,0.44200000166893005,0.5181278586387634,0.3065187335014343,0.396882027387619,0.8676039576530457,0.8137798309326172,0.2885855436325073,0.3335297703742981,0.6921833753585815,0.7878435254096985,0.772266685962677,0.9844578504562378
wiki_toxic,wiki_toxic,toxicity,0.7170000076293945,0.516510546207428,0.6974828243255615,0.3869060277938843,0.7817157506942749,0.7761592268943787,0.23633183538913727,0.2891213595867157,0.5254343748092651,0.6982082724571228,0.6657376885414124,0.8412066102027893
wiki_toxic,wiki_toxic,toxicity,0.7605000138282776,0.535535454750061,0.7584779262542725,0.42312419414520264,0.8343474864959717,0.7960042953491211,0.22975361347198486,0.290201336145401,0.5308921933174133,0.6923271417617798,0.6524713039398193,0.7967414855957031
wiki_toxic,wiki_toxic,toxicity,0.7404999732971191,0.530878484249115,0.7130090594291687,0.39550063014030457,0.8594152927398682,0.8133856654167175,0.23009566962718964,0.2766037881374359,0.5319995284080505,0.70610511302948,0.6531732678413391,0.8154342770576477
wiki_toxic,wiki_toxic,toxicity,0.4779999852180481,0.5383824706077576,0.37678414583206177,0.4127404987812042,0.8662426471710205,0.817250669002533,0.23895008862018585,0.27838677167892456,0.5511190891265869,0.7146173119544983,0.6706188917160034,0.862920343875885
wiki_toxic,wiki_toxic,toxicity,0.5329999923706055,0.5299624800682068,0.470732182264328,0.3972022831439972,0.8491836190223694,0.8154699206352234,0.23937226831912994,0.2737506330013275,0.5385801196098328,0.7129039764404297,0.6716732978820801,0.8271686434745789
wiki_toxic,wiki_toxic,toxicity,0.7760000228881836,0.5658891797065735,0.7605517506599426,0.44799602031707764,0.8751951456069946,0.8472418189048767,0.22356434166431427,0.2555563151836395,0.5389680862426758,0.6735212802886963,0.6399534940719604,0.7277697324752808
wiki_toxic,wiki_toxic,toxicity,0.5580000281333923,0.5229668617248535,0.35815146565437317,0.40000075101852417,0.8225750923156738,0.7531707286834717,0.24045422673225403,0.2877107262611389,0.6062170267105103,0.659932017326355,0.6734323501586914,0.811773419380188
wiki_toxic,wiki_toxic,toxicity,0.5230000019073486,0.540484607219696,0.45332708954811096,0.41045111417770386,0.8371988534927368,0.7959926724433899,0.24037529528141022,0.26620587706565857,0.5371149182319641,0.6796475648880005,0.6737160682678223,0.7687965035438538
wiki_toxic,wiki_toxic,toxicity,0.44200000166893005,0.5236474275588989,0.3065187335014343,0.40194037556648254,0.8247163891792297,0.7903040647506714,0.2644556164741516,0.2974170744419098,0.6318852305412292,0.7002448439598083,0.7215695381164551,0.8255427479743958
wiki_toxic,wiki_toxic,toxicity,0.44200000166893005,0.5362202525138855,0.3065187335014343,0.4127643406391144,0.8632118701934814,0.748588502407074,0.28133198618888855,0.2965613007545471,0.6686140894889832,0.7267605066299438,0.7568238377571106,0.9018111824989319
wiki_toxic,wiki_toxic,toxicity,0.44200000166893005,0.5065255761146545,0.3065187335014343,0.40479588508605957,0.699296236038208,0.7578635811805725,0.3010904788970947,0.3148764967918396,0.6836175918579102,0.7244318723678589,0.8013171553611755,0.9774794578552246
wiki_toxic,wiki_toxic,toxicity,0.4424999952316284,0.5315676331520081,0.3075203001499176,0.4106491506099701,0.8487852811813354,0.6971078515052795,0.251533567905426,0.29821041226387024,0.5646696090698242,0.6734474301338196,0.696013867855072,0.8988787531852722
wiki_toxic,wiki_toxic,toxicity,0.44200000166893005,0.48801058530807495,0.3065187335014343,0.35651886463165283,0.8191201090812683,0.7114968299865723,0.272342711687088,0.30254870653152466,0.6240805983543396,0.7191300392150879,0.7384954690933228,0.9125181436538696
wiki_toxic,wiki_toxic,toxicity,0.5759999752044678,0.5388259291648865,0.4376538395881653,0.4195435047149658,0.6454963088035583,0.744313657283783,0.24326041340827942,0.29331403970718384,0.5329090356826782,0.6884768009185791,0.679614782333374,0.8566805720329285
wiki_toxic,wiki_toxic,toxicity,0.5299999713897705,0.501686692237854,0.47525376081466675,0.37824490666389465,0.7357137799263,0.6926831603050232,0.24659696221351624,0.28524234890937805,0.5153173804283142,0.6582865118980408,0.6863285899162292,0.8441544771194458
wiki_toxic,wiki_toxic,toxicity,0.6050000190734863,0.5338297486305237,0.5754076242446899,0.41544562578201294,0.8575218319892883,0.7855408787727356,0.23863662779331207,0.29825490713119507,0.5261159539222717,0.6836593151092529,0.6703106164932251,0.8085768818855286
wiki_toxic,wiki_toxic,toxicity,0.44200000166893005,0.5061181783676147,0.3065187335014343,0.4007466435432434,0.7668836712837219,0.7114709615707397,0.2606410086154938,0.3114999830722809,0.5865589380264282,0.685682475566864,0.7144612669944763,0.8874825835227966
wiki_toxic,wiki_toxic,toxicity,0.4984999895095825,0.499132364988327,0.4361644685268402,0.3819127380847931,0.6633855104446411,0.5840900540351868,0.2478032112121582,0.3159945011138916,0.5289040803909302,0.7049368619918823,0.6887163519859314,0.9898862838745117
wiki_toxic,wiki_toxic,toxicity,0.5809999704360962,0.5134803056716919,0.4757886826992035,0.38932064175605774,0.663873553276062,0.7004120945930481,0.24286328256130219,0.2912173867225647,0.5277621746063232,0.6502076387405396,0.6788290739059448,0.8405439853668213
wiki_toxic,wiki_toxic,toxicity,0.5669999718666077,0.49556902050971985,0.5476157665252686,0.36917558312416077,0.6917557716369629,0.6908000111579895,0.24511057138442993,0.3104438781738281,0.5206922888755798,0.7152467370033264,0.6833358407020569,0.9238321781158447
wiki_toxic,wiki_toxic,toxicity,0.44200000166893005,0.4621568024158478,0.3065187335014343,0.3347778022289276,0.7572743892669678,0.7088382840156555,0.38617539405822754,0.36687105894088745,0.8243382573127747,0.7890799641609192,1.034209132194519,1.1297184228897095
wiki_toxic,wiki_toxic,toxicity,0.44200000166893005,0.4738171100616455,0.3065187335014343,0.34080004692077637,0.7726213932037354,0.7424898743629456,0.35272979736328125,0.360389769077301,0.7828797101974487,0.8159829378128052,0.9319431781768799,1.1534979343414307
wiki_toxic,wiki_toxic,toxicity,0.44200000166893005,0.48749038577079773,0.3065187335014343,0.37489038705825806,0.7974996566772461,0.719897985458374,0.3610619008541107,0.35419079661369324,0.7971805334091187,0.7622856497764587,0.9559526443481445,1.0646779537200928
wiki_toxic,wiki_toxic,toxicity,0.44200000166893005,0.5166535377502441,0.3065187335014343,0.40677428245544434,0.8394172191619873,0.7999794483184814,0.2952817678451538,0.34024226665496826,0.7079123854637146,0.7794848084449768,0.7872418761253357,0.9969452619552612
wiki_toxic,wiki_toxic,toxicity,0.44200000166893005,0.4949707090854645,0.3065187335014343,0.37469637393951416,0.8141852021217346,0.7437835335731506,0.3054007887840271,0.36198368668556213,0.7148163318634033,0.7900113463401794,0.810829758644104,1.0884977579116821
wiki_toxic,wiki_toxic,toxicity,0.44200000166893005,0.49293383955955505,0.3065187335014343,0.36977460980415344,0.8171206712722778,0.770254373550415,0.3173602521419525,0.346521258354187,0.7351212501525879,0.7844810485839844,0.8393614888191223,1.0776947736740112
wiki_toxic,wiki_toxic,toxicity,0.44200000166893005,0.5012643933296204,0.3065187335014343,0.3681490123271942,0.7807452082633972,0.7347833514213562,0.3418467342853546,0.34326881170272827,0.7686905264854431,0.8014265894889832,0.9020878076553345,1.1084141731262207
wiki_toxic,wiki_toxic,toxicity,0.44200000166893005,0.4940964877605438,0.3065187335014343,0.3766540586948395,0.8518677353858948,0.7768908739089966,0.28925621509552,0.3533407747745514,0.6899678707122803,0.7613678574562073,0.7740066647529602,0.9735931754112244
wiki_toxic,wiki_toxic,toxicity,0.44200000166893005,0.4917815029621124,0.3065187335014343,0.36896857619285583,0.6034718155860901,0.7025570869445801,0.4982815384864807,0.37644392251968384,0.9453480243682861,0.8524465560913086,1.6389278173446655,1.3107919692993164
wiki_toxic,wiki_toxic,toxicity,0.44200000166893005,0.5251625776290894,0.3065187335014343,0.4092686176300049,0.84620201587677,0.7865948677062988,0.3733727037906647,0.33744463324546814,0.8186977505683899,0.7770411372184753,0.9930257797241211,1.015218734741211
wiki_toxic,wiki_toxic,toxicity,0.44200000166893005,0.4826802909374237,0.3065187335014343,0.3776617646217346,0.723483681678772,0.7115802764892578,0.3837767243385315,0.3805135190486908,0.8225659132003784,0.8415099382400513,1.0270003080368042,1.3074076175689697
wiki_toxic,wiki_toxic,toxicity,0.43950000405311584,0.46715641021728516,0.3053143322467804,0.35583722591400146,0.3180197775363922,0.6316863894462585,0.5005403161048889,0.4103453457355499,0.9185609817504883,0.9000692963600159,1.6690529584884644,1.5619161128997803
wiki_toxic,wiki_toxic,toxicity,0.44200000166893005,0.5025601983070374,0.3065187335014343,0.38493916392326355,0.8668184280395508,0.8204115629196167,0.2708698809146881,0.33574193716049194,0.6559277176856995,0.7545292377471924,0.7342932224273682,0.9498621225357056
wiki_toxic,wiki_toxic,toxicity,0.4404999911785126,0.4851195812225342,0.3057965934276581,0.3943895101547241,0.46284860372543335,0.5938211679458618,0.5156005620956421,0.4206911325454712,0.9470506310462952,0.9013994336128235,1.9318052530288696,1.6183017492294312
wiki_toxic,wiki_toxic,toxicity,0.44200000166893005,0.479108065366745,0.3065187335014343,0.35166096687316895,0.8120484352111816,0.736528217792511,0.3696754276752472,0.3641659617424011,0.8118918538093567,0.8319219350814819,0.981967568397522,1.211342692375183
wiki_toxic,wiki_toxic,toxicity,0.44200000166893005,0.47912484407424927,0.3065187335014343,0.3751862049102783,0.6621554493904114,0.6212215423583984,0.38423222303390503,0.3957216739654541,0.8259752988815308,0.8767364025115967,1.0344065427780151,1.4678000211715698
wiki_toxic,wiki_toxic,toxicity,0.429500013589859,0.4403431713581085,0.3026505708694458,0.3546770215034485,0.34016677737236023,0.49498945474624634,0.554694414138794,0.4740542471408844,0.9578327536582947,0.9256820678710938,2.757063388824463,1.898806095123291
wiki_toxic,wiki_toxic,toxicity,0.44200000166893005,0.4535452723503113,0.3065187335014343,0.3496949076652527,0.6604829430580139,0.569869339466095,0.5121652483940125,0.41784700751304626,0.9601885676383972,0.9036829471588135,1.8371412754058838,1.6430675983428955
wiki_toxic,wiki_toxic,toxicity,0.44200000166893005,0.5023618936538696,0.3065187335014343,0.40656670928001404,0.7814146876335144,0.6990872621536255,0.4106460213661194,0.38448894023895264,0.8645869493484497,0.8405390381813049,1.1265403032302856,1.2999951839447021
wiki_toxic,wiki_toxic,toxicity,0.44200000166893005,0.501329243183136,0.3065187335014343,0.4033171236515045,0.7922890186309814,0.7020949721336365,0.4411485493183136,0.3712364137172699,0.8958123922348022,0.8426231145858765,1.2579121589660645,1.2734363079071045
wiki_toxic,wiki_toxic,toxicity,0.44200000166893005,0.5083621144294739,0.3065187335014343,0.3888389468193054,0.7040162682533264,0.6698988080024719,0.2645982503890991,0.3018963634967804,0.592305064201355,0.6653291583061218,0.7226038575172424,0.8765485882759094
wiki_toxic,wiki_toxic,toxicity,0.4415000081062317,0.49271368980407715,0.30627816915512085,0.36809241771698,0.7095314264297485,0.6902017593383789,0.2536233961582184,0.3034432530403137,0.5558549165725708,0.6834895014762878,0.7003491520881653,0.9285639524459839
wiki_toxic,wiki_toxic,toxicity,0.4519999921321869,0.4833373725414276,0.32839763164520264,0.36297744512557983,0.6911845803260803,0.6877639293670654,0.24944889545440674,0.308159738779068,0.526965856552124,0.639431357383728,0.6920256614685059,0.8717631697654724
wiki_toxic,wiki_toxic,toxicity,0.44200000166893005,0.46855464577674866,0.3065187335014343,0.35507068037986755,0.573318600654602,0.5077883005142212,0.3025968372821808,0.35720446705818176,0.6822785139083862,0.747246503829956,0.8049148917198181,1.214118242263794
wiki_toxic,wiki_toxic,toxicity,0.44200000166893005,0.5262099504470825,0.3065187335014343,0.40526461601257324,0.8622763156890869,0.7933295369148254,0.3121240735054016,0.2885490655899048,0.725222647190094,0.7272868752479553,0.8265312314033508,0.8596221804618835
wiki_toxic,wiki_toxic,toxicity,0.45249998569488525,0.4733705520629883,0.33957988023757935,0.3512902855873108,0.6213995814323425,0.6215927004814148,0.2510426342487335,0.3415636718273163,0.5311448574066162,0.742605447769165,0.6952171921730042,1.1029064655303955
wiki_toxic,wiki_toxic,toxicity,0.4339999854564667,0.4657149314880371,0.30994459986686707,0.36888861656188965,0.49625205993652344,0.5626823306083679,0.2736795246601105,0.38554736971855164,0.5990244746208191,0.7841084003448486,0.7417709231376648,1.313742756843567
wiki_toxic,wiki_toxic,toxicity,0.565500020980835,0.5273498296737671,0.5191401839256287,0.40761905908584595,0.8503193855285645,0.8065491318702698,0.23576337099075317,0.30035752058029175,0.5456191897392273,0.7268816828727722,0.6642513275146484,0.8879809975624084
wiki_toxic,wiki_toxic,toxicity,0.4424999952316284,0.5310556888580322,0.3075203001499176,0.4227440357208252,0.8585131764411926,0.7717239856719971,0.25294238328933716,0.31665441393852234,0.5991808772087097,0.7041012644767761,0.698196291923523,0.8781669735908508
wiki_toxic,wiki_toxic,toxicity,0.4449999928474426,0.5037508010864258,0.3125053346157074,0.3834443986415863,0.808744490146637,0.6612688302993774,0.2484888881444931,0.32294806838035583,0.5642653107643127,0.7532687783241272,0.6898317337036133,1.051815390586853
wiki_toxic,wiki_toxic,toxicity,0.44200000166893005,0.48240187764167786,0.3065187335014343,0.3612864017486572,0.695652186870575,0.7311905026435852,0.4181506335735321,0.3773152232170105,0.8654437065124512,0.8511132597923279,1.1554756164550781,1.3404008150100708
wiki_toxic,wiki_toxic,toxicity,0.44200000166893005,0.49131935834884644,0.3065187335014343,0.3662882149219513,0.8400314450263977,0.7462658286094666,0.3968197703361511,0.3549758791923523,0.8478984236717224,0.8345662951469421,1.0712696313858032,1.2013709545135498
wiki_toxic,wiki_toxic,toxicity,0.44200000166893005,0.479816734790802,0.3065187335014343,0.3672868609428406,0.7533936500549316,0.7053778767585754,0.44173872470855713,0.37508416175842285,0.8944575786590576,0.8395534157752991,1.262115716934204,1.2628828287124634
wiki_toxic,wiki_toxic,toxicity,0.44200000166893005,0.47195979952812195,0.3065187335014343,0.35770344734191895,0.738642156124115,0.6583935618400574,0.35615816712379456,0.3748520314693451,0.7842671871185303,0.8037464022636414,0.9416592121124268,1.2134910821914673
wiki_toxic,wiki_toxic,toxicity,0.44200000166893005,0.5224356055259705,0.3065187335014343,0.4021298885345459,0.8690940141677856,0.8322046399116516,0.275409460067749,0.3245237171649933,0.6668882966041565,0.756962239742279,0.743765652179718,0.9338029623031616
wiki_toxic,wiki_toxic,toxicity,0.44200000166893005,0.4815160036087036,0.3065187335014343,0.35593029856681824,0.7438847422599792,0.7031230926513672,0.44450604915618896,0.3605134189128876,0.8937405943870544,0.8314850330352783,1.2723678350448608,1.2227413654327393
wiki_toxic,wiki_toxic,toxicity,0.44200000166893005,0.4972868263721466,0.3065187335014343,0.3866831660270691,0.7719756960868835,0.6618858575820923,0.3813881278038025,0.35276803374290466,0.8208641409873962,0.8165355920791626,1.0185141563415527,1.245348572731018
wiki_toxic,wiki_toxic,toxicity,0.44200000166893005,0.49031883478164673,0.3065187335014343,0.3899197280406952,0.7837547063827515,0.6346649527549744,0.3792957365512848,0.3787675201892853,0.8230895400047302,0.8406898975372314,1.0129045248031616,1.3459254503250122
wiki_toxic,wiki_toxic,toxicity,0.44200000166893005,0.47834450006484985,0.3065187335014343,0.3752894401550293,0.7062325477600098,0.6025095582008362,0.4896530508995056,0.3971405029296875,0.9404550194740295,0.8587946891784668,1.5670267343521118,1.4470099210739136
wiki_toxic,wiki_toxic,toxicity,0.44200000166893005,0.47760650515556335,0.3065187335014343,0.36313414573669434,0.5246765613555908,0.7015163898468018,0.5165846943855286,0.3766325116157532,0.9617264270782471,0.8264932632446289,1.8497146368026733,1.232155203819275
wiki_toxic,wiki_toxic,toxicity,0.44200000166893005,0.45838862657546997,0.3065187335014343,0.3472503423690796,0.6134759187698364,0.6045154333114624,0.3743053078651428,0.40455806255340576,0.8059409856796265,0.873803436756134,0.9990324974060059,1.4881248474121094
wiki_toxic,wiki_toxic,toxicity,0.44200000166893005,0.49352696537971497,0.3065187335014343,0.3812370002269745,0.5202712416648865,0.7008783221244812,0.435129851102829,0.3809397220611572,0.8738781809806824,0.8803462386131287,1.2345831394195557,1.3973400592803955
wiki_toxic,wiki_toxic,toxicity,0.4099999964237213,0.5114246010780334,0.29491961002349854,0.4339453876018524,0.4319680631160736,0.6153717637062073,0.42950698733329773,0.39836743474006653,0.8220846056938171,0.8945677876472473,1.196297526359558,1.5295677185058594
wiki_toxic,wiki_toxic,toxicity,0.4415000081062317,0.5009033679962158,0.30627816915512085,0.3971827030181885,0.6664000749588013,0.6371694803237915,0.4011367857456207,0.40815308690071106,0.8483246564865112,0.8908688426017761,1.1017669439315796,1.5283972024917603
wiki_toxic,wiki_toxic,toxicity,0.44200000166893005,0.43433430790901184,0.3065187335014343,0.34797805547714233,0.47699645161628723,0.41905677318573,0.5228519439697266,0.4806828498840332,0.9623732566833496,0.9207636713981628,1.989961862564087,2.0216145515441895
wiki_toxic,wiki_toxic,toxicity,0.44200000166893005,0.5023749470710754,0.3065187335014343,0.4034669101238251,0.6830891370773315,0.7145978808403015,0.37704339623451233,0.37558767199516296,0.8181929588317871,0.8357720971107483,1.010147213935852,1.2663228511810303
wiki_toxic,wiki_toxic,toxicity,0.4259999990463257,0.47669491171836853,0.2994660437107086,0.38896289467811584,0.3133494257926941,0.569161057472229,0.4671972095966339,0.4247654676437378,0.8589363694190979,0.9045407772064209,1.3890916109085083,1.6557559967041016
wiki_toxic,wiki_toxic,toxicity,0.44200000166893005,0.5110212564468384,0.3065187335014343,0.3993191719055176,0.6488261222839355,0.7584764361381531,0.4211779236793518,0.36099329590797424,0.8713772296905518,0.8886113166809082,1.1929329633712769,1.3682667016983032
wiki_toxic,wiki_toxic,toxicity,0.4180000126361847,0.4559958875179291,0.2969104051589966,0.3654747009277344,0.2719822824001312,0.5101679563522339,0.5525153279304504,0.44524654746055603,0.9397228956222534,0.9225027561187744,2.3606138229370117,1.8160027265548706
wiki_toxic,wiki_toxic,toxicity,0.44200000166893005,0.4951285123825073,0.3065187335014343,0.39469262957572937,0.5616596937179565,0.6786817312240601,0.4801681935787201,0.39577776193618774,0.9261962175369263,0.8922028541564941,1.5426948070526123,1.4870693683624268
wiki_toxic,wiki_toxic,toxicity,0.43299999833106995,0.4252721071243286,0.302163302898407,0.3396308720111847,0.3062995672225952,0.3910695016384125,0.5615146160125732,0.5073192119598389,0.990547776222229,0.9508860111236572,3.858191728591919,2.480480432510376
wiki_toxic,wiki_toxic,toxicity,0.44200000166893005,0.48059648275375366,0.3065187335014343,0.39303332567214966,0.3638337552547455,0.5901254415512085,0.5264707803726196,0.44361212849617004,0.9606441855430603,0.9290119409561157,2.0169103145599365,1.8145190477371216
wiki_toxic,wiki_toxic,toxicity,0.43950000405311584,0.401339054107666,0.3053143322467804,0.3020819127559662,0.3554646372795105,0.3429991602897644,0.5237470269203186,0.5339112281799316,0.9481364488601685,0.9595279693603516,2.0164196491241455,2.5685813426971436
wiki_toxic,wiki_toxic,toxicity,0.42750000953674316,0.4198986291885376,0.3009338974952698,0.33653950691223145,0.25233137607574463,0.36170539259910583,0.5638794302940369,0.512676477432251,0.9802716970443726,0.9527087211608887,3.532498598098755,2.476814031600952
wiki_toxic,wiki_toxic,toxicity,0.4415000081062317,0.39828816056251526,0.30627816915512085,0.30698347091674805,0.3745408356189728,0.3455623686313629,0.5398982763290405,0.5148991346359253,0.9727586507797241,0.941878080368042,2.4189412593841553,2.3120269775390625
wiki_toxic,wiki_toxic,toxicity,0.44200000166893005,0.4822462499141693,0.3065187335014343,0.38276222348213196,0.7372443675994873,0.6452009081840515,0.45417654514312744,0.41013050079345703,0.911455512046814,0.8892603516578674,1.3477848768234253,1.5344926118850708
wiki_toxic,wiki_toxic,toxicity,0.44200000166893005,0.48157450556755066,0.3065187335014343,0.3954128921031952,0.6167337894439697,0.5578196048736572,0.5316386818885803,0.4360494613647461,0.9772598743438721,0.9249767065048218,2.184966564178467,1.810983419418335
wiki_toxic,wiki_toxic,toxicity,0.44200000166893005,0.5055111646652222,0.3065187335014343,0.41790950298309326,0.689208984375,0.6334858536720276,0.4707847535610199,0.39451977610588074,0.9239893555641174,0.8824098706245422,1.4522744417190552,1.4683291912078857
wiki_toxic,wiki_toxic,toxicity,0.44200000166893005,0.5307738184928894,0.3065187335014343,0.42757171392440796,0.8841886520385742,0.7449454069137573,0.5257958173751831,0.3681793808937073,0.9773725867271423,0.8652107119560242,2.0229034423828125,1.2990621328353882
wiki_toxic,wiki_toxic,toxicity,0.44200000166893005,0.3974023163318634,0.3065187335014343,0.2973223328590393,0.41104450821876526,0.347084105014801,0.5421199798583984,0.5229323506355286,0.9806869029998779,0.9508439898490906,2.478959798812866,2.4439704418182373
wiki_toxic,wiki_toxic,toxicity,0.4415000081062317,0.48383036255836487,0.31078290939331055,0.3612479269504547,0.5490550994873047,0.587723433971405,0.2586560547351837,0.33487334847450256,0.558829128742218,0.725389301776886,0.7105615139007568,1.1399883031845093
wiki_toxic,wiki_toxic,toxicity,0.44200000166893005,0.4949638545513153,0.3080357015132904,0.3897259533405304,0.6059739589691162,0.60099196434021,0.2570536732673645,0.32233449816703796,0.5540560483932495,0.6795271635055542,0.7072979807853699,1.0173863172531128
wiki_toxic,wiki_toxic,toxicity,0.4560000002384186,0.5134528279304504,0.34735873341560364,0.4094722867012024,0.6929660439491272,0.6061621904373169,0.2506869435310364,0.32825127243995667,0.5614550709724426,0.7749912142753601,0.6943130493164062,1.2311400175094604
wiki_toxic,wiki_toxic,toxicity,0.4424999952316284,0.4427601397037506,0.3075203001499176,0.32340750098228455,0.46355459094047546,0.5327743887901306,0.26567065715789795,0.3528480529785156,0.5746365785598755,0.715097963809967,0.7248494625091553,1.1869251728057861
wiki_toxic,wiki_toxic,toxicity,0.5479999780654907,0.5066363215446472,0.49750474095344543,0.4014579951763153,0.7763885855674744,0.7020596265792847,0.2445414960384369,0.31490734219551086,0.5206025838851929,0.6351067423820496,0.682196855545044,0.8831365704536438
wiki_toxic,wiki_toxic,toxicity,0.7014999985694885,0.5264201760292053,0.7007961869239807,0.3950096666812897,0.8131274580955505,0.7782653570175171,0.2416495382785797,0.2737368941307068,0.5141707062721252,0.6220458745956421,0.6764287352561951,0.7716057300567627
wiki_toxic,wiki_toxic,toxicity,0.7110000252723694,0.4846693277359009,0.7109511494636536,0.35697808861732483,0.8046301007270813,0.7170235514640808,0.2396773099899292,0.30822813510894775,0.5173065066337585,0.6795738339424133,0.6724671125411987,0.8903460502624512
wiki_toxic,wiki_toxic,toxicity,0.44449999928474426,0.49186626076698303,0.311511367559433,0.3701913356781006,0.7834171652793884,0.6607210040092468,0.24924035370349884,0.3230314552783966,0.546025276184082,0.7293642163276672,0.6915245652198792,1.0577645301818848
wiki_toxic,wiki_toxic,toxicity,0.4519999921321869,0.46898043155670166,0.32980379462242126,0.35790854692459106,0.6546433568000793,0.6354217529296875,0.2505134642124176,0.3355134129524231,0.5318533182144165,0.6851852536201477,0.6941548585891724,1.045012354850769
wiki_toxic,wiki_toxic,toxicity,0.7124999761581421,0.5058888792991638,0.6956189274787903,0.3922300636768341,0.7941997647285461,0.6675552725791931,0.2394569367170334,0.3082501292228699,0.5185868144035339,0.6923968195915222,0.672026515007019,0.9531323313713074
wiki_toxic,wiki_toxic,toxicity,0.43549999594688416,0.4121288061141968,0.3033786118030548,0.32247814536094666,0.438967764377594,0.3967558741569519,0.5464628338813782,0.5213667154312134,0.9751424193382263,0.9495536684989929,2.502263069152832,2.3543381690979004
wiki_toxic,wiki_toxic,toxicity,0.4230000078678131,0.4003417193889618,0.29870107769966125,0.31634005904197693,0.2942524552345276,0.3456632196903229,0.5516607165336609,0.5301147699356079,0.9583510160446167,0.9491545557975769,2.605168342590332,2.5184805393218994
wiki_toxic,wiki_toxic,toxicity,0.43149998784065247,0.4047123193740845,0.30509525537490845,0.3170183598995209,0.3469870686531067,0.4014418423175812,0.5483406186103821,0.505440890789032,0.9677233099937439,0.9346645474433899,3.039558172225952,2.2025139331817627
wiki_toxic,wiki_toxic,toxicity,0.43700000643730164,0.41902703046798706,0.3048558831214905,0.33832117915153503,0.3674625754356384,0.40952953696250916,0.5473601222038269,0.4964779019355774,0.9720350503921509,0.9362471699714661,2.6254870891571045,2.2026522159576416
wiki_toxic,wiki_toxic,toxicity,0.4334999918937683,0.3909205496311188,0.3031498193740845,0.29034265875816345,0.20620571076869965,0.3001193404197693,0.548285186290741,0.5591153502464294,0.9594772458076477,0.9692111611366272,2.459789752960205,2.8785550594329834
wiki_toxic,wiki_toxic,toxicity,0.43700000643730164,0.3951217234134674,0.3041057884693146,0.2994261682033539,0.30768775939941406,0.3132617473602295,0.5516236424446106,0.531089723110199,0.9784074425697327,0.9521492123603821,2.897475242614746,2.5698108673095703
wiki_toxic,wiki_toxic,toxicity,0.4345000088214874,0.453889399766922,0.3036381006240845,0.36394003033638,0.36276891827583313,0.544964075088501,0.5173699855804443,0.46606895327568054,0.9333932995796204,0.9353356957435608,1.844372272491455,2.0324347019195557
wiki_toxic,wiki_toxic,toxicity,0.4375,0.40543079376220703,0.3058467209339142,0.3110523223876953,0.3291880488395691,0.34159576892852783,0.5468381643295288,0.5400778651237488,0.9729668498039246,0.9621195793151855,2.65265154838562,2.6556248664855957
wiki_toxic,wiki_toxic,toxicity,0.4300000071525574,0.3961687982082367,0.30362457036972046,0.30638301372528076,0.3757131099700928,0.32630059123039246,0.5533216595649719,0.5501338243484497,0.9721710681915283,0.9589928984642029,2.7420878410339355,2.744309902191162
wiki_toxic,wiki_toxic,toxicity,0.4334999918937683,0.3887602388858795,0.3031498193740845,0.3035631775856018,0.31392213702201843,0.3574922978878021,0.5477938652038574,0.5216389298439026,0.9666026830673218,0.9366885423660278,2.48158597946167,2.29036545753479
wiki_toxic,wiki_toxic,toxicity,0.43149998784065247,0.42130741477012634,0.3029071092605591,0.3329467475414276,0.36994144320487976,0.4002072513103485,0.5517481565475464,0.5270612835884094,0.9713276028633118,0.9586572051048279,2.640606164932251,2.53648042678833
wiki_toxic,wiki_toxic,toxicity,0.4339999854564667,0.43202441930770874,0.30264994502067566,0.33706948161125183,0.3708653748035431,0.41081544756889343,0.5558876395225525,0.5317106246948242,0.9842151403427124,0.9644873142242432,3.0932419300079346,2.600733995437622
wiki_toxic,wiki_toxic,toxicity,0.4334999918937683,0.40450361371040344,0.3031498193740845,0.3021562695503235,0.28844431042671204,0.28793206810951233,0.5613047480583191,0.5771247744560242,0.992278516292572,0.9702469706535339,4.85096549987793,3.0300841331481934
wiki_toxic,wiki_toxic,toxicity,0.41999998688697815,0.4017793536186218,0.29791516065597534,0.31587523221969604,0.254020094871521,0.31534600257873535,0.5689441561698914,0.5580625534057617,0.9776940941810608,0.9636408090591431,4.238493919372559,2.8119306564331055
wiki_toxic,wiki_toxic,toxicity,0.43849998712539673,0.44977056980133057,0.3048314154148102,0.35988715291023254,0.5430138111114502,0.4404307007789612,0.5300554633140564,0.5018148422241211,0.9667156338691711,0.9443699717521667,2.100961685180664,2.256788492202759
wiki_toxic,wiki_toxic,toxicity,0.4350000023841858,0.3973597288131714,0.30388200283050537,0.3011634051799774,0.3108310401439667,0.302903413772583,0.5550029873847961,0.563986599445343,0.9821314215660095,0.9701186418533325,3.213266372680664,2.9960904121398926
wiki_toxic,wiki_toxic,toxicity,0.43650001287460327,0.39931347966194153,0.3038635551929474,0.29643917083740234,0.3974967300891876,0.32391712069511414,0.5586522817611694,0.5683358907699585,0.9920749068260193,0.9699382781982422,3.664339303970337,2.8895316123962402
wiki_toxic,wiki_toxic,toxicity,0.43950000405311584,0.3967050313949585,0.3068212568759918,0.30665504932403564,0.2951130270957947,0.33936360478401184,0.5564004778862,0.5439205765724182,0.9898756146430969,0.9601715803146362,3.7514779567718506,2.6334662437438965
wiki_toxic,wiki_toxic,toxicity,0.43149998784065247,0.4250796139240265,0.3029071092605591,0.33458030223846436,0.3495540916919708,0.4213871955871582,0.5578902363777161,0.5029767751693726,0.9779762029647827,0.9457772374153137,2.9619061946868896,2.2774152755737305
wiki_toxic,wiki_toxic,toxicity,0.4415000081062317,0.44254469871520996,0.30627816915512085,0.35458093881607056,0.4546705484390259,0.5311430096626282,0.5454719066619873,0.47233864665031433,0.9842390418052673,0.934146523475647,2.5598080158233643,2.0490617752075195
wiki_toxic,wiki_toxic,toxicity,0.4390000104904175,0.43911460041999817,0.30507296323776245,0.35161569714546204,0.37653160095214844,0.4073237478733063,0.5529334545135498,0.5261979699134827,0.986384928226471,0.9536560773849487,2.990466594696045,2.517915964126587
wiki_toxic,wiki_toxic,toxicity,0.43650001287460327,0.4180881679058075,0.3038635551929474,0.33134764432907104,0.3388196527957916,0.38211342692375183,0.5494468212127686,0.5195361375808716,0.9772008657455444,0.9484094977378845,2.7819180488586426,2.44545316696167
wiki_toxic,wiki_toxic,toxicity,0.43149998784065247,0.42082491517066956,0.3029071092605591,0.3310776650905609,0.31964513659477234,0.4083644449710846,0.5283135771751404,0.4930320978164673,0.9401037693023682,0.9447634816169739,2.0308408737182617,2.3032145500183105
wiki_toxic,wiki_toxic,toxicity,0.4359999895095825,0.39639031887054443,0.3051140606403351,0.2947276830673218,0.24083112180233002,0.297605037689209,0.5596892237663269,0.5784866213798523,0.9885624051094055,0.9636409282684326,4.336006164550781,2.935116767883301
wiki_toxic,wiki_toxic,toxicity,0.4359999895095825,0.4087217152118683,0.3051140606403351,0.3129117488861084,0.27738550305366516,0.3227872848510742,0.5531442761421204,0.5550532937049866,0.9767134785652161,0.9675986170768738,2.8387670516967773,2.8867762088775635
wiki_toxic,wiki_toxic,toxicity,0.43700000643730164,0.4321695566177368,0.3048558831214905,0.3412978947162628,0.3963426947593689,0.416557252407074,0.5428993701934814,0.5012717843055725,0.9703537225723267,0.9527820944786072,2.513005495071411,2.3891091346740723
wiki_toxic,wiki_toxic,toxicity,0.4399999976158142,0.4233337938785553,0.3055555522441864,0.33865588903427124,0.422384113073349,0.3851350247859955,0.5354060530662537,0.5238981246948242,0.9681881666183472,0.9566515684127808,2.220402956008911,2.534536123275757
wiki_toxic,wiki_toxic,toxicity,0.4300000071525574,0.4193722605705261,0.30362457036972046,0.32216623425483704,0.2504490315914154,0.32522866129875183,0.5616523027420044,0.5605689883232117,0.98438960313797,0.9675924777984619,4.3499040603637695,2.919753074645996
wiki_toxic,wiki_toxic,toxicity,0.44200000166893005,0.4436091482639313,0.3065187335014343,0.36238807439804077,0.6100746393203735,0.52962327003479,0.5118767619132996,0.46700817346572876,0.9573151469230652,0.932188868522644,1.8225828409194946,2.033668041229248
wiki_toxic,wiki_toxic,toxicity,0.4350000023841858,0.41063815355300903,0.3031359016895294,0.31396302580833435,0.28118056058883667,0.3136258125305176,0.5556110739707947,0.567404568195343,0.9822282791137695,0.9724043011665344,3.317140579223633,3.084287643432617
wiki_toxic,wiki_toxic,toxicity,0.4375,0.4248020350933075,0.30434781312942505,0.3378797471523285,0.36563751101493835,0.37886473536491394,0.5550189018249512,0.5458711981773376,0.9860420227050781,0.9554564952850342,3.1972992420196533,2.561516761779785
wiki_toxic,wiki_toxic,toxicity,0.43549999594688416,0.40019717812538147,0.30486950278282166,0.30936381220817566,0.24425874650478363,0.3223911225795746,0.5579389333724976,0.5618242025375366,0.9838100075721741,0.9597628712654114,3.6148324012756348,2.8325722217559814
wiki_toxic,wiki_toxic,toxicity,0.43799999356269836,0.4060300290584564,0.30458971858024597,0.3122917115688324,0.22240518033504486,0.3183261454105377,0.5600345134735107,0.5721613764762878,0.9961545467376709,0.9651416540145874,5.580318927764893,2.9139201641082764
wiki_toxic,wiki_toxic,toxicity,0.4309999942779541,0.4056708514690399,0.30412110686302185,0.30357763171195984,0.2501054108142853,0.27908092737197876,0.5623618960380554,0.5903216600418091,0.9874030351638794,0.9676814675331116,5.297691345214844,3.000307321548462
wiki_toxic,wiki_toxic,toxicity,0.43650001287460327,0.4511968195438385,0.3053584396839142,0.37118637561798096,0.23621146380901337,0.48281821608543396,0.5607001781463623,0.5021136403083801,0.9913479685783386,0.949999988079071,4.707159996032715,2.426997661590576
wiki_toxic,wiki_toxic,toxicity,0.43299999833106995,0.3945958912372589,0.30511215329170227,0.2939754128456116,0.21426869928836823,0.29553166031837463,0.5599536299705505,0.582874059677124,0.9821704030036926,0.9648712277412415,4.220370769500732,2.9543657302856445
wiki_toxic,wiki_toxic,toxicity,0.43549999594688416,0.41634535789489746,0.30486950278282166,0.32870930433273315,0.24124114215373993,0.3361835479736328,0.5605296492576599,0.5589764714241028,0.9881412982940674,0.9577398896217346,4.172694683074951,2.716257333755493
wiki_toxic,wiki_toxic,toxicity,0.43700000643730164,0.40907052159309387,0.3041057884693146,0.31309425830841064,0.3513568639755249,0.3456174433231354,0.5370785593986511,0.5325985550880432,0.9619573354721069,0.9527691006660461,2.2694122791290283,2.5961697101593018
wiki_toxic,wiki_toxic,toxicity,0.4325000047683716,0.4135461449623108,0.30266085267066956,0.3175666332244873,0.22609128057956696,0.3449277877807617,0.5629763603210449,0.5661994218826294,0.9883188009262085,0.9629393815994263,5.100223541259766,2.8994312286376953
wiki_toxic,wiki_toxic,toxicity,0.4339999854564667,0.4037533700466156,0.30413487553596497,0.3193226754665375,0.24011144042015076,0.3391537070274353,0.5598684549331665,0.5530773401260376,0.9861260652542114,0.9544550180435181,4.337435722351074,2.689161777496338
wiki_toxic,wiki_toxic,toxicity,0.43650001287460327,0.4124552011489868,0.3038635551929474,0.3163022994995117,0.23354052007198334,0.3373670279979706,0.5610045194625854,0.5656560063362122,0.9929047226905823,0.9644626975059509,5.152474880218506,2.9262962341308594
wiki_toxic,wiki_toxic,toxicity,0.43849998712539673,0.4097839593887329,0.3048314154148102,0.322398841381073,0.2424367219209671,0.32579711079597473,0.5596941113471985,0.5619947910308838,0.9944031238555908,0.9611181020736694,5.360673427581787,2.8887102603912354
wiki_toxic,wiki_toxic,toxicity,0.4334999918937683,0.40901845693588257,0.303889662027359,0.31549590826034546,0.21838508546352386,0.33395928144454956,0.5624272227287292,0.5645894408226013,0.9883734583854675,0.9612945318222046,5.8772101402282715,2.890117645263672
wiki_toxic,wiki_toxic,toxicity,0.43549999594688416,0.4006340205669403,0.3033786118030548,0.3069422245025635,0.1923365741968155,0.28243210911750793,0.5613670349121094,0.5754543542861938,0.9904773235321045,0.9596792459487915,6.331221103668213,2.944453239440918
wiki_toxic,wiki_toxic,toxicity,0.43549999594688416,0.4028068482875824,0.3033786118030548,0.30273324251174927,0.23028571903705597,0.28799793124198914,0.5608791708946228,0.5846777558326721,0.9864182472229004,0.9741654396057129,4.7200727462768555,3.1658692359924316
wiki_toxic,wiki_toxic,toxicity,0.4350000023841858,0.3995320200920105,0.30388200283050537,0.2978323698043823,0.18551833927631378,0.29901576042175293,0.5611013174057007,0.5849551558494568,0.9897637367248535,0.974199652671814,5.416684150695801,3.1928510665893555
wiki_toxic,wiki_toxic,toxicity,0.43549999594688416,0.4099574685096741,0.30412572622299194,0.31480342149734497,0.20918479561805725,0.3247625529766083,0.5591813921928406,0.5688355565071106,0.9809795618057251,0.9729884266853333,3.9127798080444336,3.098320960998535
wiki_toxic,wiki_toxic,toxicity,0.4325000047683716,0.41110759973526,0.30191972851753235,0.3157956600189209,0.19943560659885406,0.2992476522922516,0.5625781416893005,0.5778029561042786,0.9891555905342102,0.9659092426300049,6.241699695587158,2.9749386310577393
wiki_toxic,wiki_toxic,toxicity,0.43799999356269836,0.3993740975856781,0.30534180998802185,0.29482710361480713,0.20638157427310944,0.2944340109825134,0.5587909817695618,0.5791416764259338,0.9900967478752136,0.9731444120407104,5.239511966705322,3.214747428894043
wiki_toxic,wiki_toxic,toxicity,0.43650001287460327,0.39913713932037354,0.3038635551929474,0.29858794808387756,0.1997726410627365,0.2768101692199707,0.5610133409500122,0.5825604796409607,0.9918572306632996,0.9683544635772705,6.383210182189941,3.057795763015747
toxigen,toxigen,toxicity,0.5580000281333923,0.5798476934432983,0.35815146565437317,0.4889204800128937,0.8017224669456482,0.8300741314888,0.30465659499168396,0.2578643560409546,0.8298245072364807,0.5958009958267212,0.835715651512146,0.6570749282836914
toxigen,toxigen,toxicity,0.5580000281333923,0.679133415222168,0.35815146565437317,0.6424074172973633,0.8054227828979492,0.7987257838249207,0.2747161388397217,0.2622631788253784,0.7732304334640503,0.4900209605693817,0.7501301169395447,0.618613064289093
toxigen,toxigen,toxicity,0.5580000281333923,0.5935075879096985,0.35815146565437317,0.5088134407997131,0.8460955619812012,0.7938989400863647,0.24926942586898804,0.27943819761276245,0.7051246166229248,0.6304112672805786,0.6898780465126038,0.7229202389717102
toxigen,toxigen,toxicity,0.5580000281333923,0.6083228588104248,0.35815146565437317,0.5009149312973022,0.8657860159873962,0.8273062109947205,0.23401260375976562,0.256184846162796,0.6687152981758118,0.6974602341651917,0.6574147343635559,0.7403614521026611
toxigen,toxigen,toxicity,0.5580000281333923,0.595435619354248,0.35815146565437317,0.482552170753479,0.854494571685791,0.8081325888633728,0.23627592623233795,0.2645713686943054,0.683605432510376,0.6797026991844177,0.6615909337997437,0.7315582633018494
toxigen,toxigen,toxicity,0.5580000281333923,0.5511184930801392,0.35815146565437317,0.47248247265815735,0.8019413948059082,0.7336102724075317,0.3260580897331238,0.3347639739513397,0.8620628714561462,0.627444326877594,0.9094409346580505,0.7182312607765198
toxigen,toxigen,toxicity,0.5580000281333923,0.5751230120658875,0.35815146565437317,0.49770283699035645,0.8035688400268555,0.7496076822280884,0.30708032846450806,0.31828245520591736,0.8322516679763794,0.6196810007095337,0.8431546092033386,0.6815010905265808
toxigen,toxigen,toxicity,0.5669999718666077,0.5970463752746582,0.3821267783641815,0.5011951327323914,0.8683575987815857,0.8295764327049255,0.22285568714141846,0.25967860221862793,0.6265082359313965,0.670559287071228,0.6356456279754639,0.7317001223564148
toxigen,toxigen,toxicity,0.5580000281333923,0.5784838199615479,0.35815146565437317,0.4816218316555023,0.8192321062088013,0.7747941017150879,0.24821729958057404,0.28233346343040466,0.6895408034324646,0.6465397477149963,0.688249945640564,0.7442181706428528
toxigen,toxigen,toxicity,0.5580000281333923,0.5911335945129395,0.35815146565437317,0.5039523839950562,0.8450398445129395,0.7994219660758972,0.24631115794181824,0.2866435945034027,0.7085121870040894,0.6636923551559448,0.6828683614730835,0.7133402824401855
toxigen,toxigen,toxicity,0.559499979019165,0.5838472247123718,0.36187881231307983,0.465445339679718,0.8217909932136536,0.8246981501579285,0.23160400986671448,0.24548016488552094,0.6415164470672607,0.6603315472602844,0.6535842418670654,0.7297118306159973
toxigen,toxigen,toxicity,0.5590000152587891,0.6207609176635742,0.360638827085495,0.5180172324180603,0.8720954060554504,0.8404996991157532,0.22955793142318726,0.2454470992088318,0.6485401391983032,0.6502864360809326,0.6488387584686279,0.6690645217895508
toxigen,toxigen,toxicity,0.5820000171661377,0.5643129348754883,0.5580044984817505,0.46007347106933594,0.7586098313331604,0.7792060971260071,0.23772719502449036,0.27838680148124695,0.543076753616333,0.717608630657196,0.668256938457489,0.8715099096298218
toxigen,toxigen,toxicity,0.6244999766349792,0.5772272944450378,0.5211923122406006,0.4601310193538666,0.7621342539787292,0.8257473707199097,0.22865039110183716,0.24687816202640533,0.5669946670532227,0.6866351366043091,0.6497009992599487,0.7604048252105713
toxigen,toxigen,toxicity,0.5580000281333923,0.6189577579498291,0.35815146565437317,0.5256308317184448,0.8636862635612488,0.8220848441123962,0.24587953090667725,0.24474723637104034,0.702845573425293,0.6499388813972473,0.6821116805076599,0.7073015570640564
toxigen,toxigen,toxicity,0.559499979019165,0.6007142663002014,0.36187881231307983,0.49670252203941345,0.8629376888275146,0.8326719403266907,0.23046238720417023,0.2450687736272812,0.6548984050750732,0.6568543910980225,0.6504502892494202,0.6945998072624207
toxigen,toxigen,toxicity,0.5580000281333923,0.604340672492981,0.35815146565437317,0.5323797464370728,0.8007863759994507,0.7971158623695374,0.3182704448699951,0.2884361147880554,0.8500997424125671,0.6065923571586609,0.8809893131256104,0.6940311193466187
toxigen,toxigen,toxicity,0.559499979019165,0.5898227691650391,0.36187881231307983,0.5152187943458557,0.8614293932914734,0.7918140888214111,0.22991545498371124,0.2881275415420532,0.6514894366264343,0.649360179901123,0.6494075059890747,0.7398219108581543
toxigen,toxigen,toxicity,0.5580000281333923,0.5945934057235718,0.35815146565437317,0.5026910305023193,0.8532549142837524,0.787373960018158,0.24074777960777283,0.2746608853340149,0.6919587254524231,0.6378346085548401,0.6710003614425659,0.69417405128479
toxigen,toxigen,toxicity,0.5580000281333923,0.6104798913002014,0.35815146565437317,0.5028371810913086,0.8252606987953186,0.8356102108955383,0.24642258882522583,0.24169497191905975,0.7137755751609802,0.7014873027801514,0.6831692457199097,0.7371786236763
toxigen,toxigen,toxicity,0.5580000281333923,0.6197671890258789,0.35815146565437317,0.5184696316719055,0.8765473365783691,0.840457558631897,0.2505846321582794,0.2358155995607376,0.7242550849914551,0.6561639904975891,0.6916411519050598,0.6790097951889038
toxigen,toxigen,toxicity,0.5619999766349792,0.6359405517578125,0.3680419623851776,0.5512399673461914,0.8491952419281006,0.8547120094299316,0.22775235772132874,0.22493888437747955,0.6190490126609802,0.6518744826316833,0.6463663578033447,0.7161499857902527
toxigen,toxigen,toxicity,0.609000027179718,0.5721112489700317,0.5469818115234375,0.46403974294662476,0.6686148643493652,0.785039484500885,0.24211712181568146,0.2453709840774536,0.525393545627594,0.6422982811927795,0.677333652973175,0.7776154279708862
toxigen,toxigen,toxicity,0.5879999995231628,0.5632314085960388,0.47803106904029846,0.45149561762809753,0.6668288707733154,0.7909520268440247,0.24090731143951416,0.24614934623241425,0.5356497168540955,0.6218950748443604,0.6748611330986023,0.7386517524719238
toxigen,toxigen,toxicity,0.5699999928474426,0.6048943400382996,0.38926005363464355,0.5132534503936768,0.8624618053436279,0.8386744260787964,0.22440078854560852,0.2560235261917114,0.6040898561477661,0.6473070979118347,0.6399378180503845,0.7142423987388611
toxigen,toxigen,toxicity,0.5580000281333923,0.5943924784660339,0.35815146565437317,0.5005244612693787,0.7656992673873901,0.8056275844573975,0.2394763082265854,0.2639943063259125,0.6116995811462402,0.6267675161361694,0.6712857484817505,0.7208989262580872
toxigen,toxigen,toxicity,0.44200000166893005,0.5717256665229797,0.3065187335014343,0.47483909130096436,0.6646419167518616,0.7563540935516357,0.2583730220794678,0.2668382227420807,0.5626097917556763,0.6102559566497803,0.7099502086639404,0.7852687835693359
toxigen,toxigen,toxicity,0.6955000162124634,0.5595523118972778,0.6439511775970459,0.4611874222755432,0.8555421829223633,0.8039721846580505,0.2163005918264389,0.27797579765319824,0.5642950534820557,0.6813656687736511,0.6245310306549072,0.7849936485290527
toxigen,toxigen,toxicity,0.7080000042915344,0.5647047758102417,0.7048072218894958,0.44978567957878113,0.762807309627533,0.7975662350654602,0.24401773512363434,0.24094173312187195,0.5108247399330139,0.6261315941810608,0.6811754703521729,0.7286424040794373
toxigen,toxigen,toxicity,0.6290000081062317,0.5688485503196716,0.627173125743866,0.45069658756256104,0.7121638655662537,0.7987642884254456,0.244836688041687,0.2514920234680176,0.5130773782730103,0.6569218039512634,0.6828094124794006,0.774517834186554
toxigen,toxigen,toxicity,0.5584999918937683,0.5388153195381165,0.36043018102645874,0.42117029428482056,0.6051149368286133,0.7658239603042603,0.2453901618719101,0.26529860496520996,0.6016274094581604,0.6409280896186829,0.6837952733039856,0.8115634918212891
toxigen,toxigen,toxicity,0.5584999918937683,0.5597324371337891,0.35939639806747437,0.4728667140007019,0.4819328784942627,0.7270852327346802,0.2474755495786667,0.2770046591758728,0.5631433725357056,0.6229920387268066,0.6881294250488281,0.8515145778656006
toxigen,toxigen,toxicity,0.47450000047683716,0.5270788073539734,0.46751904487609863,0.4160076975822449,0.444828599691391,0.7337711453437805,0.2539406716823578,0.28653261065483093,0.5275483131408691,0.632785439491272,0.7010841369628906,0.8332842588424683
toxigen,toxigen,toxicity,0.5855000019073486,0.5575274229049683,0.4555850327014923,0.4597540497779846,0.6577572822570801,0.6920436024665833,0.2442016452550888,0.2675158977508545,0.5243753790855408,0.5992425084114075,0.6815257668495178,0.8115770220756531
toxigen,toxigen,toxicity,0.5394999980926514,0.5536386966705322,0.5210049152374268,0.4540926516056061,0.5279475450515747,0.7345775365829468,0.24825184047222137,0.2777453660964966,0.5321304798126221,0.6617600321769714,0.6896395087242126,0.8726911544799805
toxigen,toxigen,toxicity,0.5580000281333923,0.5890324115753174,0.35815146565437317,0.4761069715023041,0.8255480527877808,0.8360892534255981,0.23336346447467804,0.24439847469329834,0.5974518060684204,0.6437129378318787,0.6588093638420105,0.7030740976333618
toxigen,toxigen,toxicity,0.6639999747276306,0.571954607963562,0.6532593369483948,0.4683193862438202,0.7153122425079346,0.7998364567756653,0.2433716505765915,0.2504103183746338,0.5144444108009338,0.6483408808708191,0.6798760890960693,0.7726901173591614
toxigen,toxigen,toxicity,0.43950000405311584,0.5154775381088257,0.38467296957969666,0.40047380328178406,0.45796385407447815,0.709778368473053,0.2579900026321411,0.2851322889328003,0.5373327136039734,0.6344103813171387,0.7092421054840088,0.8641091585159302
toxigen,toxigen,toxicity,0.44600000977516174,0.5066639184951782,0.3167031407356262,0.3725354075431824,0.6232028007507324,0.7154008150100708,0.25249263644218445,0.28916841745376587,0.5373479127883911,0.6892808079719543,0.6981299519538879,0.949981153011322
toxigen,toxigen,toxicity,0.44200000166893005,0.5585548877716064,0.3065187335014343,0.45325207710266113,0.6160769462585449,0.7700874209403992,0.25344279408454895,0.24389050900936127,0.5355044007301331,0.5731074213981628,0.7000345587730408,0.7348860502243042
toxigen,toxigen,toxicity,0.5580000281333923,0.6054126024246216,0.35815146565437317,0.5063285231590271,0.7903590798377991,0.8183231949806213,0.2546614110469818,0.24824048578739166,0.7069264054298401,0.6541625261306763,0.7027414441108704,0.724197506904602
toxigen,toxigen,toxicity,0.5580000281333923,0.5897554159164429,0.35815146565437317,0.4992568790912628,0.8463398218154907,0.7938048243522644,0.24095365405082703,0.2664124071598053,0.680668830871582,0.6186233758926392,0.6721624135971069,0.6878801584243774
toxigen,toxigen,toxicity,0.6200000047683716,0.5923645496368408,0.5140112042427063,0.4847087562084198,0.7796449065208435,0.8380637168884277,0.22662819921970367,0.2458830177783966,0.5725087523460388,0.6782029867172241,0.6454100012779236,0.7475107312202454
toxigen,toxigen,toxicity,0.5580000281333923,0.5969231724739075,0.35815146565437317,0.5000789165496826,0.8082533478736877,0.8345271944999695,0.2820713222026825,0.26580503582954407,0.7884290218353271,0.6501322388648987,0.7694202065467834,0.7035966515541077
toxigen,toxigen,toxicity,0.46799999475479126,0.5445310473442078,0.4357706606388092,0.42699000239372253,0.5360247492790222,0.716513991355896,0.2551695704460144,0.2871670424938202,0.5475546717643738,0.6817175149917603,0.7036480903625488,0.8978214859962463
toxigen,toxigen,toxicity,0.5590000152587891,0.5481119751930237,0.3616688549518585,0.4286656677722931,0.5996367335319519,0.7432049512863159,0.2436184585094452,0.27312663197517395,0.5945367217063904,0.658464252948761,0.6801784634590149,0.8227485418319702
toxigen,toxigen,toxicity,0.5425000190734863,0.5333555340766907,0.5097396969795227,0.4220804274082184,0.5450410842895508,0.713372528553009,0.24645428359508514,0.3054887354373932,0.5351836681365967,0.7246958017349243,0.6860125064849854,0.9430695176124573
toxigen,toxigen,toxicity,0.6685000061988831,0.5637065172195435,0.6683168411254883,0.444917768239975,0.761795699596405,0.8123031854629517,0.22623983025550842,0.26597917079925537,0.5537170171737671,0.7290576100349426,0.6448807716369629,0.8542155027389526
toxigen,toxigen,toxicity,0.5580000281333923,0.6051133871078491,0.35815146565437317,0.5017152428627014,0.8344422578811646,0.827129602432251,0.25041288137435913,0.23871687054634094,0.7142987251281738,0.6374379396438599,0.6920687556266785,0.6793639659881592
toxigen,toxigen,toxicity,0.5580000281333923,0.5684629678726196,0.35815146565437317,0.4620445966720581,0.5058416128158569,0.7537456154823303,0.263042151927948,0.267963707447052,0.6831458806991577,0.653413712978363,0.7229521870613098,0.800032377243042
toxigen,toxigen,toxicity,0.590499997138977,0.5661073327064514,0.4446280896663666,0.46073117852211,0.7200302481651306,0.7725784182548523,0.23638229072093964,0.2690564692020416,0.5563774108886719,0.674843430519104,0.6656023263931274,0.8270335793495178
toxigen,toxigen,toxicity,0.44200000166893005,0.5639382004737854,0.3065187335014343,0.4537110924720764,0.3683454692363739,0.7612215876579285,0.35330304503440857,0.29377472400665283,0.7506176233291626,0.7666869163513184,0.9350903034210205,0.9720280766487122
toxigen,toxigen,toxicity,0.5569999814033508,0.5521509647369385,0.35773923993110657,0.43566104769706726,0.3418656587600708,0.7531946301460266,0.2711505889892578,0.27446746826171875,0.6744936108589172,0.7069670557975769,0.7415587902069092,0.8874101042747498
toxigen,toxigen,toxicity,0.574999988079071,0.5726931095123291,0.5631055235862732,0.4669889211654663,0.6041494607925415,0.7968277335166931,0.24522902071475983,0.25720709562301636,0.5209078788757324,0.6596553325653076,0.6835817694664001,0.7879711389541626
toxigen,toxigen,toxicity,0.5590000152587891,0.5895863175392151,0.360638827085495,0.4899456799030304,0.7770099639892578,0.788949728012085,0.23782989382743835,0.27114778757095337,0.6593659520149231,0.6921608448028564,0.666418194770813,0.792470395565033
toxigen,toxigen,toxicity,0.5575000047683716,0.5588487982749939,0.35794541239738464,0.4409630596637726,0.5834934711456299,0.7665988206863403,0.2811957001686096,0.26837483048439026,0.7526745796203613,0.7258620858192444,0.7685545682907104,0.8971095085144043
toxigen,toxigen,toxicity,0.5814999938011169,0.5517019033432007,0.5371649265289307,0.4581291079521179,0.5994309186935425,0.7422367334365845,0.24178290367126465,0.28487730026245117,0.5448306798934937,0.6815599799156189,0.6765610575675964,0.852242112159729
toxigen,toxigen,toxicity,0.5630000233650208,0.6064953207969666,0.3714907169342041,0.5010634660720825,0.8227397799491882,0.8158012628555298,0.22909891605377197,0.24144993722438812,0.6444715857505798,0.6600215435028076,0.6480029225349426,0.7188922762870789
toxigen,toxigen,toxicity,0.6184999942779541,0.5980976819992065,0.5527170896530151,0.5102452039718628,0.6847925782203674,0.8011454343795776,0.2282668948173523,0.2556026577949524,0.5880993008613586,0.7013375759124756,0.6481806039810181,0.8135179281234741
toxigen,toxigen,toxicity,0.5590000152587891,0.6281307935714722,0.360638827085495,0.5412965416908264,0.7757241725921631,0.8069451451301575,0.23943915963172913,0.252330482006073,0.6708296537399292,0.6409669518470764,0.6692458987236023,0.710573673248291
toxigen,toxigen,toxicity,0.5580000281333923,0.5968344211578369,0.35815146565437317,0.4942404627799988,0.8065686821937561,0.8261491656303406,0.23496629297733307,0.2396671175956726,0.5969259142875671,0.636899471282959,0.662153959274292,0.7285248041152954
toxigen,toxigen,toxicity,0.46399998664855957,0.600251317024231,0.3563254773616791,0.5107093453407288,0.8026803731918335,0.8408534526824951,0.24414189159870148,0.2577052116394043,0.575471818447113,0.6867429614067078,0.6806355714797974,0.7685280442237854
toxigen,toxigen,toxicity,0.5550000071525574,0.5579860210418701,0.38388776779174805,0.4323696792125702,0.5554273128509521,0.7583648562431335,0.24506904184818268,0.2566652297973633,0.555399477481842,0.676609218120575,0.6832141876220703,0.8343087434768677
toxigen,toxigen,toxicity,0.6370000243186951,0.5715755820274353,0.5876330733299255,0.4650479257106781,0.6987042427062988,0.8194155693054199,0.2371082901954651,0.2638843059539795,0.5358011722564697,0.7439588904380798,0.6672192811965942,0.8922999501228333
toxigen,toxigen,toxicity,0.5580000281333923,0.5926780104637146,0.35815146565437317,0.48037296533584595,0.8274770379066467,0.8185733556747437,0.24099202454090118,0.2540122866630554,0.6585688591003418,0.6389925479888916,0.6732329726219177,0.7156763672828674
toxigen,toxigen,toxicity,0.5625,0.5673223733901978,0.3884349763393402,0.4631272852420807,0.5604093670845032,0.7311539649963379,0.24451041221618652,0.2919557988643646,0.5720359086990356,0.7472697496414185,0.6821017861366272,1.0056098699569702
toxigen,toxigen,toxicity,0.5580000281333923,0.5346436500549316,0.35815146565437317,0.4298784136772156,0.41998735070228577,0.7110984921455383,0.2556995153427124,0.28380054235458374,0.6398486495018005,0.6609098315238953,0.7057753801345825,0.8629006147384644
toxigen,toxigen,toxicity,0.6710000038146973,0.5962463617324829,0.6126933097839355,0.5044959783554077,0.8156392574310303,0.7987717390060425,0.23217514157295227,0.26268354058265686,0.5368350744247437,0.647955060005188,0.6572921872138977,0.740007221698761
toxigen,toxigen,toxicity,0.4424999952316284,0.5454530715942383,0.3075203001499176,0.41494855284690857,0.6366725564002991,0.7776030898094177,0.25579243898391724,0.2463165670633316,0.5497240424156189,0.6332928538322449,0.7047490477561951,0.756574809551239
toxigen,toxigen,toxicity,0.5580000281333923,0.5733603239059448,0.35815146565437317,0.4598258137702942,0.8008309602737427,0.8047388195991516,0.23731562495231628,0.25144660472869873,0.6031551361083984,0.6631788611412048,0.6669092178344727,0.7681168913841248
toxigen,toxigen,toxicity,0.5580000281333923,0.5965531468391418,0.35815146565437317,0.49454811215400696,0.7681623697280884,0.7942261099815369,0.2558317482471466,0.25586605072021484,0.7119898200035095,0.6244275569915771,0.7051907777786255,0.702765703201294
toxigen,toxigen,toxicity,0.5590000152587891,0.6165318489074707,0.360638827085495,0.5241268277168274,0.8500791788101196,0.8245189785957336,0.23021188378334045,0.24850793182849884,0.6343023777008057,0.6473627686500549,0.650966227054596,0.6969310641288757
toxigen,toxigen,toxicity,0.640999972820282,0.5900878310203552,0.5590975284576416,0.4945741593837738,0.7398068308830261,0.8149865865707397,0.22971157729625702,0.2672000527381897,0.5601826906204224,0.6603537201881409,0.6519860029220581,0.7739675641059875
toxigen,toxigen,toxicity,0.6340000033378601,0.563317596912384,0.570309042930603,0.4437398910522461,0.6956740021705627,0.7903275489807129,0.23827114701271057,0.25028756260871887,0.5356568694114685,0.6631984114646912,0.6695607304573059,0.7773990631103516
toxigen,toxigen,toxicity,0.5870000123977661,0.5823633670806885,0.4943781793117523,0.4820469915866852,0.5937150120735168,0.7721962928771973,0.2433202713727951,0.2517598867416382,0.5460804104804993,0.6445773243904114,0.6797949075698853,0.7407463788986206
toxigen,toxigen,toxicity,0.5580000281333923,0.6233030557632446,0.35815146565437317,0.5294206738471985,0.8453642129898071,0.8302818536758423,0.23849329352378845,0.2377292960882187,0.6714988350868225,0.6396222114562988,0.6671766042709351,0.6934483051300049
toxigen,toxigen,toxicity,0.5584999918937683,0.570422351360321,0.35939639806747437,0.47798869013786316,0.7857277393341064,0.7971372008323669,0.23907114565372467,0.27099496126174927,0.6672970056533813,0.6474372148513794,0.668742299079895,0.7558040022850037
toxigen,toxigen,toxicity,0.5580000281333923,0.5836293697357178,0.35815146565437317,0.47333791851997375,0.7702246308326721,0.7883469462394714,0.26269471645355225,0.26268309354782104,0.7378178834915161,0.714268147945404,0.7208830714225769,0.8282774090766907
toxigen,toxigen,toxicity,0.5584999918937683,0.577932596206665,0.35939639806747437,0.4760414958000183,0.8091534972190857,0.7932212948799133,0.2344416081905365,0.2626490294933319,0.6508564352989197,0.6546786427497864,0.6592655777931213,0.7354910969734192
toxigen,toxigen,toxicity,0.5580000281333923,0.5339520573616028,0.35815146565437317,0.42065367102622986,0.5594063997268677,0.7759965658187866,0.25733259320259094,0.2986140549182892,0.6708799004554749,0.7298155426979065,0.7097673416137695,0.8885555863380432
toxigen,toxigen,toxicity,0.559499979019165,0.5774165987968445,0.3639262318611145,0.46161046624183655,0.582645058631897,0.7778141498565674,0.25262778997421265,0.2527807056903839,0.6642857193946838,0.6706652045249939,0.699751615524292,0.7581698298454285
toxigen,toxigen,toxicity,0.5559999942779541,0.5452246069908142,0.37981116771698,0.44171762466430664,0.5118772983551025,0.7381132245063782,0.247223898768425,0.2695271968841553,0.5785059928894043,0.6419582366943359,0.687642514705658,0.7919450402259827
toxigen,toxigen,toxicity,0.5220000147819519,0.5728775262832642,0.3842356503009796,0.46978169679641724,0.2799738347530365,0.7409584522247314,0.3259745240211487,0.3027533292770386,0.6943429708480835,0.7613058090209961,0.9109155535697937,0.9716693758964539
toxigen,toxigen,toxicity,0.5580000281333923,0.6064748764038086,0.35815146565437317,0.49747002124786377,0.8045687675476074,0.8124575018882751,0.24771924316883087,0.23148731887340546,0.6896878480911255,0.6408457159996033,0.68711918592453,0.7029330134391785
toxigen,toxigen,toxicity,0.32499998807907104,0.5559442043304443,0.2639489769935608,0.44484540820121765,0.2393750250339508,0.7405379414558411,0.3378567099571228,0.31117016077041626,0.6371962428092957,0.8117575645446777,0.8825567960739136,1.0683696269989014
toxigen,toxigen,toxicity,0.5580000281333923,0.5462085604667664,0.35815146565437317,0.43148258328437805,0.5562843680381775,0.7825592160224915,0.2537633776664734,0.26413625478744507,0.6511737704277039,0.6944782137870789,0.7017048001289368,0.8597106337547302
toxigen,toxigen,toxicity,0.5985000133514404,0.5911689400672913,0.46714460849761963,0.512907862663269,0.7122551202774048,0.7811110615730286,0.22835372388362885,0.2808927595615387,0.6249057650566101,0.7020094394683838,0.6475016474723816,0.8195902109146118
toxigen,toxigen,toxicity,0.5590000152587891,0.5319907665252686,0.36371350288391113,0.4195593595504761,0.4622591733932495,0.6703647375106812,0.2512854039669037,0.3054519295692444,0.6034266352653503,0.7206591963768005,0.6961992383003235,0.9889199733734131
toxigen,toxigen,toxicity,0.22599999606609344,0.5081701278686523,0.22150340676307678,0.3838115334510803,0.1340908259153366,0.6777684092521667,0.38395050168037415,0.32642659544944763,0.641406238079071,0.8073558211326599,1.0099345445632935,1.1522420644760132
toxigen,toxigen,toxicity,0.30149999260902405,0.541490912437439,0.2361476570367813,0.44413477182388306,0.11297164857387543,0.7105000615119934,0.3815971314907074,0.3241889178752899,0.6683189272880554,0.8096713423728943,0.9838815927505493,1.176167368888855
toxigen,toxigen,toxicity,0.5565000176429749,0.5447133779525757,0.363655686378479,0.43008485436439514,0.35317379236221313,0.7506688237190247,0.2750661075115204,0.298101007938385,0.6672942638397217,0.7584330439567566,0.7513829469680786,1.0070749521255493
toxigen,toxigen,toxicity,0.5444999933242798,0.5642964243888855,0.5121526718139648,0.46929416060447693,0.52825927734375,0.7510252594947815,0.2487364262342453,0.2907117009162903,0.5748119354248047,0.7430738210678101,0.6910375952720642,0.9226993918418884
toxigen,toxigen,toxicity,0.5460000038146973,0.548214316368103,0.3629893958568573,0.45906105637550354,0.3690752685070038,0.6705241799354553,0.2815534174442291,0.3193332552909851,0.6667400598526001,0.7646505236625671,0.7693485021591187,1.078816294670105
toxigen,toxigen,toxicity,0.18150000274181366,0.5476601719856262,0.18058040738105774,0.4398196339607239,0.12055012583732605,0.7219587564468384,0.38325047492980957,0.31246674060821533,0.6348700523376465,0.8138493895530701,0.9878833293914795,1.1344586610794067
toxigen,toxigen,toxicity,0.1550000011920929,0.5345227718353271,0.1448398381471634,0.41959527134895325,0.08015405386686325,0.637417733669281,0.470486044883728,0.3279411196708679,0.7062393426895142,0.8134092092514038,1.220210313796997,1.2380967140197754
toxigen,toxigen,toxicity,0.4399999976158142,0.519512951374054,0.3653319478034973,0.4150688052177429,0.28985124826431274,0.6041960120201111,0.31110820174217224,0.3277406394481659,0.6408812999725342,0.774421215057373,0.8326185941696167,1.2218260765075684
toxigen,toxigen,toxicity,0.21850000321865082,0.536605715751648,0.20537902414798737,0.42822039127349854,0.10006751120090485,0.6248437166213989,0.4336092174053192,0.3628827929496765,0.6811597347259521,0.8778437972068787,1.155981421470642,1.5379245281219482
toxigen,toxigen,toxicity,0.5509999990463257,0.6061775088310242,0.5402374267578125,0.5031306147575378,0.5549702048301697,0.8175342679023743,0.24670015275478363,0.2599473297595978,0.5716058611869812,0.7503699064254761,0.6865985989570618,0.844598114490509
toxigen,toxigen,toxicity,0.2535000145435333,0.5708889365196228,0.23500216007232666,0.4699611961841583,0.17250218987464905,0.6751050353050232,0.42266520857810974,0.3254789113998413,0.6905784010887146,0.8653144240379333,1.1153934001922607,1.3894734382629395
toxigen,toxigen,toxicity,0.49050000309944153,0.5793389678001404,0.4124361276626587,0.4806905686855316,0.6952994465827942,0.7675259709358215,0.254751056432724,0.29257145524024963,0.6189804077148438,0.7397640347480774,0.7019757628440857,0.9039153456687927
toxigen,toxigen,toxicity,0.5590000152587891,0.5634220242500305,0.360638827085495,0.45589205622673035,0.5914140939712524,0.7489125728607178,0.2452867180109024,0.23556235432624817,0.5392381548881531,0.541261613368988,0.6836906671524048,0.7428081631660461
toxigen,toxigen,toxicity,0.5630000233650208,0.5812419652938843,0.37049025297164917,0.4857979118824005,0.7621996402740479,0.788200318813324,0.24163009226322174,0.24377205967903137,0.536596417427063,0.594561755657196,0.6763350367546082,0.7351558208465576
toxigen,toxigen,toxicity,0.5584999918937683,0.5415002107620239,0.35939639806747437,0.43556034564971924,0.48844653367996216,0.7113534212112427,0.2472148835659027,0.27313581109046936,0.5550891160964966,0.6052324175834656,0.6875806450843811,0.8590728044509888
toxigen,toxigen,toxicity,0.6000000238418579,0.5778799057006836,0.47763222455978394,0.48349547386169434,0.7201731204986572,0.7961346507072449,0.23562748730182648,0.26556313037872314,0.5496429800987244,0.6976014375686646,0.6640828847885132,0.8135977983474731
toxigen,toxigen,toxicity,0.5189999938011169,0.5452779531478882,0.3694540560245514,0.44705042243003845,0.31521958112716675,0.6516191959381104,0.25325074791908264,0.29706332087516785,0.5280877947807312,0.7077431082725525,0.6996893286705017,1.0622212886810303
toxigen,toxigen,toxicity,0.5580000281333923,0.5545036792755127,0.35815146565437317,0.4322686195373535,0.594221830368042,0.7783448100090027,0.2532716393470764,0.2446068525314331,0.6487783789634705,0.5567483901977539,0.700407087802887,0.7195947170257568
toxigen,toxigen,toxicity,0.5649999976158142,0.5788629651069641,0.377325177192688,0.47649723291397095,0.6852355003356934,0.7915922999382019,0.24122102558612823,0.2568495273590088,0.5518031120300293,0.5931487679481506,0.6754515171051025,0.744369626045227
toxigen,toxigen,toxicity,0.5580000281333923,0.6009323596954346,0.35815146565437317,0.5068164467811584,0.6883494257926941,0.8004916310310364,0.24105443060398102,0.23398427665233612,0.5808296799659729,0.5866110920906067,0.6749281883239746,0.703210175037384
toxigen,toxigen,toxicity,0.5605000257492065,0.556507408618927,0.38926926255226135,0.4553543031215668,0.5214374661445618,0.7231438159942627,0.24677619338035583,0.26918965578079224,0.5361848473548889,0.5920252203941345,0.6866853833198547,0.8006739616394043
toxigen,toxigen,toxicity,0.44749999046325684,0.5320781469345093,0.32394710183143616,0.42011168599128723,0.6293880343437195,0.7428426146507263,0.2506048381328583,0.2626517117023468,0.5253846049308777,0.6388295888900757,0.694346010684967,0.8771854043006897
toxigen,toxigen,toxicity,0.2644999921321869,0.5233298540115356,0.25982189178466797,0.4173230826854706,0.18841075897216797,0.6158598065376282,0.4227505922317505,0.3682055175304413,0.6972643136978149,0.867656409740448,1.1260912418365479,1.5784265995025635
toxigen,toxigen,toxicity,0.1589999943971634,0.5443998575210571,0.1539839655160904,0.4504829943180084,0.08956164121627808,0.6479082703590393,0.48155269026756287,0.3385404944419861,0.712296187877655,0.8296474814414978,1.2703382968902588,1.2677321434020996
toxigen,toxigen,toxicity,0.14350000023841858,0.5299175977706909,0.1434226930141449,0.4239062964916229,0.08046270906925201,0.6107850074768066,0.5330518484115601,0.3736305832862854,0.7467933893203735,0.883303165435791,1.4733482599258423,1.561436414718628
toxigen,toxigen,toxicity,0.2540000081062317,0.5024862885475159,0.2518985867500305,0.39325106143951416,0.17583808302879333,0.6391124129295349,0.3430340588092804,0.3663943409919739,0.6102226972579956,0.8423894047737122,0.895223081111908,1.3450605869293213
toxigen,toxigen,toxicity,0.19699999690055847,0.5324694514274597,0.17480556666851044,0.4321709871292114,0.07995537668466568,0.5806325078010559,0.5281944870948792,0.3802044689655304,0.7563127875328064,0.8954299688339233,1.468280553817749,1.7089128494262695
toxigen,toxigen,toxicity,0.22050000727176666,0.5369582772254944,0.19572822749614716,0.4347270429134369,0.14265252649784088,0.64046311378479,0.4405653774738312,0.3623713254928589,0.7013870477676392,0.8679587841033936,1.1500519514083862,1.44648015499115
toxigen,toxigen,toxicity,0.3569999933242798,0.4577888548374176,0.3072434663772583,0.3480193316936493,0.19141314923763275,0.45717036724090576,0.45542794466018677,0.4406781792640686,0.7707160115242004,0.8888753056526184,1.4471898078918457,1.9823040962219238
toxigen,toxigen,toxicity,0.24150000512599945,0.5099491477012634,0.2381308227777481,0.41477611660957336,0.14465244114398956,0.570562481880188,0.4060709774494171,0.3826265335083008,0.6604270339012146,0.8704177737236023,1.0729730129241943,1.5327074527740479
toxigen,toxigen,toxicity,0.29649999737739563,0.5473864078521729,0.27466580271720886,0.442729115486145,0.24260905385017395,0.6943780779838562,0.3292654752731323,0.3461410403251648,0.6127824187278748,0.8338153958320618,0.8625989556312561,1.2408379316329956
toxigen,toxigen,toxicity,0.1745000034570694,0.5453169941902161,0.17204076051712036,0.4335491955280304,0.09104865044355392,0.6594362258911133,0.5007113814353943,0.31557971239089966,0.727902352809906,0.8219614624977112,1.3549813032150269,1.25833261013031
toxigen,toxigen,toxicity,0.20100000500679016,0.5235802531242371,0.1887262463569641,0.40675896406173706,0.12352008372545242,0.5950965285301208,0.5890892148017883,0.37940555810928345,0.8139004111289978,0.889495313167572,1.7980742454528809,1.700796127319336
toxigen,toxigen,toxicity,0.1274999976158142,0.5111913681030273,0.12592118978500366,0.4070114493370056,0.0683877244591713,0.582425594329834,0.6817137598991394,0.3980770707130432,0.8511542081832886,0.8829038143157959,2.2041046619415283,1.6427624225616455
toxigen,toxigen,toxicity,0.42899999022483826,0.5572419166564941,0.3994000256061554,0.46561968326568604,0.4457429051399231,0.6918289661407471,0.2760090231895447,0.329298734664917,0.5817039012908936,0.8175007104873657,0.7476297616958618,1.1749329566955566
toxigen,toxigen,toxicity,0.1509999930858612,0.49731534719467163,0.1482326090335846,0.40219566226005554,0.07554402202367783,0.4832056164741516,0.7323487401008606,0.4474284052848816,0.8938602805137634,0.9132655262947083,2.8846495151519775,1.9756135940551758
toxigen,toxigen,toxicity,0.22100000083446503,0.4937165677547455,0.2000049352645874,0.3915799558162689,0.11950556933879852,0.46456533670425415,0.6199122667312622,0.46357104182243347,0.8459794521331787,0.9303856492042542,2.148627281188965,2.1050188541412354
toxigen,toxigen,toxicity,0.4415000081062317,0.564061164855957,0.355928510427475,0.4835723042488098,0.5235199928283691,0.7028294205665588,0.3186229467391968,0.3307234048843384,0.6994175314903259,0.8151572346687317,0.8537560701370239,1.151206135749817
toxigen,toxigen,toxicity,0.304500013589859,0.5100961327552795,0.26292431354522705,0.38881972432136536,0.12896586954593658,0.6229544281959534,0.5906608700752258,0.3907518684864044,0.8765777945518494,0.8935773968696594,3.212371349334717,1.6976114511489868
toxigen,toxigen,toxicity,0.20649999380111694,0.542641818523407,0.20594237744808197,0.4370395541191101,0.1253669410943985,0.5754660964012146,0.5723472237586975,0.38563504815101624,0.7944231629371643,0.8836846351623535,1.7748957872390747,1.6013615131378174
toxigen,toxigen,toxicity,0.27549999952316284,0.48257073760032654,0.26570430397987366,0.3821333944797516,0.16961990296840668,0.5255042910575867,0.5036436915397644,0.397829532623291,0.7677602171897888,0.8652265071868896,1.5639286041259766,1.7140443325042725
toxigen,toxigen,toxicity,0.18150000274181366,0.4776073694229126,0.18124926090240479,0.38463613390922546,0.1185268983244896,0.4741097688674927,0.5934491157531738,0.4365561604499817,0.8070640563964844,0.9117132425308228,1.8381294012069702,2.0283565521240234
toxigen,toxigen,toxicity,0.5485000014305115,0.5671458840370178,0.38422951102256775,0.4773614704608917,0.3729296326637268,0.6975822448730469,0.28944131731987,0.3244028389453888,0.6762094497680664,0.8115400671958923,0.7961707711219788,1.1549855470657349
toxigen,toxigen,toxicity,0.1599999964237213,0.4817848205566406,0.15686269104480743,0.38213589787483215,0.09231570363044739,0.4521849453449249,0.5457679033279419,0.4451645612716675,0.7616130709648132,0.9122207760810852,1.508780598640442,2.041161060333252
toxigen,toxigen,toxicity,0.3050000071525574,0.4992300271987915,0.24858690798282623,0.39218300580978394,0.1521042138338089,0.5179621577262878,0.5217664837837219,0.4304284453392029,0.8058955073356628,0.9183714985847473,1.575567364692688,1.993019700050354
toxigen,toxigen,toxicity,0.1809999942779541,0.5353703498840332,0.18048781156539917,0.4334805905818939,0.11243391036987305,0.6147115230560303,0.49071428179740906,0.35897231101989746,0.7231014966964722,0.8382635116577148,1.3324962854385376,1.3381398916244507
toxigen,toxigen,toxicity,0.1665000021457672,0.49294042587280273,0.16618293523788452,0.38179975748062134,0.0947413370013237,0.4561302661895752,0.6009001135826111,0.464625746011734,0.8049409985542297,0.9251905083656311,1.7683225870132446,2.0746548175811768
toxigen,toxigen,toxicity,0.23149999976158142,0.4730033278465271,0.22903889417648315,0.36717602610588074,0.1590435951948166,0.4183966815471649,0.5556508302688599,0.4648643732070923,0.7960414290428162,0.9208167195320129,1.706198811531067,2.273855447769165
toxigen,toxigen,toxicity,0.2694999873638153,0.5591767430305481,0.2614346742630005,0.46438613533973694,0.2313019037246704,0.6351880431175232,0.43807148933410645,0.36385443806648254,0.7150635123252869,0.8846361041069031,1.1929547786712646,1.513197422027588
toxigen,toxigen,toxicity,0.19699999690055847,0.47143229842185974,0.19684258103370667,0.364128053188324,0.1301857829093933,0.4779764413833618,0.5795697569847107,0.453422486782074,0.8045567870140076,0.9254242181777954,1.7683173418045044,2.1424643993377686
toxigen,toxigen,toxicity,0.18799999356269836,0.49518638849258423,0.18315693736076355,0.39125144481658936,0.10362132638692856,0.4717557430267334,0.5452841520309448,0.4286216199398041,0.770848274230957,0.9170678853988647,1.5815825462341309,2.027512311935425
toxigen,toxigen,toxicity,0.1599999964237213,0.48686307668685913,0.15675857663154602,0.387587308883667,0.09914002567529678,0.4637672007083893,0.5987345576286316,0.4452674984931946,0.8032665252685547,0.9004583358764648,1.8184946775436401,1.9376527070999146
toxigen,toxigen,toxicity,0.19850000739097595,0.498049259185791,0.19842766225337982,0.40595749020576477,0.12880520522594452,0.5284796953201294,0.4626770615577698,0.4096675217151642,0.7039429545402527,0.874492883682251,1.2552382946014404,1.648223876953125
toxigen,toxigen,toxicity,0.2199999988079071,0.4660196900367737,0.2199368178844452,0.3610639274120331,0.15763665735721588,0.40842825174331665,0.5220099687576294,0.500201940536499,0.7686748504638672,0.9372175931930542,1.5064040422439575,2.3644039630889893
toxigen,toxigen,toxicity,0.1784999966621399,0.470796674489975,0.17832724750041962,0.36783942580223083,0.10251341760158539,0.40471208095550537,0.579990029335022,0.49768441915512085,0.7900041937828064,0.9423671960830688,1.7113287448883057,2.4245035648345947
toxigen,toxigen,toxicity,0.17149999737739563,0.4913311004638672,0.16962647438049316,0.3860805928707123,0.09979889541864395,0.4204499125480652,0.6223559975624084,0.49592435359954834,0.8212214112281799,0.9449037313461304,1.9623481035232544,2.364778995513916
toxigen,toxigen,toxicity,0.20350000262260437,0.4634667932987213,0.19790761172771454,0.3601013422012329,0.12417439371347427,0.3909325897693634,0.6000282168388367,0.5206727981567383,0.8177539706230164,0.9465349316596985,1.9286549091339111,2.5888431072235107
toxigen,toxigen,toxicity,0.20100000500679016,0.511918842792511,0.2006474882364273,0.4129315912723541,0.13342233002185822,0.555168628692627,0.48895031213760376,0.438150018453598,0.7283163070678711,0.9273581504821777,1.3657543659210205,1.953842282295227
toxigen,toxigen,toxicity,0.20250000059604645,0.4696858525276184,0.19780535995960236,0.3601739704608917,0.13003119826316833,0.38626036047935486,0.5948267579078674,0.5211048126220703,0.8161886930465698,0.9575755596160889,1.8709229230880737,2.7068276405334473
toxigen,toxigen,toxicity,0.2345000058412552,0.49933570623397827,0.22621098160743713,0.4003487527370453,0.12984976172447205,0.5015221834182739,0.4995404779911041,0.42621150612831116,0.745173990726471,0.9026561975479126,1.4432101249694824,1.8846237659454346
toxigen,toxigen,toxicity,0.1615000069141388,0.47304609417915344,0.1569456160068512,0.3749517500400543,0.09196548908948898,0.43764767050743103,0.5586556196212769,0.4710250794887543,0.7726724743843079,0.9235788583755493,1.5653117895126343,2.1993236541748047
toxigen,toxigen,toxicity,0.23000000417232513,0.4791257381439209,0.229996919631958,0.39341795444488525,0.15633565187454224,0.4248928129673004,0.5040403008460999,0.4874258041381836,0.7511025071144104,0.9099677801132202,1.4239914417266846,2.050731658935547
toxigen,toxigen,toxicity,0.19699999690055847,0.4828391671180725,0.1938001960515976,0.3974282145500183,0.1280338168144226,0.45241761207580566,0.6131163835525513,0.49709951877593994,0.827022910118103,0.921200156211853,1.9874043464660645,2.17618465423584
toxigen,toxigen,toxicity,0.17249999940395355,0.4690544903278351,0.16723673045635223,0.36361265182495117,0.10621725767850876,0.43199968338012695,0.6167861223220825,0.5065866708755493,0.8221932053565979,0.9412947297096252,1.9286855459213257,2.3272016048431396
toxigen,toxigen,toxicity,0.20900000631809235,0.4821409285068512,0.20858134329319,0.3877957761287689,0.1469716578722,0.41421568393707275,0.6083937883377075,0.5024222135543823,0.8318899273872375,0.9431649446487427,2.053410768508911,2.4853429794311523
toxigen,toxigen,toxicity,0.19949999451637268,0.478386789560318,0.19583602249622345,0.38415300846099854,0.12874184548854828,0.5048006772994995,0.6345624327659607,0.4746137261390686,0.8509906530380249,0.9222630858421326,2.288623571395874,2.146512985229492
toxigen,toxigen,toxicity,0.2345000058412552,0.48896560072898865,0.23369058966636658,0.3944116234779358,0.15965785086154938,0.5104801058769226,0.4489847421646118,0.4307798147201538,0.7029806971549988,0.898041844367981,1.21852707862854,1.878588080406189
toxigen,toxigen,toxicity,0.22849999368190765,0.4798673391342163,0.22791610658168793,0.3904201090335846,0.15724235773086548,0.49368950724601746,0.44338104128837585,0.4334770143032074,0.6971860527992249,0.8855689764022827,1.1847437620162964,1.7644411325454712
toxigen,toxigen,toxicity,0.3050000071525574,0.48579826951026917,0.2833012342453003,0.39563703536987305,0.16504180431365967,0.48290541768074036,0.431375652551651,0.4419078528881073,0.7021836042404175,0.8847015500068665,1.2139028310775757,1.765958309173584
toxigen,toxigen,toxicity,0.19349999725818634,0.46958276629447937,0.19159843027591705,0.368348628282547,0.12432238459587097,0.4159051477909088,0.6049947738647461,0.5083230137825012,0.8224111199378967,0.9431427717208862,1.9613081216812134,2.4719793796539307
toxigen,toxigen,toxicity,0.21549999713897705,0.4592204689979553,0.21158136427402496,0.36102619767189026,0.1409977674484253,0.42250940203666687,0.6588505506515503,0.5031599998474121,0.8727993965148926,0.937528133392334,2.602766513824463,2.3620142936706543
toxigen,toxigen,toxicity,0.23649999499320984,0.47195374965667725,0.23548147082328796,0.3834759294986725,0.17355738580226898,0.44414398074150085,0.6095412969589233,0.48580360412597656,0.8514252305030823,0.9247676730155945,2.239659547805786,2.197453022003174
civil_comments,civil_comments,toxicity,0.6650000214576721,0.5527198910713196,0.5863707065582275,0.388381689786911,0.8757921457290649,0.87041175365448,0.22123047709465027,0.2826608419418335,0.5613400936126709,0.7706689238548279,0.6347859501838684,0.7679279446601868
civil_comments,civil_comments,toxicity,0.690500020980835,0.5812386274337769,0.6317228674888611,0.45908045768737793,0.8833959698677063,0.8657258152961731,0.21998372673988342,0.27935442328453064,0.5563177466392517,0.6755203008651733,0.6323836445808411,0.692639172077179
civil_comments,civil_comments,toxicity,0.5615000128746033,0.5572465658187866,0.36681419610977173,0.46297356486320496,0.8654525279998779,0.827689528465271,0.22880487143993378,0.305879145860672,0.6331430673599243,0.6745156049728394,0.6480621695518494,0.7093074917793274
civil_comments,civil_comments,toxicity,0.44200000166893005,0.5905861854553223,0.3065187335014343,0.46830061078071594,0.9081774353981018,0.8702748417854309,0.297048419713974,0.25775110721588135,0.712834894657135,0.7062007784843445,0.7905298471450806,0.7056220173835754
civil_comments,civil_comments,toxicity,0.44200000166893005,0.5469768047332764,0.3065187335014343,0.4340873062610626,0.8966756463050842,0.823226273059845,0.3163086771965027,0.30010226368904114,0.7419221997261047,0.6863470673561096,0.8358104228973389,0.7461779713630676
civil_comments,civil_comments,toxicity,0.6694999933242798,0.5656963586807251,0.6577221155166626,0.45930927991867065,0.8852970600128174,0.8247095346450806,0.2287992686033249,0.3017060160636902,0.5403417944908142,0.6761074066162109,0.6503178477287292,0.7205957770347595
civil_comments,civil_comments,toxicity,0.44200000166893005,0.5382058024406433,0.3065187335014343,0.4353817403316498,0.8352329134941101,0.8119049668312073,0.40076014399528503,0.3005722463130951,0.8485506772994995,0.6994270086288452,1.0848956108093262,0.8051504492759705
civil_comments,civil_comments,toxicity,0.44200000166893005,0.5869960784912109,0.3065187335014343,0.47237297892570496,0.9002091884613037,0.8675388693809509,0.31379878520965576,0.24979622662067413,0.7378220558166504,0.6878830790519714,0.8297033905982971,0.6949201226234436
civil_comments,civil_comments,toxicity,0.44200000166893005,0.5489642024040222,0.3065187335014343,0.4359019994735718,0.8459475636482239,0.8358627557754517,0.467193067073822,0.284770131111145,0.9234127402305603,0.7251363396644592,1.4015729427337646,0.7909464240074158
civil_comments,civil_comments,toxicity,0.44200000166893005,0.5442852973937988,0.3065187335014343,0.43744489550590515,0.8774150013923645,0.8431838750839233,0.3465339243412018,0.28081512451171875,0.7877922654151917,0.6897929310798645,0.9138470888137817,0.723821759223938
civil_comments,civil_comments,toxicity,0.44200000166893005,0.5786330699920654,0.3065187335014343,0.46218937635421753,0.892227292060852,0.879281759262085,0.34535878896713257,0.2539195716381073,0.7860738635063171,0.6943915486335754,0.9103996753692627,0.717643678188324
civil_comments,civil_comments,toxicity,0.44200000166893005,0.549225389957428,0.3065187335014343,0.43911293148994446,0.7834100723266602,0.83492112159729,0.42567503452301025,0.25963062047958374,0.8752762079238892,0.6555442810058594,1.184247612953186,0.7190310955047607
civil_comments,civil_comments,toxicity,0.44200000166893005,0.5180712938308716,0.3065187335014343,0.40075260400772095,0.7494110465049744,0.7906835079193115,0.45021486282348633,0.2906056046485901,0.898171067237854,0.697211742401123,1.2994636297225952,0.7841906547546387
civil_comments,civil_comments,toxicity,0.44200000166893005,0.541189432144165,0.3065187335014343,0.43498754501342773,0.8689085245132446,0.830359160900116,0.34965550899505615,0.2897956967353821,0.7880321145057678,0.6759486794471741,0.9226543307304382,0.7487857341766357
civil_comments,civil_comments,toxicity,0.5795000195503235,0.5546301603317261,0.4104366600513458,0.45667070150375366,0.8661352396011353,0.8048493266105652,0.22363469004631042,0.31007304787635803,0.59932541847229,0.6692041158676147,0.6385661959648132,0.7102671265602112
civil_comments,civil_comments,toxicity,0.44200000166893005,0.5545513033866882,0.3065187335014343,0.4315091073513031,0.8225811719894409,0.8504204154014587,0.4495914578437805,0.2674565017223358,0.9036088585853577,0.6961686611175537,1.2988884449005127,0.7320986390113831
civil_comments,civil_comments,toxicity,0.44200000166893005,0.5328985452651978,0.3065187335014343,0.4232165813446045,0.8092375993728638,0.7955278158187866,0.4567164480686188,0.28526726365089417,0.9062156677246094,0.6669349670410156,1.3343833684921265,0.7704655528068542
civil_comments,civil_comments,toxicity,0.44200000166893005,0.5174335837364197,0.3065187335014343,0.3967103362083435,0.7627987265586853,0.7879605889320374,0.37553027272224426,0.2800029516220093,0.810689389705658,0.6404920220375061,0.999587893486023,0.7178768515586853
civil_comments,civil_comments,toxicity,0.44600000977516174,0.5762543082237244,0.31448879837989807,0.4720236659049988,0.88704913854599,0.8347619771957397,0.24500040709972382,0.2922765612602234,0.5911092758178711,0.6773382425308228,0.6819356083869934,0.7192556262016296
civil_comments,civil_comments,toxicity,0.44200000166893005,0.5778778195381165,0.3065187335014343,0.46490880846977234,0.8820868730545044,0.8707656264305115,0.35952097177505493,0.2493484914302826,0.8029010891914368,0.6838889122009277,0.9505271911621094,0.6816177368164062
civil_comments,civil_comments,toxicity,0.44200000166893005,0.5523224472999573,0.3065187335014343,0.4199215769767761,0.622993528842926,0.8027060627937317,0.29935193061828613,0.23636646568775177,0.6778581142425537,0.5441648364067078,0.7974454760551453,0.6125197410583496
civil_comments,civil_comments,toxicity,0.6660000085830688,0.6061553359031677,0.6525144577026367,0.4925040006637573,0.8735783696174622,0.8624585866928101,0.23269739747047424,0.22977730631828308,0.5348092317581177,0.606128454208374,0.6582710146903992,0.6209172606468201
civil_comments,civil_comments,toxicity,0.7795000076293945,0.5808994770050049,0.7794995307922363,0.45766711235046387,0.8804148435592651,0.8425049781799316,0.22618260979652405,0.23961569368839264,0.5343843102455139,0.6243171691894531,0.6452190279960632,0.6128525733947754
civil_comments,civil_comments,toxicity,0.781000018119812,0.6130008697509766,0.7809945344924927,0.48952269554138184,0.8751738667488098,0.8785738945007324,0.23018914461135864,0.22508272528648376,0.5284414887428284,0.5974054932594299,0.6533638834953308,0.5764866471290588
civil_comments,civil_comments,toxicity,0.45649999380111694,0.5310459733009338,0.3495456278324127,0.4101218283176422,0.6268073320388794,0.7727436423301697,0.2511415183544159,0.25481653213500977,0.5322848558425903,0.5610001087188721,0.6954327821731567,0.6676377058029175
civil_comments,civil_comments,toxicity,0.590499997138977,0.5810081958770752,0.4407218098640442,0.4750272035598755,0.815727949142456,0.8351054191589355,0.23253783583641052,0.2493467777967453,0.5622068643569946,0.6068078875541687,0.6577877998352051,0.6338534355163574
civil_comments,civil_comments,toxicity,0.5609999895095825,0.551156222820282,0.396576851606369,0.4511655569076538,0.6044043898582458,0.7572429776191711,0.243743896484375,0.2516360878944397,0.5423802733421326,0.532170832157135,0.6805740594863892,0.6402290463447571
civil_comments,civil_comments,toxicity,0.6010000109672546,0.5738751888275146,0.46585702896118164,0.4647354185581207,0.8199066519737244,0.820183515548706,0.2367098033428192,0.24532431364059448,0.5377469062805176,0.5799645781517029,0.666428804397583,0.6090752482414246
civil_comments,civil_comments,toxicity,0.565500020980835,0.6146347522735596,0.37656912207603455,0.48069751262664795,0.8868373036384583,0.889758288860321,0.22434446215629578,0.2341417372226715,0.6079312562942505,0.6477437615394592,0.6397125124931335,0.6072819232940674
civil_comments,civil_comments,toxicity,0.734000027179718,0.594376266002655,0.7334602475166321,0.4683383107185364,0.8389235734939575,0.8557385206222534,0.237110435962677,0.2319592386484146,0.5213660001754761,0.6021192669868469,0.6672972440719604,0.5902156233787537
civil_comments,civil_comments,toxicity,0.5630000233650208,0.5989023447036743,0.3714907169342041,0.5040590167045593,0.795256495475769,0.8181036114692688,0.23641656339168549,0.2381497025489807,0.563843846321106,0.5503056049346924,0.6656203269958496,0.5966395735740662
civil_comments,civil_comments,toxicity,0.5580000281333923,0.567490816116333,0.35815146565437317,0.4321894943714142,0.6923385858535767,0.8027896285057068,0.2432679533958435,0.23858678340911865,0.5704435706138611,0.52113938331604,0.6795353293418884,0.5684472322463989
civil_comments,civil_comments,toxicity,0.6165000200271606,0.5453096032142639,0.6044555902481079,0.41905996203422546,0.6515532732009888,0.7584256529808044,0.24747808277606964,0.24741919338703156,0.507584273815155,0.5169771909713745,0.6881017684936523,0.6229878664016724
civil_comments,civil_comments,toxicity,0.4560000002384186,0.5704939961433411,0.33607932925224304,0.4614563286304474,0.8128532767295837,0.7930742502212524,0.24629370868206024,0.25373971462249756,0.5294241905212402,0.5601614117622375,0.6856836676597595,0.6301072835922241
civil_comments,civil_comments,toxicity,0.44200000166893005,0.5803220868110657,0.3065187335014343,0.43685150146484375,0.7275767922401428,0.827957808971405,0.2579768896102905,0.22744818031787872,0.5637940168380737,0.5004407167434692,0.7091370820999146,0.5602660179138184
civil_comments,civil_comments,toxicity,0.628000020980835,0.6110992431640625,0.5184285044670105,0.5026475191116333,0.8718536496162415,0.873160719871521,0.22579903900623322,0.22106881439685822,0.5580142140388489,0.5890153646469116,0.644148051738739,0.5660459399223328
civil_comments,civil_comments,toxicity,0.5580000281333923,0.5776262879371643,0.35815146565437317,0.45287302136421204,0.6299622654914856,0.828856885433197,0.2443871796131134,0.2351149022579193,0.5717654824256897,0.5330985188484192,0.6818151473999023,0.5971150398254395
civil_comments,civil_comments,toxicity,0.44200000166893005,0.5635425448417664,0.3065187335014343,0.44223710894584656,0.7297758460044861,0.798365592956543,0.25523239374160767,0.24076099693775177,0.5550423264503479,0.5288064479827881,0.7036011815071106,0.5857529640197754
civil_comments,civil_comments,toxicity,0.44200000166893005,0.5488721132278442,0.3065187335014343,0.42811182141304016,0.7851261496543884,0.7931979894638062,0.27510786056518555,0.24432723224163055,0.6283965706825256,0.5446159839630127,0.7443300485610962,0.6221471428871155
civil_comments,civil_comments,toxicity,0.44200000166893005,0.5652101039886475,0.3065187335014343,0.4378802180290222,0.8973613977432251,0.8800275325775146,0.3161293566226959,0.2633608281612396,0.7421913743019104,0.706949770450592,0.8353514671325684,0.7028970718383789
civil_comments,civil_comments,toxicity,0.44200000166893005,0.568602442741394,0.3065187335014343,0.4617025554180145,0.8518272042274475,0.844051718711853,0.44547927379608154,0.2853981554508209,0.9017592072486877,0.6960772275924683,1.2783483266830444,0.745508074760437
civil_comments,civil_comments,toxicity,0.44200000166893005,0.5312115550041199,0.3065187335014343,0.4215078353881836,0.8036301732063293,0.8402281999588013,0.5280756950378418,0.2638114392757416,0.9748247861862183,0.6824665069580078,2.023071050643921,0.7619771957397461
civil_comments,civil_comments,toxicity,0.44200000166893005,0.5568562746047974,0.3065187335014343,0.4488827586174011,0.8795785903930664,0.8535417318344116,0.3670985996723175,0.2613866925239563,0.8125780820846558,0.6695040464401245,0.9731263518333435,0.7080262303352356
civil_comments,civil_comments,toxicity,0.44200000166893005,0.5049935579299927,0.3065187335014343,0.38406091928482056,0.760890007019043,0.7999122142791748,0.46371370553970337,0.2868739068508148,0.912360429763794,0.6370114684104919,1.375233769416809,0.7747195959091187
civil_comments,civil_comments,toxicity,0.44200000166893005,0.5379161238670349,0.3065187335014343,0.4388248920440674,0.8104139566421509,0.8225859999656677,0.44667503237724304,0.2801234722137451,0.9013380408287048,0.6969968676567078,1.285372018814087,0.7811278700828552
civil_comments,civil_comments,toxicity,0.44200000166893005,0.5474943518638611,0.3065187335014343,0.4162864089012146,0.8877880573272705,0.8680692315101624,0.37169936299324036,0.2597154676914215,0.8184829354286194,0.7009130716323853,0.987036406993866,0.7405998706817627
civil_comments,civil_comments,toxicity,0.44200000166893005,0.5175380706787109,0.3065187335014343,0.4059247076511383,0.6477420330047607,0.7738987803459167,0.4073207676410675,0.28279808163642883,0.8457053303718567,0.6331046223640442,1.1087321043014526,0.7595527172088623
civil_comments,civil_comments,toxicity,0.44200000166893005,0.5353025197982788,0.3065187335014343,0.43604665994644165,0.7415741086006165,0.7851057052612305,0.4848977029323578,0.2960357069969177,0.9345913529396057,0.6682787537574768,1.5213521718978882,0.7956196069717407
civil_comments,civil_comments,toxicity,0.44200000166893005,0.5720993280410767,0.3065187335014343,0.44450807571411133,0.8881636261940002,0.8658410310745239,0.32169806957244873,0.2539978325366974,0.7500632405281067,0.6945996880531311,0.8491100072860718,0.6988551020622253
civil_comments,civil_comments,toxicity,0.44200000166893005,0.4762865900993347,0.3065187335014343,0.3707733154296875,0.45917466282844543,0.7004529237747192,0.45900416374206543,0.30846107006073,0.9017807841300964,0.6510862112045288,1.3486181497573853,0.8598313331604004
civil_comments,civil_comments,toxicity,0.44200000166893005,0.5429098606109619,0.3065187335014343,0.4365970492362976,0.8436704277992249,0.837384819984436,0.3980090320110321,0.2698304355144501,0.8464068174362183,0.6549628376960754,1.0751765966415405,0.7019173502922058
civil_comments,civil_comments,toxicity,0.44200000166893005,0.4895436763763428,0.3065187335014343,0.3925054669380188,0.4161786139011383,0.6670730113983154,0.5321013331413269,0.33753857016563416,0.9752237200737,0.7323645949363708,2.1070151329040527,1.0106867551803589
civil_comments,civil_comments,toxicity,0.44200000166893005,0.5224109888076782,0.3065187335014343,0.4236375391483307,0.6901415586471558,0.7712283134460449,0.4429110288619995,0.293228417634964,0.8923125267028809,0.6719066500663757,1.2669415473937988,0.7779910564422607
civil_comments,civil_comments,toxicity,0.44200000166893005,0.5279348492622375,0.3065187335014343,0.4103786051273346,0.8056219220161438,0.8108140230178833,0.4566991925239563,0.27203962206840515,0.9083718657493591,0.6695225238800049,1.336193323135376,0.7257728576660156
civil_comments,civil_comments,toxicity,0.44200000166893005,0.5376369953155518,0.3065187335014343,0.42809128761291504,0.7369473576545715,0.8071962594985962,0.3362993001937866,0.2749393880367279,0.752695620059967,0.6109809875488281,0.8873191475868225,0.7170383334159851
civil_comments,civil_comments,toxicity,0.44200000166893005,0.561253011226654,0.3065187335014343,0.45240747928619385,0.8797838687896729,0.8641440272331238,0.41889750957489014,0.2510348856449127,0.872631311416626,0.6754249930381775,1.1550233364105225,0.6855257153511047
civil_comments,civil_comments,toxicity,0.44200000166893005,0.5415298938751221,0.3065187335014343,0.43877020478248596,0.8410253524780273,0.7955194711685181,0.4447793960571289,0.2876746654510498,0.8961727023124695,0.6891589164733887,1.2717372179031372,0.7994565963745117
civil_comments,civil_comments,toxicity,0.44200000166893005,0.49651822447776794,0.3065187335014343,0.38943958282470703,0.33215904235839844,0.746514081954956,0.4934707283973694,0.29735755920410156,0.9350058436393738,0.69746994972229,1.5901546478271484,0.8271673321723938
civil_comments,civil_comments,toxicity,0.44200000166893005,0.5200121402740479,0.3065187335014343,0.39903590083122253,0.7728920578956604,0.7753652334213257,0.28114235401153564,0.25743424892425537,0.6450167298316956,0.5514644384384155,0.7571154236793518,0.6595989465713501
civil_comments,civil_comments,toxicity,0.44200000166893005,0.5450004935264587,0.3065187335014343,0.4351244270801544,0.7676494717597961,0.8016062378883362,0.27747923135757446,0.2566152811050415,0.6400516033172607,0.5873584151268005,0.749311089515686,0.6573117971420288
civil_comments,civil_comments,toxicity,0.6470000147819519,0.6268408298492432,0.6311971545219421,0.5099077820777893,0.8643887042999268,0.878433346748352,0.2326725870370865,0.2261313945055008,0.5361160635948181,0.6060745716094971,0.6581878066062927,0.5738025903701782
civil_comments,civil_comments,toxicity,0.476500004529953,0.5652105212211609,0.38058900833129883,0.4349069893360138,0.7824744582176208,0.8342261910438538,0.2457055151462555,0.2388787567615509,0.5254847407341003,0.5770937204360962,0.68451327085495,0.6127504110336304
civil_comments,civil_comments,toxicity,0.44200000166893005,0.5791774392127991,0.3065187335014343,0.45320573449134827,0.7745077610015869,0.8382729887962341,0.32375580072402954,0.22942405939102173,0.7312308549880981,0.5570273399353027,0.855167806148529,0.5677734613418579
civil_comments,civil_comments,toxicity,0.44200000166893005,0.5491039156913757,0.3065187335014343,0.4213651716709137,0.6974508762359619,0.7840927839279175,0.2870308756828308,0.25105515122413635,0.6498137712478638,0.5072853565216064,0.7699388861656189,0.6286236047744751
civil_comments,civil_comments,toxicity,0.44200000166893005,0.5667850971221924,0.3065187335014343,0.45644548535346985,0.8290466666221619,0.8192567825317383,0.2572169005870819,0.2576734721660614,0.6156370639801025,0.6239241361618042,0.7067350149154663,0.6664475202560425
civil_comments,civil_comments,toxicity,0.44200000166893005,0.5652768611907959,0.3065187335014343,0.4345190227031708,0.6343528628349304,0.7809376120567322,0.2682449221611023,0.23847025632858276,0.5963380336761475,0.5504555106163025,0.7301150560379028,0.6434453129768372
civil_comments,civil_comments,toxicity,0.44200000166893005,0.5696678161621094,0.3065187335014343,0.45607998967170715,0.6012463569641113,0.82083660364151,0.29810017347335815,0.2451736330986023,0.6735789179801941,0.5478219985961914,0.7946217060089111,0.6314746141433716
civil_comments,civil_comments,toxicity,0.44200000166893005,0.5646291971206665,0.3065187335014343,0.4680314362049103,0.7596584558486938,0.7919999957084656,0.2906181216239929,0.25572314858436584,0.6746636033058167,0.555964469909668,0.7777794003486633,0.659919798374176
civil_comments,civil_comments,toxicity,0.44200000166893005,0.5349100232124329,0.3065187335014343,0.42684265971183777,0.8474933505058289,0.8483356237411499,0.4445241689682007,0.26618650555610657,0.8991193771362305,0.6730575561523438,1.2723103761672974,0.6934195756912231
civil_comments,civil_comments,toxicity,0.44200000166893005,0.5191187858581543,0.3065187335014343,0.4000260829925537,0.7343930006027222,0.8116835355758667,0.47490501403808594,0.2682654857635498,0.9223515391349792,0.6546892523765564,1.4458136558532715,0.7121766805648804
civil_comments,civil_comments,toxicity,0.44200000166893005,0.5447124242782593,0.3065187335014343,0.4489912688732147,0.8501445651054382,0.822645366191864,0.4726443886756897,0.27773961424827576,0.924113929271698,0.6418885588645935,1.4319074153900146,0.737169623374939
civil_comments,civil_comments,toxicity,0.44200000166893005,0.5657467246055603,0.3065187335014343,0.46630579233169556,0.866009533405304,0.8532567024230957,0.4326944649219513,0.2783028185367584,0.8908189535140991,0.6752201914787292,1.2174427509307861,0.7231906652450562
civil_comments,civil_comments,toxicity,0.44200000166893005,0.5227198600769043,0.3065187335014343,0.413944810628891,0.7366995215415955,0.787060022354126,0.48444414138793945,0.28113266825675964,0.9320780634880066,0.6340557336807251,1.5148299932479858,0.7432005405426025
civil_comments,civil_comments,toxicity,0.44200000166893005,0.5721017122268677,0.3065187335014343,0.4647131562232971,0.8749984502792358,0.8537088632583618,0.39110657572746277,0.2639797031879425,0.8419629335403442,0.6768633127212524,1.0507781505584717,0.6959985494613647
civil_comments,civil_comments,toxicity,0.44200000166893005,0.5083432793617249,0.3065187335014343,0.4077930450439453,0.5877497792243958,0.7163583636283875,0.4691140353679657,0.3207879364490509,0.9155465364456177,0.7175553441047668,1.4112757444381714,0.951761782169342
civil_comments,civil_comments,toxicity,0.44200000166893005,0.47148096561431885,0.3065187335014343,0.3670002222061157,0.432361364364624,0.6687474846839905,0.4986276626586914,0.33558645844459534,0.9427836537361145,0.7160901427268982,1.6376527547836304,0.9657391309738159
civil_comments,civil_comments,toxicity,0.44200000166893005,0.5258032083511353,0.3065187335014343,0.4139963686466217,0.8450530171394348,0.836727499961853,0.43242356181144714,0.26961633563041687,0.8831427693367004,0.6549496054649353,1.2129230499267578,0.7002028822898865
civil_comments,civil_comments,toxicity,0.44200000166893005,0.4772806167602539,0.3065187335014343,0.360607773065567,0.7040268778800964,0.7205965518951416,0.4019452929496765,0.2999362647533417,0.8396788239479065,0.6331948637962341,1.0886014699935913,0.7998542189598083
civil_comments,civil_comments,toxicity,0.44200000166893005,0.4544399082660675,0.3065187335014343,0.3419404923915863,0.40335047245025635,0.6197211742401123,0.43513283133506775,0.3383283317089081,0.8632732629776001,0.6941123008728027,1.2444251775741577,1.0502257347106934
civil_comments,civil_comments,toxicity,0.44200000166893005,0.4800166189670563,0.3065187335014343,0.35126766562461853,0.5402734279632568,0.7458400726318359,0.4848234951496124,0.28499263525009155,0.9304970502853394,0.6337103247642517,1.517449975013733,0.7720087170600891
civil_comments,civil_comments,toxicity,0.44200000166893005,0.5096796154975891,0.3065187335014343,0.41553592681884766,0.6024404168128967,0.7462552785873413,0.5271859765052795,0.3286394476890564,0.972646951675415,0.7520555257797241,2.0134284496307373,0.9572539329528809
civil_comments,civil_comments,toxicity,0.44200000166893005,0.5439714789390564,0.3065187335014343,0.4417201280593872,0.8120261430740356,0.7754857540130615,0.4092855453491211,0.2733352482318878,0.8527736067771912,0.6019972562789917,1.1161750555038452,0.7076911926269531
civil_comments,civil_comments,toxicity,0.44200000166893005,0.4266020953655243,0.3065187335014343,0.3185308575630188,0.6898764967918396,0.5998674035072327,0.5023359656333923,0.3459007143974304,0.9499852061271667,0.6544378399848938,1.6748812198638916,0.9820207357406616
civil_comments,civil_comments,toxicity,0.44200000166893005,0.49213463068008423,0.3065187335014343,0.39684027433395386,0.6542901396751404,0.7495589256286621,0.5087200999259949,0.30809637904167175,0.9554558396339417,0.666451632976532,1.7414424419403076,0.841856062412262
civil_comments,civil_comments,toxicity,0.44200000166893005,0.4983833432197571,0.3065187335014343,0.3935765027999878,0.7091944217681885,0.7861924171447754,0.4977814257144928,0.2981938123703003,0.9475202560424805,0.7029323577880859,1.6355628967285156,0.8252900838851929
civil_comments,civil_comments,toxicity,0.44200000166893005,0.5073696970939636,0.3065187335014343,0.40184056758880615,0.6452935934066772,0.7244256138801575,0.4815322160720825,0.31005412340164185,0.9287868142127991,0.6714982986450195,1.493461012840271,0.8355140686035156
civil_comments,civil_comments,toxicity,0.44200000166893005,0.48547568917274475,0.3065187335014343,0.3882027566432953,0.2623516917228699,0.6781187653541565,0.4966740608215332,0.34791675209999084,0.9214611649513245,0.7789516448974609,1.6228375434875488,1.0884780883789062
civil_comments,civil_comments,toxicity,0.44200000166893005,0.47487667202949524,0.3065187335014343,0.3728380799293518,0.18350879848003387,0.687105655670166,0.5156829953193665,0.3428712487220764,0.9494925737380981,0.743213951587677,1.8245704174041748,1.0199594497680664
civil_comments,civil_comments,toxicity,0.43799999356269836,0.4708523750305176,0.30458971858024597,0.39079150557518005,0.3037745952606201,0.6023940443992615,0.5549125075340271,0.3859623372554779,0.9751366376876831,0.7984230518341064,2.973097562789917,1.2845678329467773
civil_comments,civil_comments,toxicity,0.429500013589859,0.42300134897232056,0.300454705953598,0.32163310050964355,0.32085442543029785,0.38321301341056824,0.5511945486068726,0.44722843170166016,0.9623899459838867,0.890093207359314,2.5009214878082275,1.8745943307876587
civil_comments,civil_comments,toxicity,0.44200000166893005,0.47263002395629883,0.3065187335014343,0.3750905394554138,0.3907240927219391,0.5997680425643921,0.5367319583892822,0.37993472814559937,0.9727052450180054,0.842330276966095,2.239488124847412,1.3355729579925537
civil_comments,civil_comments,toxicity,0.44200000166893005,0.47086992859840393,0.3065187335014343,0.3811799883842468,0.3373108506202698,0.6704108119010925,0.5116948485374451,0.36036938428878784,0.9404865503311157,0.765446126461029,1.781296730041504,1.078649640083313
civil_comments,civil_comments,toxicity,0.44200000166893005,0.4863750636577606,0.3065187335014343,0.3966537415981293,0.2658168375492096,0.7160181403160095,0.5369485020637512,0.35481804609298706,0.9749263525009155,0.8039243221282959,2.232705593109131,1.1043732166290283
civil_comments,civil_comments,toxicity,0.44200000166893005,0.4995984733104706,0.3065187335014343,0.40178319811820984,0.5344287753105164,0.7066043615341187,0.4159034490585327,0.30702534317970276,0.8543229103088379,0.6264558434486389,1.1427137851715088,0.8353284001350403
civil_comments,civil_comments,toxicity,0.4154999852180481,0.45604363083839417,0.29424387216567993,0.35343319177627563,0.32523638010025024,0.5905668139457703,0.5351201295852661,0.39377322793006897,0.9204438924789429,0.827732503414154,1.9628909826278687,1.344150424003601
civil_comments,civil_comments,toxicity,0.4259999990463257,0.4142884314060211,0.2987377345561981,0.33035972714424133,0.3449339270591736,0.4701969027519226,0.5602331161499023,0.4334811866283417,0.9672484397888184,0.8286692500114441,2.8124120235443115,1.6062315702438354
civil_comments,civil_comments,toxicity,0.4399999976158142,0.41349124908447266,0.3055555522441864,0.3027225434780121,0.375568151473999,0.4949593245983124,0.5376273393630981,0.4211839437484741,0.9657838344573975,0.8188956379890442,2.3329412937164307,1.5608454942703247
civil_comments,civil_comments,toxicity,0.4410000145435333,0.4197554886341095,0.3060374855995178,0.325456827878952,0.18871839344501495,0.46409550309181213,0.5465745329856873,0.4241558015346527,0.9627576470375061,0.8160609602928162,2.48095965385437,1.5516949892044067
civil_comments,civil_comments,toxicity,0.5734999775886536,0.6033011674880981,0.5311639904975891,0.4945738911628723,0.8870106339454651,0.856075644493103,0.2371843308210373,0.2330131083726883,0.5311408638954163,0.5670850872993469,0.6673488616943359,0.5818208456039429
civil_comments,civil_comments,toxicity,0.4424999952316284,0.5464269518852234,0.3075203001499176,0.4394075870513916,0.6602934002876282,0.7802347540855408,0.25401508808135986,0.2545759677886963,0.5467354655265808,0.5357756614685059,0.7011714577674866,0.6808687448501587
civil_comments,civil_comments,toxicity,0.6930000185966492,0.5934895277023315,0.6909217834472656,0.482146680355072,0.8145505785942078,0.81298828125,0.2432270050048828,0.2335226982831955,0.5114593505859375,0.5272245407104492,0.6795902848243713,0.5587862133979797
civil_comments,civil_comments,toxicity,0.44200000166893005,0.543059766292572,0.3065187335014343,0.415857195854187,0.5523590445518494,0.7358686327934265,0.26350754499435425,0.2562636733055115,0.5741465091705322,0.50187748670578,0.7203935384750366,0.674831748008728
civil_comments,civil_comments,toxicity,0.44699999690055847,0.6196321845054626,0.31866681575775146,0.5080695152282715,0.7595784068107605,0.8388357758522034,0.249513640999794,0.2233738899230957,0.5577332377433777,0.5495019555091858,0.6919693946838379,0.609870433807373
civil_comments,civil_comments,toxicity,0.44200000166893005,0.5553312301635742,0.3065187335014343,0.42955246567726135,0.6302775144577026,0.7705999612808228,0.2537443935871124,0.25435420870780945,0.5392624735832214,0.5111982822418213,0.7006398439407349,0.6187542676925659
civil_comments,civil_comments,toxicity,0.44200000166893005,0.5549924969673157,0.3065187335014343,0.4275807738304138,0.7506999373435974,0.7520861029624939,0.25620579719543457,0.25008195638656616,0.5524712204933167,0.5449482202529907,0.7055762410163879,0.6738273501396179
civil_comments,civil_comments,toxicity,0.43849998712539673,0.5550650954246521,0.30633431673049927,0.4263137876987457,0.5456421375274658,0.7258309125900269,0.2579909563064575,0.2544717490673065,0.552367091178894,0.4826606810092926,0.7092098593711853,0.6426957249641418
civil_comments,civil_comments,toxicity,0.4975000023841858,0.5866230726242065,0.423393189907074,0.46830567717552185,0.7062923908233643,0.8100510239601135,0.24743129312992096,0.24293695390224457,0.5183943510055542,0.5419979095458984,0.6879945397377014,0.623394250869751
civil_comments,civil_comments,toxicity,0.44600000977516174,0.5430700182914734,0.34900423884391785,0.43354564905166626,0.5220542550086975,0.7181543111801147,0.26318809390068054,0.2545816898345947,0.5714306831359863,0.5548422336578369,0.7199604511260986,0.72906094789505
civil_comments,civil_comments,toxicity,0.42649999260902405,0.4236540198326111,0.29898351430892944,0.3247557282447815,0.2992081344127655,0.45231643319129944,0.5639864802360535,0.45852476358413696,0.9765834212303162,0.8996612429618835,3.5252177715301514,1.9194715023040771
civil_comments,civil_comments,toxicity,0.4169999957084656,0.40167391300201416,0.294994592666626,0.30662789940834045,0.329027384519577,0.4490104913711548,0.5521804094314575,0.4557599425315857,0.9486401677131653,0.8803526163101196,2.474539279937744,1.9167771339416504
civil_comments,civil_comments,toxicity,0.4259999990463257,0.4736093580722809,0.2987377345561981,0.3847598433494568,0.438090443611145,0.6024649143218994,0.5572474002838135,0.39839649200439453,0.9697861671447754,0.8511505722999573,2.7823500633239746,1.3792222738265991
civil_comments,civil_comments,toxicity,0.4350000023841858,0.4072551131248474,0.3031359016895294,0.305239200592041,0.3124173879623413,0.52497398853302,0.5502468347549438,0.4258582293987274,0.9672966599464417,0.8444307446479797,2.5555920600891113,1.5753414630889893
civil_comments,civil_comments,toxicity,0.42100000381469727,0.4018329381942749,0.29841652512550354,0.3146800994873047,0.2789895832538605,0.3234506845474243,0.5538792014122009,0.5115199685096741,0.9560571312904358,0.9147835373878479,2.5328829288482666,2.423030376434326
civil_comments,civil_comments,toxicity,0.4345000088214874,0.38148120045661926,0.3028929829597473,0.2884615361690521,0.3593326807022095,0.37803229689598083,0.5405054688453674,0.4812857210636139,0.9624726176261902,0.8982166647911072,2.2629051208496094,2.211509943008423
civil_comments,civil_comments,toxicity,0.44200000166893005,0.43104034662246704,0.3065187335014343,0.34648996591567993,0.45817115902900696,0.5633589029312134,0.546843409538269,0.43099910020828247,0.9811040163040161,0.8659816384315491,2.5972776412963867,1.552445411682129
civil_comments,civil_comments,toxicity,0.43299999833106995,0.3894364833831787,0.302905410528183,0.293710857629776,0.32680803537368774,0.3708334267139435,0.5571103096008301,0.46212777495384216,0.9841272830963135,0.8438778519630432,3.2617287635803223,1.9908738136291504
civil_comments,civil_comments,toxicity,0.4099999964237213,0.40553781390190125,0.2976190447807312,0.3128663897514343,0.28231281042099,0.36526522040367126,0.5717434287071228,0.5031924843788147,0.9675624966621399,0.9161027073860168,3.616757869720459,2.374502182006836
civil_comments,civil_comments,toxicity,0.43050000071525574,0.3821984827518463,0.30168089270591736,0.2826877534389496,0.2942838966846466,0.35645946860313416,0.5637879371643066,0.5065421462059021,0.9883649349212646,0.9302035570144653,4.285707473754883,2.5542831420898438
civil_comments,civil_comments,toxicity,0.4154999852180481,0.41723284125328064,0.2963492274284363,0.33912229537963867,0.2798805832862854,0.45873600244522095,0.5740429759025574,0.4665640592575073,0.9782834053039551,0.8986315727233887,4.091780662536621,2.0321547985076904
civil_comments,civil_comments,toxicity,0.41600000858306885,0.393806517124176,0.29449427127838135,0.3095666468143463,0.29832932353019714,0.3421374559402466,0.5724220275878906,0.5173876285552979,0.9792855978012085,0.9274349212646484,4.23876953125,2.4804420471191406
civil_comments,civil_comments,toxicity,0.42800000309944153,0.4242750406265259,0.299719899892807,0.33818256855010986,0.4236562252044678,0.5055138468742371,0.5629481673240662,0.44144922494888306,0.9823152422904968,0.8775416016578674,3.389209270477295,1.6525137424468994
civil_comments,civil_comments,toxicity,0.4165000021457672,0.38045191764831543,0.2968555688858032,0.29010945558547974,0.25253409147262573,0.3106975257396698,0.5756135582923889,0.5411443710327148,0.9842974543571472,0.9387977123260498,4.694385528564453,2.6839852333068848
civil_comments,civil_comments,toxicity,0.421999990940094,0.44741687178611755,0.2989172041416168,0.3574669361114502,0.30745968222618103,0.44404345750808716,0.5696600675582886,0.4656176269054413,0.986525297164917,0.8836854696273804,4.870502948760986,2.045741558074951
civil_comments,civil_comments,toxicity,0.43700000643730164,0.435909628868103,0.3048558831214905,0.35888993740081787,0.48028016090393066,0.5432446599006653,0.49753308296203613,0.43291768431663513,0.9257330298423767,0.8523281216621399,1.648717999458313,1.5867396593093872
civil_comments,civil_comments,toxicity,0.42899999022483826,0.3773556351661682,0.30167511105537415,0.29714152216911316,0.24946124851703644,0.301173597574234,0.5684940218925476,0.5313364267349243,0.9935134053230286,0.914075493812561,6.615298748016357,2.4316158294677734
civil_comments,civil_comments,toxicity,0.414000004529953,0.39077794551849365,0.29834139347076416,0.3116043210029602,0.30788084864616394,0.30122217535972595,0.5700997114181519,0.5237621068954468,0.9752672910690308,0.9354603886604309,3.977358818054199,2.63128399848938
civil_comments,civil_comments,toxicity,0.4090000092983246,0.3861733675003052,0.29372453689575195,0.3061693012714386,0.31561288237571716,0.36437857151031494,0.5780636072158813,0.5085248947143555,0.9762607216835022,0.9140408635139465,3.778613567352295,2.2691447734832764
civil_comments,civil_comments,toxicity,0.42649999260902405,0.40683314204216003,0.30188149213790894,0.31747913360595703,0.28819799423217773,0.3852160573005676,0.5626522302627563,0.49370113015174866,0.9763258099555969,0.9221294522285461,3.82731032371521,2.601323127746582
civil_comments,civil_comments,toxicity,0.4300000071525574,0.41871315240859985,0.30069929361343384,0.3377317190170288,0.4130905568599701,0.38123056292533875,0.5595626831054688,0.5052715539932251,0.9850689768791199,0.9279831647872925,3.2058560848236084,2.466325044631958
civil_comments,civil_comments,toxicity,0.421999990940094,0.4055686295032501,0.3010409474372864,0.32386520504951477,0.2535041570663452,0.34127864241600037,0.5660977363586426,0.5075986981391907,0.9767557382583618,0.9092962741851807,4.077273368835449,2.4798266887664795
civil_comments,civil_comments,toxicity,0.4244999885559082,0.41638827323913574,0.30159440636634827,0.32778695225715637,0.3650445342063904,0.3131296932697296,0.5644338130950928,0.5280557870864868,0.978168785572052,0.9385583996772766,3.229940414428711,2.7053396701812744
civil_comments,civil_comments,toxicity,0.4205000102519989,0.38905489444732666,0.3002811372280121,0.3162553608417511,0.28125253319740295,0.3110131621360779,0.5655874609947205,0.5413727760314941,0.9733672142028809,0.9383493065834045,3.845404624938965,2.7984120845794678
civil_comments,civil_comments,toxicity,0.4205000102519989,0.39191490411758423,0.2974546253681183,0.3077888786792755,0.36662277579307556,0.32185879349708557,0.5624310970306396,0.5297724604606628,0.9766013622283936,0.9366945028305054,2.9925246238708496,2.6249799728393555
civil_comments,civil_comments,toxicity,0.42899999022483826,0.40401628613471985,0.3002099394798279,0.3123912215232849,0.4256698191165924,0.4137413799762726,0.55078125,0.5000005960464478,0.9708056449890137,0.9289910197257996,2.5511093139648438,2.2813427448272705
civil_comments,civil_comments,toxicity,0.4320000112056732,0.4114361107349396,0.3016759753227234,0.3323043882846832,0.46788081526756287,0.4932646155357361,0.5388986468315125,0.45572561025619507,0.9624320864677429,0.8854078650474548,2.220412492752075,1.8866313695907593
civil_comments,civil_comments,toxicity,0.4129999876022339,0.4062841832637787,0.2985047399997711,0.3211541473865509,0.33689069747924805,0.3556290566921234,0.568572461605072,0.5162618160247803,0.9654163718223572,0.9360109567642212,3.3659350872039795,2.565253257751465
civil_comments,civil_comments,toxicity,0.4269999861717224,0.40334028005599976,0.29922914505004883,0.3160451650619507,0.4011736810207367,0.43642669916152954,0.5493172407150269,0.45419713854789734,0.9653119444847107,0.870004415512085,2.4873054027557373,1.938991665840149
civil_comments,civil_comments,toxicity,0.5724999904632568,0.6034902334213257,0.39327946305274963,0.5075010061264038,0.8838419914245605,0.8457310199737549,0.22774192690849304,0.24922682344913483,0.580529510974884,0.5796777606010437,0.6476116180419922,0.5954858660697937
civil_comments,civil_comments,toxicity,0.44200000166893005,0.5368073582649231,0.3065187335014343,0.4451826214790344,0.7621145248413086,0.811926543712616,0.5192701816558838,0.30477938055992126,0.9685339331626892,0.7024688720703125,1.8942618370056152,0.8296918869018555
civil_comments,civil_comments,toxicity,0.4325000047683716,0.43399396538734436,0.30191972851753235,0.35655105113983154,0.2954389154911041,0.5334926247596741,0.5479638576507568,0.43469318747520447,0.9596596956253052,0.8482370376586914,2.6170029640197754,1.5569055080413818
civil_comments,civil_comments,toxicity,0.42100000381469727,0.39091867208480835,0.30193108320236206,0.3034179210662842,0.29142844676971436,0.297620564699173,0.5652062296867371,0.5484668016433716,0.9754385352134705,0.9570444226264954,3.8882761001586914,3.0885956287384033
civil_comments,civil_comments,toxicity,0.42399999499320984,0.3944896459579468,0.30134308338165283,0.3046848773956299,0.27591317892074585,0.2968079745769501,0.5707814693450928,0.5476263761520386,0.9886376261711121,0.9438521862030029,4.682912349700928,2.959097385406494
civil_comments,civil_comments,toxicity,0.42100000381469727,0.38584062457084656,0.29841652512550354,0.3066326975822449,0.35627299547195435,0.3291081190109253,0.5639798045158386,0.5367478728294373,0.9735896587371826,0.9459061622619629,3.1414296627044678,2.7472610473632812
civil_comments,civil_comments,toxicity,0.4269999861717224,0.40771305561065674,0.29922914505004883,0.33453720808029175,0.4577028453350067,0.44496870040893555,0.5561286807060242,0.48704126477241516,0.9768878817558289,0.8958556652069092,2.7460882663726807,1.997391939163208
civil_comments,civil_comments,toxicity,0.4255000054836273,0.4157540202140808,0.3013819456100464,0.3247242867946625,0.33089959621429443,0.3157365322113037,0.5609598755836487,0.5368046760559082,0.9762822389602661,0.9595381617546082,3.1950554847717285,3.134821891784668
civil_comments,civil_comments,toxicity,0.42800000309944153,0.3811316192150116,0.299719899892807,0.30692070722579956,0.39087459444999695,0.3814277946949005,0.5583763122558594,0.5119316577911377,0.976357102394104,0.917711615562439,2.915894031524658,2.286367654800415
civil_comments,civil_comments,toxicity,0.4230000078678131,0.3826519548892975,0.3029506802558899,0.29636478424072266,0.2975863218307495,0.31415560841560364,0.5643996000289917,0.5235279202461243,0.9772303104400635,0.9359094500541687,4.252578258514404,2.8947036266326904
civil_comments,civil_comments,toxicity,0.4255000054836273,0.38324543833732605,0.2999432384967804,0.2924859821796417,0.27796176075935364,0.2607617974281311,0.5658636689186096,0.57475745677948,0.9867250919342041,0.9642457365989685,4.1582441329956055,3.1977028846740723
civil_comments,civil_comments,toxicity,0.4269999861717224,0.3856546878814697,0.3006865084171295,0.3077597916126251,0.2756577432155609,0.3394082188606262,0.564481794834137,0.5147954821586609,0.9818424582481384,0.9180189967155457,3.814626932144165,2.546093702316284
civil_comments,civil_comments,toxicity,0.43050000071525574,0.41876766085624695,0.30168089270591736,0.33914753794670105,0.45060229301452637,0.4324980676174164,0.5415880084037781,0.48569783568382263,0.9657489061355591,0.8994196057319641,2.255894899368286,2.1083970069885254
civil_comments,civil_comments,toxicity,0.42399999499320984,0.3992091715335846,0.29991650581359863,0.30830925703048706,0.27540889382362366,0.2729203701019287,0.5670503973960876,0.5619385242462158,0.9845308065414429,0.9628753066062927,4.125636100769043,3.2601747512817383
civil_comments,civil_comments,toxicity,0.4244999885559082,0.3954842686653137,0.29944688081741333,0.30447107553482056,0.26805901527404785,0.2669547498226166,0.5677739381790161,0.56364506483078,0.9868287444114685,0.9649452567100525,4.50543212890625,3.3221054077148438
civil_comments,civil_comments,toxicity,0.42399999499320984,0.40817466378211975,0.3027571439743042,0.31743982434272766,0.24720336496829987,0.3295745253562927,0.5710702538490295,0.5499929785728455,0.9859808683395386,0.9519327282905579,5.046821117401123,2.9575252532958984
civil_comments,civil_comments,toxicity,0.4235000014305115,0.4040907919406891,0.2996669411659241,0.3175564110279083,0.3038643002510071,0.28491681814193726,0.5677372217178345,0.5641029477119446,0.9839116334915161,0.9558279514312744,3.697434902191162,3.0149827003479004
civil_comments,civil_comments,toxicity,0.42399999499320984,0.3830208480358124,0.3006313741207123,0.2929410934448242,0.25335970520973206,0.2555896043777466,0.5685869455337524,0.5689808130264282,0.9848611354827881,0.9629824757575989,4.516608238220215,3.2132861614227295
civil_comments,civil_comments,toxicity,0.42899999022483826,0.4138568341732025,0.30167511105537415,0.33643651008605957,0.2800057530403137,0.30956313014030457,0.565117359161377,0.5574265718460083,0.9916304349899292,0.9564287662506104,4.6327338218688965,2.9883975982666016
civil_comments,civil_comments,toxicity,0.42649999260902405,0.3967071771621704,0.30188149213790894,0.3089006841182709,0.3089664578437805,0.3018878996372223,0.567276120185852,0.5515483021736145,0.9907625317573547,0.946017324924469,5.356603622436523,2.9511568546295166
civil_comments,civil_comments,toxicity,0.4244999885559082,0.4130912721157074,0.29944688081741333,0.317810595035553,0.29579421877861023,0.298961341381073,0.5674095153808594,0.5733041763305664,0.984993577003479,0.9653227925300598,4.371274471282959,3.085709571838379
civil_comments,civil_comments,toxicity,0.42649999260902405,0.40818920731544495,0.30043891072273254,0.32910415530204773,0.2977287471294403,0.31516197323799133,0.567395806312561,0.5535969734191895,0.9869216084480286,0.9547064304351807,3.9316930770874023,2.8634471893310547
civil_comments,civil_comments,toxicity,0.42750000953674316,0.40532994270324707,0.3009338974952698,0.3251368999481201,0.3722732961177826,0.33799633383750916,0.5615734457969666,0.5445968508720398,0.9801690578460693,0.9450908303260803,3.115422487258911,2.624135971069336
wildguard_prompt_harm,wildguard_prompt_harm,toxicity,0.5580000281333923,0.5329140424728394,0.35815146565437317,0.4500683546066284,0.8059533834457397,0.7696039080619812,0.2900732159614563,0.3203948736190796,0.7987431883811951,0.589668869972229,0.7917262315750122,0.691388726234436
wildguard_prompt_harm,wildguard_prompt_harm,toxicity,0.5864999890327454,0.5381588339805603,0.42624250054359436,0.393801748752594,0.8643060922622681,0.8244022727012634,0.22719764709472656,0.2748672664165497,0.5831875801086426,0.67826247215271,0.6465181112289429,0.7016720175743103
wildguard_prompt_harm,wildguard_prompt_harm,toxicity,0.5580000281333923,0.5589826703071594,0.35815146565437317,0.43520021438598633,0.8309771418571472,0.8301501870155334,0.2607249915599823,0.2706558108329773,0.734247624874115,0.6304896473884583,0.7160243391990662,0.6753440499305725
wildguard_prompt_harm,wildguard_prompt_harm,toxicity,0.5580000281333923,0.5585817098617554,0.35815146565437317,0.4718931317329407,0.8335527777671814,0.7962126135826111,0.277171790599823,0.30753493309020996,0.7741226553916931,0.6040247678756714,0.7563397288322449,0.6732010245323181
wildguard_prompt_harm,wildguard_prompt_harm,toxicity,0.5580000281333923,0.5608028769493103,0.35815146565437317,0.47680404782295227,0.8139540553092957,0.7788395285606384,0.3136247396469116,0.31709206104278564,0.8426724076271057,0.5969437956809998,0.8647993803024292,0.6821354031562805
wildguard_prompt_harm,wildguard_prompt_harm,toxicity,0.5590000152587891,0.5607790350914001,0.360638827085495,0.4538472592830658,0.866031289100647,0.8276274800300598,0.23625949025154114,0.2671425938606262,0.6482073664665222,0.6296512484550476,0.6635324358940125,0.6986516714096069
wildguard_prompt_harm,wildguard_prompt_harm,toxicity,0.5674999952316284,0.5616379976272583,0.38138970732688904,0.44086953997612,0.8584173917770386,0.8384544849395752,0.22896765172481537,0.25328731536865234,0.6036971807479858,0.6186824440956116,0.6495967507362366,0.6529915928840637
wildguard_prompt_harm,wildguard_prompt_harm,toxicity,0.5885000228881836,0.5782178640365601,0.4323352873325348,0.4467315077781677,0.8171145915985107,0.8572694659233093,0.23093150556087494,0.2506823241710663,0.5660413503646851,0.6406825184822083,0.6544607281684875,0.6859268546104431
wildguard_prompt_harm,wildguard_prompt_harm,toxicity,0.5584999918937683,0.5867887139320374,0.35939639806747437,0.4689611494541168,0.853410005569458,0.8504815101623535,0.2394314408302307,0.25194042921066284,0.6687339544296265,0.6179326772689819,0.669549286365509,0.6671493053436279
wildguard_prompt_harm,wildguard_prompt_harm,toxicity,0.5580000281333923,0.5833526849746704,0.35815146565437317,0.4619344174861908,0.8276128768920898,0.8477173447608948,0.2419915348291397,0.25270605087280273,0.6675100326538086,0.6147282719612122,0.675319254398346,0.6434049010276794
wildguard_prompt_harm,wildguard_prompt_harm,toxicity,0.5609999895095825,0.5545621514320374,0.36558401584625244,0.4216042459011078,0.874847948551178,0.8177284002304077,0.2328616827726364,0.25180748105049133,0.6240408420562744,0.6502542495727539,0.6571438312530518,0.7183739542961121
wildguard_prompt_harm,wildguard_prompt_harm,toxicity,0.7940000295639038,0.5799216032028198,0.7799124121665955,0.46662768721580505,0.907796323299408,0.8265393376350403,0.21812503039836884,0.25498372316360474,0.5442472100257874,0.671491801738739,0.628879725933075,0.7344143986701965
wildguard_prompt_harm,wildguard_prompt_harm,toxicity,0.5580000281333923,0.569473147392273,0.35815146565437317,0.46899235248565674,0.8128339648246765,0.8251118063926697,0.30326589941978455,0.281849205493927,0.8246196508407593,0.5975469350814819,0.8310064673423767,0.6369152665138245
wildguard_prompt_harm,wildguard_prompt_harm,toxicity,0.5649999976158142,0.576513946056366,0.37535810470581055,0.4663742184638977,0.8675755858421326,0.8383210897445679,0.22888514399528503,0.27919456362724304,0.6057640314102173,0.627241849899292,0.6493481397628784,0.6923925280570984
wildguard_prompt_harm,wildguard_prompt_harm,toxicity,0.6790000200271606,0.5825763940811157,0.6094491481781006,0.4568273425102234,0.8561498522758484,0.8623701930046082,0.22728902101516724,0.23932144045829773,0.5463389158248901,0.6501438617706299,0.6473732590675354,0.6838340759277344
wildguard_prompt_harm,wildguard_prompt_harm,toxicity,0.5849999785423279,0.5601310729980469,0.42373836040496826,0.443501353263855,0.8574467897415161,0.8347216844558716,0.22823336720466614,0.27222368121147156,0.580244779586792,0.625148355960846,0.6487092971801758,0.6774720549583435
wildguard_prompt_harm,wildguard_prompt_harm,toxicity,0.5580000281333923,0.5691340565681458,0.35815146565437317,0.46640005707740784,0.8164511919021606,0.8181403875350952,0.31273335218429565,0.2807348668575287,0.8409610986709595,0.6105698347091675,0.8616934418678284,0.6468546390533447
wildguard_prompt_harm,wildguard_prompt_harm,toxicity,0.5879999995231628,0.5741596221923828,0.43040740489959717,0.4349798858165741,0.8558153510093689,0.8675795793533325,0.22769643366336823,0.237349271774292,0.5740306973457336,0.6356592774391174,0.6477164626121521,0.6675595641136169
wildguard_prompt_harm,wildguard_prompt_harm,toxicity,0.5580000281333923,0.5772141814231873,0.35815146565437317,0.4474038779735565,0.817650318145752,0.8504732251167297,0.26165375113487244,0.25745853781700134,0.7336820960044861,0.6295303702354431,0.7183487415313721,0.6569390296936035
wildguard_prompt_harm,wildguard_prompt_harm,toxicity,0.5580000281333923,0.5784636735916138,0.35815146565437317,0.47329679131507874,0.816858172416687,0.8350856900215149,0.2974686920642853,0.2715923488140106,0.8143694400787354,0.5909979343414307,0.813140869140625,0.6439118981361389
wildguard_prompt_harm,wildguard_prompt_harm,toxicity,0.5584999918937683,0.5535698533058167,0.36043018102645874,0.4425346851348877,0.739385187625885,0.7896701693534851,0.2399453967809677,0.2576794922351837,0.5640302300453186,0.676943838596344,0.6728021502494812,0.7722534537315369
wildguard_prompt_harm,wildguard_prompt_harm,toxicity,0.5649999976158142,0.5734792351722717,0.37535810470581055,0.4671056270599365,0.8573707938194275,0.8208150863647461,0.23119358718395233,0.2568208873271942,0.6036889553070068,0.6014772057533264,0.6542472839355469,0.6533955931663513
wildguard_prompt_harm,wildguard_prompt_harm,toxicity,0.4449999928474426,0.5214414000511169,0.3139941394329071,0.40883928537368774,0.6838589906692505,0.7254041433334351,0.2500782012939453,0.27538231015205383,0.5201938152313232,0.5934906601905823,0.6932974457740784,0.7507486343383789
wildguard_prompt_harm,wildguard_prompt_harm,toxicity,0.5580000281333923,0.5397271513938904,0.35815146565437317,0.4330528676509857,0.7083211541175842,0.7519632577896118,0.24238735437393188,0.2684893310070038,0.6045693159103394,0.6525124907493591,0.6775349974632263,0.7719215154647827
wildguard_prompt_harm,wildguard_prompt_harm,toxicity,0.4424999952316284,0.5288859605789185,0.3082781136035919,0.4107171893119812,0.6582711935043335,0.7472471594810486,0.25236696004867554,0.2639741599559784,0.5362234711647034,0.5825896263122559,0.6978702545166016,0.7333070635795593
wildguard_prompt_harm,wildguard_prompt_harm,toxicity,0.44200000166893005,0.5551285743713379,0.3065187335014343,0.4334072768688202,0.8361325263977051,0.8109777569770813,0.25367453694343567,0.24865327775478363,0.5746718049049377,0.6376382112503052,0.7002595067024231,0.7289478182792664
wildguard_prompt_harm,wildguard_prompt_harm,toxicity,0.6585000157356262,0.5766401290893555,0.5729882121086121,0.44630196690559387,0.8684452772140503,0.8597515821456909,0.22599352896213531,0.2394450604915619,0.5536128878593445,0.6303251385688782,0.6446528434753418,0.6772488951683044
wildguard_prompt_harm,wildguard_prompt_harm,toxicity,0.5649999976158142,0.5404542088508606,0.37535810470581055,0.4146903157234192,0.8713057637214661,0.7980279922485352,0.23319825530052185,0.254909485578537,0.5702061057090759,0.6239628791809082,0.6590132117271423,0.6944759488105774
wildguard_prompt_harm,wildguard_prompt_harm,toxicity,0.5795000195503235,0.5672911405563354,0.4113198220729828,0.4313349723815918,0.8519123196601868,0.8616901636123657,0.22792910039424896,0.25313347578048706,0.5803646445274353,0.6355521082878113,0.6480475664138794,0.6730854511260986
wildguard_prompt_harm,wildguard_prompt_harm,toxicity,0.5659999847412109,0.5280946493148804,0.37973061203956604,0.40224671363830566,0.7284956574440002,0.7770553231239319,0.2431955188512802,0.26411089301109314,0.5319473743438721,0.6205020546913147,0.6794987320899963,0.7382866144180298
wildguard_prompt_harm,wildguard_prompt_harm,toxicity,0.4440000057220459,0.4878072142601013,0.31126660108566284,0.34965789318084717,0.5945305228233337,0.7265793085098267,0.2519203722476959,0.27572062611579895,0.5243412256240845,0.5696208477020264,0.6969875693321228,0.7457090020179749
wildguard_prompt_harm,wildguard_prompt_harm,toxicity,0.44200000166893005,0.5225504636764526,0.3065187335014343,0.395565390586853,0.7664655447006226,0.7751163840293884,0.2640632092952728,0.27420127391815186,0.613925039768219,0.6920562386512756,0.7212154865264893,0.8085598945617676
wildguard_prompt_harm,wildguard_prompt_harm,toxicity,0.5805000066757202,0.5601539611816406,0.5438371896743774,0.4312880039215088,0.8002633452415466,0.7938907146453857,0.24157054722309113,0.2527672350406647,0.5244442224502563,0.667775571346283,0.6762101650238037,0.7264168858528137
wildguard_prompt_harm,wildguard_prompt_harm,toxicity,0.5494999885559082,0.5684795379638672,0.5057563185691833,0.4480675756931305,0.7748012542724609,0.8069066405296326,0.24288249015808105,0.2349509596824646,0.5255932807922363,0.6332549452781677,0.6788318157196045,0.6995576024055481
wildguard_prompt_harm,wildguard_prompt_harm,toxicity,0.4424999952316284,0.49491357803344727,0.3075203001499176,0.3739386796951294,0.6637124419212341,0.722833514213562,0.25280600786209106,0.2654428482055664,0.5362701416015625,0.5894806385040283,0.6987541913986206,0.7451275587081909
wildguard_prompt_harm,wildguard_prompt_harm,toxicity,0.4884999990463257,0.5057752132415771,0.4335345923900604,0.39084354043006897,0.5800729393959045,0.6829270720481873,0.2497982382774353,0.2875751852989197,0.5093165636062622,0.5983601212501526,0.6927431225776672,0.8003469109535217
wildguard_prompt_harm,wildguard_prompt_harm,toxicity,0.5584999918937683,0.5429587960243225,0.35939639806747437,0.44142693281173706,0.7696874141693115,0.7264947295188904,0.24107682704925537,0.2614416480064392,0.5996009111404419,0.6278470754623413,0.6748418211936951,0.7514018416404724
wildguard_prompt_harm,wildguard_prompt_harm,toxicity,0.5684999823570251,0.5105620622634888,0.39682215452194214,0.3748333156108856,0.6807537078857422,0.7234616875648499,0.2443576455116272,0.2610267996788025,0.5257461667060852,0.6116769313812256,0.6818386912345886,0.7517919540405273
wildguard_prompt_harm,wildguard_prompt_harm,toxicity,0.5584999918937683,0.5184246301651001,0.36451390385627747,0.40901464223861694,0.6040597558021545,0.7207173109054565,0.24586652219295502,0.2836592197418213,0.5282079577445984,0.5935534834861755,0.6848644018173218,0.7622596621513367
wildguard_prompt_harm,wildguard_prompt_harm,toxicity,0.7645000219345093,0.5601188540458679,0.7612031102180481,0.42717429995536804,0.8442659378051758,0.8235343098640442,0.23718789219856262,0.24840649962425232,0.5182977914810181,0.6251224279403687,0.6674767136573792,0.6957830786705017
wildguard_prompt_harm,wildguard_prompt_harm,toxicity,0.7369999885559082,0.5188930630683899,0.7251070141792297,0.4131556451320648,0.8060177564620972,0.7400598526000977,0.24298234283924103,0.2901928126811981,0.5114414095878601,0.6714144349098206,0.6791030764579773,0.8527935743331909
wildguard_prompt_harm,wildguard_prompt_harm,toxicity,0.5580000281333923,0.5865857601165771,0.35815146565437317,0.4841442108154297,0.831369936466217,0.8413386940956116,0.2906811833381653,0.2609877288341522,0.8026771545410156,0.6048163771629333,0.7931357026100159,0.621795654296875
wildguard_prompt_harm,wildguard_prompt_harm,toxicity,0.4424999952316284,0.540887713432312,0.3075203001499176,0.40348562598228455,0.749454140663147,0.8327155113220215,0.2757812440395355,0.2527351379394531,0.6497777700424194,0.6916760206222534,0.7455690503120422,0.7661818265914917
wildguard_prompt_harm,wildguard_prompt_harm,toxicity,0.7494999766349792,0.5701653361320496,0.7411600947380066,0.4659220576286316,0.8261562585830688,0.7413861751556396,0.23585008084774017,0.2791218161582947,0.5216884016990662,0.7121607065200806,0.6647827625274658,0.8361305594444275
wildguard_prompt_harm,wildguard_prompt_harm,toxicity,0.5580000281333923,0.577403724193573,0.35815146565437317,0.46161672472953796,0.8266417980194092,0.8449315428733826,0.2778879404067993,0.2613648474216461,0.7746707201004028,0.6151813864707947,0.7583000659942627,0.6468170285224915
wildguard_prompt_harm,wildguard_prompt_harm,toxicity,0.5770000219345093,0.5483056306838989,0.40559083223342896,0.4182729423046112,0.8780794143676758,0.8339450359344482,0.22727085649967194,0.24759729206562042,0.5903608202934265,0.6472135186195374,0.6464691758155823,0.6971702575683594
wildguard_prompt_harm,wildguard_prompt_harm,toxicity,0.6485000252723694,0.5709848999977112,0.553899884223938,0.4572857916355133,0.8656537532806396,0.8364169597625732,0.225728839635849,0.25892990827560425,0.5566030144691467,0.6143044233322144,0.6440531611442566,0.6702307462692261
wildguard_prompt_harm,wildguard_prompt_harm,toxicity,0.5809999704360962,0.5823058485984802,0.4147317111492157,0.4527124762535095,0.8594563603401184,0.8627092838287354,0.22788867354393005,0.2375861406326294,0.5812417268753052,0.6097848415374756,0.6479702591896057,0.6553990244865417
wildguard_prompt_harm,wildguard_prompt_harm,toxicity,0.6504999995231628,0.585204005241394,0.5579831004142761,0.48617762327194214,0.8492748141288757,0.8186977505683899,0.22741708159446716,0.2672514319419861,0.5527750253677368,0.6014878153800964,0.6475376486778259,0.6795194149017334
wildguard_prompt_harm,wildguard_prompt_harm,toxicity,0.5580000281333923,0.5711228847503662,0.35815146565437317,0.4604751169681549,0.8244853019714355,0.8502485752105713,0.27027076482772827,0.2554990351200104,0.7584790587425232,0.6075730919837952,0.7389762997627258,0.6518830060958862
wildguard_prompt_harm,wildguard_prompt_harm,toxicity,0.5975000262260437,0.6003996729850769,0.5974974632263184,0.4904264509677887,0.6594500541687012,0.8303105235099792,0.2373175024986267,0.2438409924507141,0.5517941117286682,0.7347640991210938,0.6673424243927002,0.7702618837356567
wildguard_prompt_harm,wildguard_prompt_harm,toxicity,0.3815000057220459,0.5795853734016418,0.28060463070869446,0.47490695118904114,0.21286125481128693,0.8183556795120239,0.3820345997810364,0.26658058166503906,0.7103644013404846,0.7480432391166687,1.0042152404785156,0.8411166667938232
wildguard_prompt_harm,wildguard_prompt_harm,toxicity,0.7505000233650208,0.594333827495575,0.7492537498474121,0.4916354715824127,0.8713721632957458,0.8434618711471558,0.20340612530708313,0.2522117793560028,0.5827111601829529,0.7017209529876709,0.5966149568557739,0.7227158546447754
wildguard_prompt_harm,wildguard_prompt_harm,toxicity,0.6554999947547913,0.6247507929801941,0.6530224680900574,0.5240809917449951,0.7514312863349915,0.8613708019256592,0.2160986363887787,0.24198953807353973,0.618642270565033,0.7697468996047974,0.621245265007019,0.7728551626205444
wildguard_prompt_harm,wildguard_prompt_harm,toxicity,0.40400001406669617,0.5993309617042542,0.31411945819854736,0.49139437079429626,0.4583672881126404,0.8329101800918579,0.3624984323978424,0.25635287165641785,0.7396178245544434,0.7898414134979248,0.971104621887207,0.8507097363471985
wildguard_prompt_harm,wildguard_prompt_harm,toxicity,0.3880000114440918,0.5772308111190796,0.2847124934196472,0.48401376605033875,0.23368395864963531,0.7702342867851257,0.41378816962242126,0.27947044372558594,0.753231406211853,0.7697556614875793,1.1103821992874146,0.9120023250579834
wildguard_prompt_harm,wildguard_prompt_harm,toxicity,0.22499999403953552,0.5764169096946716,0.22139975428581238,0.4805487394332886,0.14028112590312958,0.7866332530975342,0.3603992164134979,0.25820863246917725,0.6187769770622253,0.7446460723876953,0.9390624761581421,0.827306866645813
wildguard_prompt_harm,wildguard_prompt_harm,toxicity,0.3529999852180481,0.5807163715362549,0.34619784355163574,0.45833662152290344,0.35747164487838745,0.8301451802253723,0.31642213463783264,0.26110026240348816,0.6252581477165222,0.7863036394119263,0.8399845957756042,0.8306869268417358
wildguard_prompt_harm,wildguard_prompt_harm,toxicity,0.34950000047683716,0.5451556444168091,0.2835017442703247,0.4372590184211731,0.3490189015865326,0.7525244355201721,0.3001260757446289,0.2775924801826477,0.6050695180892944,0.7335626482963562,0.7982534766197205,0.8616203665733337
wildguard_prompt_harm,wildguard_prompt_harm,toxicity,0.3440000116825104,0.5754661560058594,0.32517993450164795,0.48374927043914795,0.2156391441822052,0.7332528829574585,0.325387567281723,0.29130926728248596,0.602061927318573,0.806951642036438,0.8634167313575745,1.0482772588729858
wildguard_prompt_harm,wildguard_prompt_harm,toxicity,0.47350001335144043,0.6003844738006592,0.36679917573928833,0.5048024654388428,0.8323855996131897,0.8271530270576477,0.24619664251804352,0.24490392208099365,0.6057363748550415,0.694251298904419,0.684177041053772,0.7367367744445801
wildguard_prompt_harm,wildguard_prompt_harm,toxicity,0.4690000116825104,0.5364710688591003,0.36232990026474,0.41492947936058044,0.7217894196510315,0.7301154732704163,0.24782800674438477,0.25668561458587646,0.5314350724220276,0.6104224920272827,0.6887562274932861,0.7350041270256042
wildguard_prompt_harm,wildguard_prompt_harm,toxicity,0.574999988079071,0.5664631724357605,0.534187376499176,0.4528444707393646,0.838560163974762,0.8117239475250244,0.2346659004688263,0.2669776380062103,0.5452325940132141,0.6800693273544312,0.661958634853363,0.7705273032188416
wildguard_prompt_harm,wildguard_prompt_harm,toxicity,0.5580000281333923,0.5144541263580322,0.35815146565437317,0.3851162791252136,0.676108717918396,0.7206476330757141,0.2439485788345337,0.26235201954841614,0.561745285987854,0.6051343083381653,0.6809476017951965,0.7689220309257507
wildguard_prompt_harm,wildguard_prompt_harm,toxicity,0.6575000286102295,0.5638290643692017,0.6435980796813965,0.44723305106163025,0.8736594319343567,0.830030620098114,0.2341044843196869,0.256853312253952,0.5293994545936584,0.6459856629371643,0.6611337661743164,0.715465247631073
wildguard_prompt_harm,wildguard_prompt_harm,toxicity,0.5584999918937683,0.5698402523994446,0.35939639806747437,0.47666028141975403,0.8746457099914551,0.7604944109916687,0.23663480579853058,0.24740789830684662,0.5803194046020508,0.5995354652404785,0.6658982038497925,0.6934686303138733
wildguard_prompt_harm,wildguard_prompt_harm,toxicity,0.5634999871253967,0.5263749361038208,0.439399778842926,0.414833664894104,0.5177924036979675,0.7013666033744812,0.24736036360263824,0.27450308203697205,0.5265036821365356,0.6336573958396912,0.6878657341003418,0.7932502627372742
wildguard_prompt_harm,wildguard_prompt_harm,toxicity,0.7919999957084656,0.5803491473197937,0.784038782119751,0.45724841952323914,0.8815876245498657,0.8182964324951172,0.22456035017967224,0.25118258595466614,0.534785807132721,0.6810504794120789,0.6419666409492493,0.7263354063034058
wildguard_prompt_harm,wildguard_prompt_harm,toxicity,0.4830000102519989,0.571114718914032,0.3908179700374603,0.46835681796073914,0.7236676812171936,0.803476870059967,0.2459893375635147,0.2545395493507385,0.5521748065948486,0.6885369420051575,0.684852659702301,0.7738635540008545
wildguard_prompt_harm,wildguard_prompt_harm,toxicity,0.40049999952316284,0.5509172677993774,0.28867024183273315,0.45972415804862976,0.08877860754728317,0.6729727387428284,0.3302137553691864,0.30733081698417664,0.6277766227722168,0.7821687459945679,0.862820029258728,1.1116080284118652
wildguard_prompt_harm,wildguard_prompt_harm,toxicity,0.44200000166893005,0.5558122992515564,0.3065187335014343,0.4551101624965668,0.6746820211410522,0.7963796257972717,0.2973574101924896,0.26908522844314575,0.6875395774841309,0.697100818157196,0.7933435440063477,0.8083618879318237
wildguard_prompt_harm,wildguard_prompt_harm,toxicity,0.44850000739097595,0.5538565516471863,0.31942126154899597,0.43075865507125854,0.8488450646400452,0.843012809753418,0.2584562301635742,0.24843746423721313,0.6415331959724426,0.698492705821991,0.7082961201667786,0.7416975498199463
wildguard_prompt_harm,wildguard_prompt_harm,toxicity,0.41449999809265137,0.5980095863342285,0.3072299361228943,0.4919811487197876,0.4086274802684784,0.839508593082428,0.3651106357574463,0.24137595295906067,0.7381184697151184,0.7654204964637756,0.9707185626029968,0.7944842576980591
wildguard_prompt_harm,wildguard_prompt_harm,toxicity,0.445499986410141,0.5876439213752747,0.3193560838699341,0.4772266447544098,0.6611119508743286,0.8429003357887268,0.2747514545917511,0.24352651834487915,0.6414080262184143,0.6885037422180176,0.7439317107200623,0.7167394757270813
wildguard_prompt_harm,wildguard_prompt_harm,toxicity,0.4244999885559082,0.5699262619018555,0.3023039400577545,0.4574584662914276,0.3933853805065155,0.8131351470947266,0.31255412101745605,0.2726762890815735,0.6638427972793579,0.7728235125541687,0.8282064199447632,0.8493485450744629
wildguard_prompt_harm,wildguard_prompt_harm,toxicity,0.6290000081062317,0.5888233184814453,0.5161149501800537,0.4676724970340729,0.8953817486763,0.8484103083610535,0.2208244353532791,0.2444581240415573,0.5716771483421326,0.6545102596282959,0.6337032318115234,0.6587644815444946
wildguard_prompt_harm,wildguard_prompt_harm,toxicity,0.25099998712539673,0.5541368126869202,0.22139348089694977,0.43547749519348145,0.16395112872123718,0.7451332211494446,0.31390562653541565,0.2771510183811188,0.583373486995697,0.7407581210136414,0.8245594501495361,0.847118616104126
wildguard_prompt_harm,wildguard_prompt_harm,toxicity,0.5580000281333923,0.581636905670166,0.35815146565437317,0.4626556634902954,0.8486960530281067,0.8565613627433777,0.25804364681243896,0.24106121063232422,0.7293587327003479,0.6237657070159912,0.7096182703971863,0.6441175937652588
wildguard_prompt_harm,wildguard_prompt_harm,toxicity,0.7465000152587891,0.5550414323806763,0.7445889711380005,0.4345012903213501,0.8911918997764587,0.8217547535896301,0.22557592391967773,0.2707197666168213,0.5372815728187561,0.6482885479927063,0.6438352465629578,0.7090758681297302
wildguard_prompt_harm,wildguard_prompt_harm,toxicity,0.43849998712539673,0.5359227657318115,0.3048314154148102,0.42588359117507935,0.26529279351234436,0.7431384325027466,0.27514469623565674,0.27832016348838806,0.5776975154876709,0.682243824005127,0.7442573308944702,0.8193145394325256
wildguard_prompt_harm,wildguard_prompt_harm,toxicity,0.45350000262260437,0.5982133150100708,0.4479238986968994,0.4957842528820038,0.4095129072666168,0.8121817708015442,0.289919912815094,0.25953084230422974,0.6134359836578369,0.7725026607513428,0.7834280729293823,0.8429219722747803
wildguard_prompt_harm,wildguard_prompt_harm,toxicity,0.6579999923706055,0.5947287082672119,0.5716427564620972,0.4760259985923767,0.8871728181838989,0.861255943775177,0.21807363629341125,0.23783127963542938,0.5709347724914551,0.6507957577705383,0.6281213760375977,0.6749979853630066
wildguard_prompt_harm,wildguard_prompt_harm,toxicity,0.42149999737739563,0.619260847568512,0.38210535049438477,0.5285706520080566,0.48670560121536255,0.79928058385849,0.31798863410949707,0.2558126151561737,0.680239200592041,0.7803674340248108,0.8512269258499146,0.8203475475311279
wildguard_prompt_harm,wildguard_prompt_harm,toxicity,0.19349999725818634,0.5809115767478943,0.1710689216852188,0.48233065009117126,0.07892400026321411,0.7430350184440613,0.5348197817802429,0.2875630259513855,0.7697632312774658,0.8322575688362122,1.4264177083969116,1.03321373462677
wildguard_prompt_harm,wildguard_prompt_harm,toxicity,0.4424999952316284,0.5838662385940552,0.4391312897205353,0.47621628642082214,0.47052183747291565,0.7947827577590942,0.27265334129333496,0.26790639758110046,0.5872780680656433,0.7424151301383972,0.7413599491119385,0.8263552188873291
wildguard_prompt_harm,wildguard_prompt_harm,toxicity,0.17649999260902405,0.5473594665527344,0.16039447486400604,0.43147459626197815,0.06591089814901352,0.7656505107879639,0.4264376759529114,0.28445810079574585,0.6757392287254333,0.7817034721374512,1.0817227363586426,0.9064186811447144
wildguard_prompt_harm,wildguard_prompt_harm,toxicity,0.2854999899864197,0.5694321393966675,0.2281881421804428,0.466571569442749,0.15021073818206787,0.7525211572647095,0.38910505175590515,0.2708700895309448,0.6753897666931152,0.7922113537788391,1.0056217908859253,0.919772207736969
wildguard_prompt_harm,wildguard_prompt_harm,toxicity,0.4339999854564667,0.588988184928894,0.31486204266548157,0.4746353328227997,0.4012557864189148,0.8261213302612305,0.45562416315078735,0.2524600625038147,0.8643405437469482,0.8118438720703125,1.4002631902694702,0.8431572914123535
wildguard_prompt_harm,wildguard_prompt_harm,toxicity,0.4205000102519989,0.6056817770004272,0.31304657459259033,0.5015172958374023,0.41774213314056396,0.8413597345352173,0.4136032462120056,0.24545800685882568,0.8044911026954651,0.7938226461410522,1.152063012123108,0.8187422156333923
wildguard_prompt_harm,wildguard_prompt_harm,toxicity,0.4544999897480011,0.5801215767860413,0.3311096131801605,0.4651671051979065,0.8038851022720337,0.8181207180023193,0.3073456585407257,0.273337721824646,0.7503451704978943,0.7370283603668213,0.8191131353378296,0.7615047693252563
wildguard_prompt_harm,wildguard_prompt_harm,toxicity,0.4390000104904175,0.5702576041221619,0.3058270812034607,0.4780157208442688,0.5628644227981567,0.7506928443908691,0.49900349974632263,0.2824224531650543,0.935759961605072,0.8116922974586487,1.68901789188385,0.9666990637779236
wildguard_prompt_harm,wildguard_prompt_harm,toxicity,0.382999986410141,0.5785536766052246,0.3121201694011688,0.4628134071826935,0.39293989539146423,0.8027781844139099,0.33765435218811035,0.26417019963264465,0.6781970262527466,0.7693690657615662,0.8948656320571899,0.8547081351280212
wildguard_prompt_harm,wildguard_prompt_harm,toxicity,0.3824999928474426,0.5726643204689026,0.28239208459854126,0.47925570607185364,0.37271881103515625,0.728960394859314,0.4217033386230469,0.2887350618839264,0.7868373990058899,0.8200153708457947,1.1514835357666016,1.021368145942688
wildguard_prompt_harm,wildguard_prompt_harm,toxicity,0.4415000081062317,0.5550544857978821,0.30627816915512085,0.4566880166530609,0.3407871425151825,0.7115749716758728,0.5424790382385254,0.34355422854423523,0.9785292744636536,0.8811053037643433,2.450732469558716,1.261352777481079
wildguard_prompt_harm,wildguard_prompt_harm,toxicity,0.47450000047683716,0.6131122708320618,0.3741065263748169,0.5011414289474487,0.7255332469940186,0.8408727645874023,0.32594534754753113,0.250902384519577,0.7802491784095764,0.7733996510505676,0.8882434964179993,0.7930502891540527
wildguard_prompt_harm,wildguard_prompt_harm,toxicity,0.35499998927116394,0.6022329926490784,0.29884520173072815,0.5080678462982178,0.34778377413749695,0.8155359029769897,0.3400253653526306,0.26234835386276245,0.6630193591117859,0.783509373664856,0.8930529356002808,0.84991055727005
wildguard_prompt_harm,wildguard_prompt_harm,toxicity,0.26350000500679016,0.5710452198982239,0.23200750350952148,0.4752533733844757,0.17537027597427368,0.7012419700622559,0.5335918664932251,0.32688289880752563,0.8045411705970764,0.8764133453369141,1.5386500358581543,1.3193514347076416
wildguard_prompt_harm,wildguard_prompt_harm,toxicity,0.34850001335144043,0.5473604202270508,0.26641950011253357,0.4557386338710785,0.33339160680770874,0.7346897721290588,0.45962759852409363,0.31234654784202576,0.8061070442199707,0.8408467769622803,1.2856717109680176,1.1352812051773071
wildguard_prompt_harm,wildguard_prompt_harm,toxicity,0.35749998688697815,0.5949083566665649,0.3363547623157501,0.4906911253929138,0.3796708583831787,0.7915639281272888,0.3247106373310089,0.2709863781929016,0.6399378776550293,0.7749865651130676,0.8611181378364563,0.8818677663803101
wildguard_prompt_harm,wildguard_prompt_harm,toxicity,0.4729999899864197,0.576185405254364,0.37261903285980225,0.46883276104927063,0.7569606900215149,0.8292987942695618,0.276132732629776,0.24669088423252106,0.6936127543449402,0.7357301712036133,0.7480957508087158,0.7678235173225403
wildguard_prompt_harm,wildguard_prompt_harm,toxicity,0.5630000233650208,0.5417548418045044,0.38027459383010864,0.436484694480896,0.6644964814186096,0.745845377445221,0.24412477016448975,0.2607042193412781,0.531635582447052,0.5778992772102356,0.6813603639602661,0.7358431816101074
wildguard_prompt_harm,wildguard_prompt_harm,toxicity,0.7250000238418579,0.5596045255661011,0.724799394607544,0.4451776146888733,0.8165626525878906,0.777458667755127,0.23661662638187408,0.26355841755867004,0.5211458802223206,0.6459199786186218,0.666287362575531,0.7380390763282776
wildguard_prompt_harm,wildguard_prompt_harm,toxicity,0.6414999961853027,0.5361184477806091,0.6374648809432983,0.42984458804130554,0.6866870522499084,0.7413519620895386,0.244039386510849,0.260122686624527,0.5144835710525513,0.6372100710868835,0.6812063455581665,0.7724219560623169
wildguard_prompt_harm,wildguard_prompt_harm,toxicity,0.7630000114440918,0.5596856474876404,0.7417262196540833,0.4313386380672455,0.8613594770431519,0.7969785928726196,0.23338709771633148,0.2582266330718994,0.5255478620529175,0.6375129222869873,0.6598321795463562,0.712966799736023
wildguard_prompt_harm,wildguard_prompt_harm,toxicity,0.5605000257492065,0.5281807780265808,0.3703887164592743,0.43981218338012695,0.4485466480255127,0.6601741313934326,0.2485075742006302,0.2744051516056061,0.5385658740997314,0.5636724829673767,0.6901695132255554,0.7854785919189453
wildguard_prompt_harm,wildguard_prompt_harm,toxicity,0.6205000281333923,0.5568616390228271,0.5053400993347168,0.47591233253479004,0.7267389893531799,0.7201404571533203,0.24464824795722961,0.27043935656547546,0.5165196061134338,0.5899206399917603,0.6824333667755127,0.767216682434082
wildguard_prompt_harm,wildguard_prompt_harm,toxicity,0.6075000166893005,0.5481034517288208,0.597515881061554,0.4261365830898285,0.7299953103065491,0.7672374844551086,0.24616314470767975,0.25510281324386597,0.5096691250801086,0.5620139837265015,0.6854678988456726,0.6891780495643616
wildguard_prompt_harm,wildguard_prompt_harm,toxicity,0.5090000033378601,0.5594080090522766,0.4286545515060425,0.44817134737968445,0.8758818507194519,0.7545434236526489,0.24070820212364197,0.24647954106330872,0.5277906656265259,0.6190023422241211,0.6744420528411865,0.7153916954994202
wildguard_prompt_harm,wildguard_prompt_harm,toxicity,0.5580000281333923,0.5672008395195007,0.35815146565437317,0.45685523748397827,0.6558536887168884,0.7345449924468994,0.2444225549697876,0.2489948868751526,0.5562539100646973,0.5798231363296509,0.6819199919700623,0.7128679156303406
wildguard_prompt_harm,wildguard_prompt_harm,toxicity,0.5789999961853027,0.540915310382843,0.41540688276290894,0.4401378333568573,0.7073901295661926,0.7425015568733215,0.24325646460056305,0.2525559663772583,0.5268071889877319,0.5879330039024353,0.6796268820762634,0.7411471605300903
wildguard_prompt_harm,wildguard_prompt_harm,toxicity,0.30799999833106995,0.5347720980644226,0.2504909038543701,0.4528929889202118,0.12591633200645447,0.6341846585273743,0.5373075008392334,0.33250313997268677,0.8246728777885437,0.8485842347145081,1.6011096239089966,1.2955584526062012
wildguard_prompt_harm,wildguard_prompt_harm,toxicity,0.38449999690055847,0.5317167639732361,0.28221049904823303,0.4489321708679199,0.20316681265830994,0.6343935132026672,0.510223388671875,0.3222675025463104,0.8578449487686157,0.8299793004989624,1.643269419670105,1.1776772737503052
wildguard_prompt_harm,wildguard_prompt_harm,toxicity,0.4235000014305115,0.5164908170700073,0.30109161138534546,0.4223601818084717,0.3471188247203827,0.6946119070053101,0.5114701390266418,0.3332636058330536,0.9161412119865417,0.8632028698921204,1.7274764776229858,1.2544666528701782
wildguard_prompt_harm,wildguard_prompt_harm,toxicity,0.3479999899864197,0.5378036499023438,0.2672313153743744,0.4564012885093689,0.23280665278434753,0.6186229586601257,0.5531244874000549,0.37079885601997375,0.8820077776908875,0.8897457122802734,1.830304503440857,1.4669209718704224
wildguard_prompt_harm,wildguard_prompt_harm,toxicity,0.3089999854564667,0.5893332362174988,0.2524678707122803,0.5198020935058594,0.27054494619369507,0.7166550755500793,0.5219927430152893,0.3118821978569031,0.8348020315170288,0.856231153011322,1.5793308019638062,1.1178669929504395
wildguard_prompt_harm,wildguard_prompt_harm,toxicity,0.40549999475479126,0.5099241733551025,0.29788529872894287,0.4291623532772064,0.31396928429603577,0.6285814642906189,0.48098382353782654,0.34459635615348816,0.8639245629310608,0.8418095111846924,1.4652849435806274,1.2921479940414429
wildguard_prompt_harm,wildguard_prompt_harm,toxicity,0.4284999966621399,0.5497758984565735,0.3028785288333893,0.46920377016067505,0.25678327679634094,0.6807456612586975,0.5433651804924011,0.35992470383644104,0.9553905129432678,0.8903195858001709,2.2705676555633545,1.4090349674224854
wildguard_prompt_harm,wildguard_prompt_harm,toxicity,0.35600000619888306,0.5302921533584595,0.2778317928314209,0.4521525800228119,0.19492338597774506,0.6250754594802856,0.5329760313034058,0.3296928405761719,0.8557668328285217,0.8391212821006775,1.7317087650299072,1.211687684059143
wildguard_prompt_harm,wildguard_prompt_harm,toxicity,0.4169999957084656,0.5150294899940491,0.2971085011959076,0.42335712909698486,0.5350273251533508,0.6548258066177368,0.4557754099369049,0.33891651034355164,0.8717963695526123,0.859714925289154,1.332059383392334,1.2737301588058472
wildguard_prompt_harm,wildguard_prompt_harm,toxicity,0.4334999918937683,0.5660207867622375,0.3031498193740845,0.46136045455932617,0.3380011320114136,0.7872323989868164,0.4528493583202362,0.27267736196517944,0.8562815189361572,0.788537323474884,1.3140959739685059,0.8799726963043213
wildguard_prompt_harm,wildguard_prompt_harm,toxicity,0.38850000500679016,0.4979403614997864,0.28624600172042847,0.4071698784828186,0.3568335473537445,0.584160566329956,0.537704586982727,0.357511967420578,0.9153793454170227,0.8607351779937744,1.8781675100326538,1.380915880203247
wildguard_prompt_harm,wildguard_prompt_harm,toxicity,0.40299999713897705,0.5244989991188049,0.29130297899246216,0.4464760422706604,0.2588120698928833,0.6289186477661133,0.5711072683334351,0.3617745339870453,0.9594824910163879,0.883898138999939,2.713409662246704,1.4775581359863281
wildguard_prompt_harm,wildguard_prompt_harm,toxicity,0.36500000953674316,0.5395388007164001,0.2775026857852936,0.45949384570121765,0.2426110804080963,0.6377016305923462,0.5700721144676208,0.3414609730243683,0.9144368767738342,0.8565756678581238,2.2309632301330566,1.3126848936080933
wildguard_prompt_harm,wildguard_prompt_harm,toxicity,0.39750000834465027,0.5222912430763245,0.28711533546447754,0.4365929067134857,0.29525241255760193,0.698224663734436,0.5689902901649475,0.33651962876319885,0.9455888271331787,0.8796109557151794,2.4917900562286377,1.2477033138275146
wildguard_prompt_harm,wildguard_prompt_harm,toxicity,0.3310000002384186,0.47874924540519714,0.2681734263896942,0.38660749793052673,0.17446358501911163,0.4824189245700836,0.6399853229522705,0.4633266031742096,0.9575249552726746,0.933161735534668,4.092367649078369,1.9316571950912476
wildguard_prompt_harm,wildguard_prompt_harm,toxicity,0.43549999594688416,0.5654245615005493,0.3056100010871887,0.47622546553611755,0.38351356983184814,0.7802605628967285,0.5314700603485107,0.295401930809021,0.9570667743682861,0.8164130449295044,2.158984422683716,0.9899318814277649
wildguard_prompt_harm,wildguard_prompt_harm,toxicity,0.4345000088214874,0.5669975876808167,0.3087623119354248,0.46959444880485535,0.5951665639877319,0.7640432119369507,0.45423635840415955,0.2995676100254059,0.8940083384513855,0.8280295729637146,1.437523603439331,1.0179595947265625
wildguard_prompt_harm,wildguard_prompt_harm,toxicity,0.2565000057220459,0.5223799347877502,0.22757881879806519,0.4551525115966797,0.14290644228458405,0.6220095753669739,0.6697204113006592,0.34224870800971985,0.9204347729682922,0.8354787230491638,2.89477801322937,1.25334632396698
wildguard_prompt_harm,wildguard_prompt_harm,toxicity,0.4754999876022339,0.5819892883300781,0.42966052889823914,0.47165608406066895,0.6301528215408325,0.8068242073059082,0.28653013706207275,0.26658499240875244,0.6855440139770508,0.8101333379745483,0.7777148485183716,0.9124013185501099
wildguard_prompt_harm,wildguard_prompt_harm,toxicity,0.40299999713897705,0.48239439725875854,0.2919694781303406,0.4015277922153473,0.1917608380317688,0.5227187275886536,0.5692561864852905,0.40585842728614807,0.956475555896759,0.8863905668258667,2.661712646484375,1.6249785423278809
wildguard_prompt_harm,wildguard_prompt_harm,toxicity,0.414000004529953,0.5104591250419617,0.2969709634780884,0.41960909962654114,0.2128516286611557,0.6161789894104004,0.5523223280906677,0.370721697807312,0.9496290683746338,0.8805891275405884,2.269083261489868,1.4243072271347046
wildguard_prompt_harm,wildguard_prompt_harm,toxicity,0.4194999933242798,0.48376405239105225,0.2990736663341522,0.3955124318599701,0.45950207114219666,0.5736778974533081,0.48179230093955994,0.370339572429657,0.891758143901825,0.871554434299469,1.4725875854492188,1.4033379554748535
wildguard_prompt_harm,wildguard_prompt_harm,toxicity,0.41600000858306885,0.5053144097328186,0.2993703782558441,0.41783806681632996,0.36845290660858154,0.6104983687400818,0.4982646107673645,0.35083892941474915,0.9032442569732666,0.8699275851249695,1.6010264158248901,1.354681134223938
wildguard_prompt_harm,wildguard_prompt_harm,toxicity,0.4034999907016754,0.5005054473876953,0.2942146062850952,0.41249868273735046,0.26674684882164,0.6078869104385376,0.524495005607605,0.36355334520339966,0.9011032581329346,0.8793758153915405,1.7684967517852783,1.42424476146698
wildguard_prompt_harm,wildguard_prompt_harm,toxicity,0.46149998903274536,0.5659531950950623,0.3616489768028259,0.4771168828010559,0.7774108648300171,0.7568658590316772,0.316645085811615,0.30625778436660767,0.7710238695144653,0.818490207195282,0.8517349362373352,1.0504579544067383
wildguard_prompt_harm,wildguard_prompt_harm,toxicity,0.43549999594688416,0.5373809933662415,0.3078118860721588,0.44806647300720215,0.6727758646011353,0.7272411584854126,0.4406580328941345,0.3305870294570923,0.8890365362167358,0.8559232950210571,1.2990461587905884,1.1666744947433472
wildguard_prompt_harm,wildguard_prompt_harm,toxicity,0.4124999940395355,0.5028218030929565,0.29892078042030334,0.4244418144226074,0.34807267785072327,0.6214879155158997,0.5144615173339844,0.3778229355812073,0.909879744052887,0.884541928768158,1.7571841478347778,1.4992969036102295
wildguard_prompt_harm,wildguard_prompt_harm,toxicity,0.41600000858306885,0.551301121711731,0.30276232957839966,0.48057281970977783,0.16099180281162262,0.6269702911376953,0.5663707852363586,0.34891584515571594,0.9635448455810547,0.8736562728881836,3.2075746059417725,1.4087194204330444
wildguard_prompt_harm,wildguard_prompt_harm,toxicity,0.43299999833106995,0.536878764629364,0.30437982082366943,0.4425266683101654,0.49571332335472107,0.7029616832733154,0.4613240361213684,0.3185797333717346,0.8847959637641907,0.8391159176826477,1.376077651977539,1.1190364360809326
wildguard_prompt_harm,wildguard_prompt_harm,toxicity,0.4284999966621399,0.5218552947044373,0.30574095249176025,0.41593170166015625,0.5146729350090027,0.7028045058250427,0.4484659433364868,0.3211970031261444,0.8711981773376465,0.8445966839790344,1.3141669034957886,1.1353716850280762
wildguard_prompt_harm,wildguard_prompt_harm,toxicity,0.4034999907016754,0.45309823751449585,0.2928943634033203,0.36657267808914185,0.21813876926898956,0.4829873740673065,0.5843209028244019,0.4403231739997864,0.9805749654769897,0.9098242521286011,3.4620633125305176,1.8117594718933105
wildguard_prompt_harm,wildguard_prompt_harm,toxicity,0.4020000100135803,0.48618584871292114,0.29666173458099365,0.41341158747673035,0.23783987760543823,0.5496514439582825,0.5636007785797119,0.4141046106815338,0.9494096040725708,0.8990184664726257,2.4781365394592285,1.7546995878219604
wildguard_prompt_harm,wildguard_prompt_harm,toxicity,0.4339999854564667,0.5061869621276855,0.3056066632270813,0.42121052742004395,0.5475665330886841,0.644463062286377,0.5309795141220093,0.3962003290653229,0.9632995128631592,0.8696224689483643,2.0739381313323975,1.3429327011108398
wildguard_prompt_harm,wildguard_prompt_harm,toxicity,0.42149999737739563,0.4936375617980957,0.30148857831954956,0.3936113119125366,0.4549280107021332,0.6525511741638184,0.5185437798500061,0.3827858567237854,0.9336565732955933,0.8918876051902771,1.8042583465576172,1.447484016418457
wildguard_prompt_harm,wildguard_prompt_harm,toxicity,0.4154999852180481,0.48845812678337097,0.30250075459480286,0.3942092955112457,0.30515921115875244,0.5401391386985779,0.5622963309288025,0.4317357838153839,0.9656615257263184,0.9281708598136902,2.817166328430176,1.9133288860321045
wildguard_prompt_harm,wildguard_prompt_harm,toxicity,0.4345000088214874,0.5396345257759094,0.30803999304771423,0.4420519769191742,0.5574672818183899,0.7561513185501099,0.4457656443119049,0.3185926675796509,0.8790110945701599,0.8450037837028503,1.3080346584320068,1.1102075576782227
wildguard_prompt_harm,wildguard_prompt_harm,toxicity,0.4074999988079071,0.49945175647735596,0.29564717411994934,0.4088020920753479,0.21193327009677887,0.5498126149177551,0.5482912659645081,0.391658753156662,0.9345401525497437,0.8984386920928955,2.2340073585510254,1.6507720947265625
wildguard_prompt_harm,wildguard_prompt_harm,toxicity,0.43299999833106995,0.5107362270355225,0.30656707286834717,0.42586880922317505,0.4739854335784912,0.6370981931686401,0.49039846658706665,0.3656100332736969,0.9148552417755127,0.8753305077552795,1.5709948539733887,1.3564984798431396
wildguard_prompt_harm,wildguard_prompt_harm,toxicity,0.4169999957084656,0.49365121126174927,0.2985022962093353,0.40597566962242126,0.24324561655521393,0.5179593563079834,0.5694000720977783,0.4131380617618561,0.9791419506072998,0.9131366014480591,3.2487428188323975,1.7581984996795654
wildguard_prompt_harm,wildguard_prompt_harm,toxicity,0.41449999809265137,0.4912208616733551,0.30197715759277344,0.41317081451416016,0.22968412935733795,0.527469277381897,0.5323404669761658,0.3925422430038452,0.9269806146621704,0.8783867955207825,1.922398328781128,1.5711032152175903
wildguard_prompt_harm,wildguard_prompt_harm,toxicity,0.42899999022483826,0.46836337447166443,0.30599361658096313,0.38267001509666443,0.3508429527282715,0.5188179016113281,0.5412108302116394,0.39604705572128296,0.9603545069694519,0.8732268810272217,2.279364824295044,1.5129504203796387
wildguard_prompt_harm,wildguard_prompt_harm,toxicity,0.3995000123977661,0.43730032444000244,0.30154094099998474,0.34061428904533386,0.2559657692909241,0.42029044032096863,0.5839852690696716,0.5164831280708313,0.9738555550575256,0.9341559410095215,3.5040130615234375,2.205427408218384
wildguard_prompt_harm,wildguard_prompt_harm,toxicity,0.41600000858306885,0.44600868225097656,0.30608034133911133,0.3606915771961212,0.3422594368457794,0.41791096329689026,0.5718992948532104,0.48545756936073303,0.981900155544281,0.9223086833953857,3.423607349395752,1.9694342613220215
wildguard_prompt_harm,wildguard_prompt_harm,toxicity,0.41850000619888306,0.48856988549232483,0.3006528317928314,0.40734192728996277,0.38505175709724426,0.5623824000358582,0.5370469689369202,0.4141973853111267,0.9457351565361023,0.8778427243232727,2.049818754196167,1.5178037881851196
wildguard_prompt_harm,wildguard_prompt_harm,toxicity,0.4090000092983246,0.4646778404712677,0.2990853786468506,0.38833165168762207,0.2897605299949646,0.45136943459510803,0.5700071454048157,0.4558168947696686,0.9741804003715515,0.9120197296142578,3.1568846702575684,1.9366180896759033
wildguard_prompt_harm,wildguard_prompt_harm,toxicity,0.4334999918937683,0.5225253105163574,0.30681636929512024,0.44098323583602905,0.627901554107666,0.66385817527771,0.5182939171791077,0.3812834620475769,0.9560131430625916,0.8609033823013306,1.920532464981079,1.3040817975997925
wildguard_prompt_harm,wildguard_prompt_harm,toxicity,0.40799999237060547,0.454182893037796,0.3030833899974823,0.36426180601119995,0.2882212996482849,0.4803018271923065,0.5756855010986328,0.4732784032821655,0.9750259518623352,0.9204760789871216,3.6636250019073486,1.985571026802063
wildguard_prompt_harm,wildguard_prompt_harm,toxicity,0.4300000071525574,0.485630601644516,0.30362457036972046,0.4072490632534027,0.41884902119636536,0.5072739720344543,0.5543577075004578,0.41985175013542175,0.9795719981193542,0.8875406384468079,2.6854989528656006,1.6504040956497192
wildguard_prompt_harm,wildguard_prompt_harm,toxicity,0.4050000011920929,0.45479312539100647,0.29955172538757324,0.3648236095905304,0.2803858816623688,0.445499986410141,0.5319898128509521,0.45008766651153564,0.9222943186759949,0.9102964997291565,1.98405921459198,1.9087074995040894
wildguard_prompt_harm,wildguard_prompt_harm,toxicity,0.4154999852180481,0.4670395851135254,0.301154762506485,0.37137341499328613,0.3696712851524353,0.5007959604263306,0.5633279085159302,0.45578673481941223,0.973124086856842,0.933563768863678,2.895925998687744,1.947161316871643
qnli,qnli,entailment,0.5580000281333923,0.6085793375968933,0.35815146565437317,0.49825331568717957,0.827298641204834,0.8573352694511414,0.26103314757347107,0.24500815570354462,0.7495313882827759,0.6135621070861816,0.7161849737167358,0.6412317752838135
qnli,qnli,entailment,0.5580000281333923,0.5606246590614319,0.35815146565437317,0.46436938643455505,0.8274699449539185,0.8441898226737976,0.2942560017108917,0.27285271883010864,0.81755131483078,0.5472925305366516,0.8040755391120911,0.610666036605835
qnli,qnli,entailment,0.6384999752044678,0.6181555986404419,0.5373947024345398,0.5313401222229004,0.883618950843811,0.8248346447944641,0.2189379632472992,0.2593885064125061,0.5724272727966309,0.5787935853004456,0.6297922730445862,0.6289567351341248
qnli,qnli,entailment,0.699999988079071,0.6210116147994995,0.6455308794975281,0.541023313999176,0.8849336504936218,0.8438639640808105,0.2164098471403122,0.2577608823776245,0.5624098777770996,0.5915502309799194,0.6249600648880005,0.6373701095581055
qnli,qnli,entailment,0.5634999871253967,0.6040356159210205,0.37171080708503723,0.5065296292304993,0.8267208337783813,0.8454172015190125,0.2288532257080078,0.26200488209724426,0.6436015963554382,0.5891441702842712,0.6475785374641418,0.6502925157546997
qnli,qnli,entailment,0.6345000267028809,0.5887646675109863,0.5328343510627747,0.4878396689891815,0.8708435893058777,0.8128954768180847,0.22315941751003265,0.26809757947921753,0.5628722906112671,0.6130357980728149,0.6386594176292419,0.6812992095947266
qnli,qnli,entailment,0.7714999914169312,0.6144165396690369,0.7714930772781372,0.53800368309021,0.86891108751297,0.8238120675086975,0.22842559218406677,0.26510900259017944,0.5312749743461609,0.5846312046051025,0.649786114692688,0.6564757823944092
qnli,qnli,entailment,0.5580000281333923,0.586419403553009,0.35815146565437317,0.4762725830078125,0.8314824104309082,0.8147332668304443,0.26572054624557495,0.2767335772514343,0.7614133954048157,0.6198188066482544,0.7273458242416382,0.6653016805648804
qnli,qnli,entailment,0.7714999914169312,0.5942195653915405,0.7563315629959106,0.5036478638648987,0.8674909472465515,0.8143986463546753,0.22006316483020782,0.2782343029975891,0.5453280806541443,0.598558247089386,0.6327754855155945,0.6528783440589905
qnli,qnli,entailment,0.6265000104904175,0.6295158863067627,0.5167849063873291,0.5245494842529297,0.8583230972290039,0.8548852801322937,0.22147971391677856,0.2377796173095703,0.5721673965454102,0.6185389757156372,0.6349824070930481,0.6539245843887329
qnli,qnli,entailment,0.8215000033378601,0.6386016011238098,0.8189140558242798,0.5536713600158691,0.8943402171134949,0.8522339463233948,0.2083747833967209,0.23851600289344788,0.5574563145637512,0.6129207611083984,0.6088253259658813,0.6293221712112427
qnli,qnli,entailment,0.6495000123977661,0.6145449280738831,0.5617346167564392,0.5053788423538208,0.8411839604377747,0.8493236899375916,0.21915873885154724,0.24279586970806122,0.5760554075241089,0.6062368154525757,0.6300144791603088,0.6284703612327576
qnli,qnli,entailment,0.6380000114440918,0.6324717402458191,0.5381327271461487,0.5205571055412292,0.8779076337814331,0.878148078918457,0.21635417640209198,0.21876658499240875,0.5824781656265259,0.6157439947128296,0.6241480112075806,0.6388232111930847
qnli,qnli,entailment,0.7070000171661377,0.6470483541488647,0.654757559299469,0.5491067171096802,0.9055039882659912,0.8817422986030579,0.21925698220729828,0.21026867628097534,0.5526480078697205,0.6024949550628662,0.6309391856193542,0.6294848918914795
qnli,qnli,entailment,0.5839999914169312,0.6308196187019348,0.42064428329467773,0.5365517139434814,0.8426288962364197,0.8509131073951721,0.22063924372196198,0.23572908341884613,0.6100145578384399,0.6099928021430969,0.6317137479782104,0.6349650621414185
qnli,qnli,entailment,0.7294999957084656,0.6081857681274414,0.6967787146568298,0.5208681225776672,0.8458462357521057,0.8509904742240906,0.21946917474269867,0.2503257989883423,0.5551612377166748,0.59711092710495,0.6312954425811768,0.6651254296302795
qnli,qnli,entailment,0.6735000014305115,0.6261469125747681,0.6639590263366699,0.5257124304771423,0.8764485120773315,0.8686125874519348,0.2247193604707718,0.22709371149539948,0.549171507358551,0.6207367777824402,0.6418904662132263,0.6445574164390564
qnli,qnli,entailment,0.5580000281333923,0.5663987398147583,0.35815146565437317,0.4507495164871216,0.8270670175552368,0.8289093375205994,0.2562260329723358,0.26765742897987366,0.7385916113853455,0.6290290355682373,0.7049483060836792,0.6621298789978027
qnli,qnli,entailment,0.559499979019165,0.6131121516227722,0.36187881231307983,0.5105016231536865,0.8362277746200562,0.8493776321411133,0.23267295956611633,0.24507561326026917,0.6696584820747375,0.6162388920783997,0.6544187664985657,0.6394784450531006
qnli,qnli,entailment,0.8080000281333923,0.6288807988166809,0.807134211063385,0.5460678339004517,0.8884961009025574,0.8581058979034424,0.2180786430835724,0.24703142046928406,0.543874979019165,0.6258133053779602,0.6288044452667236,0.6529088616371155
qnli,qnli,entailment,0.4584999978542328,0.5577012896537781,0.34015539288520813,0.4501650631427765,0.7197895050048828,0.7998202443122864,0.24910001456737518,0.2623412311077118,0.5371031761169434,0.5687401294708252,0.6912987232208252,0.6915724277496338
qnli,qnli,entailment,0.5814999938011169,0.605649471282959,0.42267879843711853,0.5006389617919922,0.7998082041740417,0.8367579579353333,0.22442463040351868,0.2406451255083084,0.6044847369194031,0.6152034401893616,0.639855146408081,0.6742202639579773
qnli,qnli,entailment,0.44600000977516174,0.5727126002311707,0.31888818740844727,0.4707856774330139,0.5880898237228394,0.7802242636680603,0.25958287715911865,0.26658543944358826,0.5715872645378113,0.5640898942947388,0.7125126719474792,0.7064108848571777
qnli,qnli,entailment,0.5644999742507935,0.5741022825241089,0.37414470314979553,0.48565205931663513,0.8513320088386536,0.7816078662872314,0.23184216022491455,0.25993606448173523,0.5822120308876038,0.5798136591911316,0.6559971570968628,0.686285674571991
qnli,qnli,entailment,0.6899999976158142,0.6239557266235352,0.632345974445343,0.4992392957210541,0.8584340810775757,0.859665036201477,0.2275276482105255,0.20671561360359192,0.5426565408706665,0.6024959087371826,0.6478476524353027,0.6291259527206421
qnli,qnli,entailment,0.7059999704360962,0.6423518061637878,0.6569892764091492,0.5319491028785706,0.8686632513999939,0.8742005228996277,0.21815873682498932,0.2272680401802063,0.5596677660942078,0.6038419008255005,0.6285780668258667,0.6347916722297668
qnli,qnli,entailment,0.7105000019073486,0.5733429193496704,0.682389497756958,0.4645053446292877,0.7943867444992065,0.8030789494514465,0.23673106729984283,0.23343469202518463,0.5244553685188293,0.5547592043876648,0.666538417339325,0.6575868725776672
qnli,qnli,entailment,0.7089999914169312,0.6054867506027222,0.6631316542625427,0.4865931570529938,0.8628115057945251,0.8528523445129395,0.21914131939411163,0.23693355917930603,0.5573904514312744,0.6090389490127563,0.6306115984916687,0.6402827501296997
qnli,qnli,entailment,0.46650001406669617,0.56296706199646,0.3583805561065674,0.4643727242946625,0.8018613457679749,0.7871100306510925,0.2462773621082306,0.2559308111667633,0.524461030960083,0.5702232718467712,0.6856678128242493,0.6936689019203186
qnli,qnli,entailment,0.44850000739097595,0.5987339019775391,0.32375243306159973,0.5133277177810669,0.7750977277755737,0.7735873460769653,0.24800783395767212,0.2521751821041107,0.532724142074585,0.5549453496932983,0.6891101598739624,0.696221649646759
qnli,qnli,entailment,0.574999988079071,0.5909194946289062,0.4063507914543152,0.5061257481575012,0.7132479548454285,0.7646515369415283,0.24192263185977936,0.2402821183204651,0.5321717262268066,0.5385314226150513,0.6769276857376099,0.6773150563240051
qnli,qnli,entailment,0.6940000057220459,0.5801540017127991,0.6718146800994873,0.4794546663761139,0.7719772458076477,0.8064523339271545,0.23865088820457458,0.24501760303974152,0.5215259194374084,0.5846365094184875,0.6703945398330688,0.6944169402122498
qnli,qnli,entailment,0.659500002861023,0.6385291814804077,0.577522337436676,0.5329077243804932,0.8884423971176147,0.8748816847801208,0.2164762318134308,0.20419535040855408,0.5688214302062988,0.6087297201156616,0.6247488856315613,0.6074313521385193
qnli,qnli,entailment,0.5584999918937683,0.5635358095169067,0.36043018102645874,0.46638357639312744,0.49055540561676025,0.6972378492355347,0.24804341793060303,0.2654310166835785,0.5780542492866516,0.48624730110168457,0.689325749874115,0.6900756359100342
qnli,qnli,entailment,0.5575000047683716,0.6082388162612915,0.35794541239738464,0.4983513057231903,0.639219343662262,0.8051677346229553,0.24455752968788147,0.2216053456068039,0.5392199158668518,0.501326322555542,0.6822192072868347,0.6474164724349976
qnli,qnli,entailment,0.46000000834465027,0.5619596838951111,0.3732706904411316,0.4618275463581085,0.5821042656898499,0.75775545835495,0.251011461019516,0.2564070522785187,0.523465096950531,0.526004433631897,0.6951692700386047,0.7193182110786438
qnli,qnli,entailment,0.4494999945163727,0.5742610692977905,0.3298792541027069,0.48282280564308167,0.6297996044158936,0.7631617784500122,0.25163546204566956,0.26666682958602905,0.5314972996711731,0.5086613893508911,0.6964124441146851,0.6860106587409973
qnli,qnli,entailment,0.5270000100135803,0.6238384246826172,0.4601048231124878,0.5565789937973022,0.8985356688499451,0.795684278011322,0.23618195950984955,0.24435342848300934,0.5434011220932007,0.5878944993019104,0.6651911735534668,0.6800417900085449
qnli,qnli,entailment,0.5550000071525574,0.6523151397705078,0.5024458169937134,0.5909996032714844,0.9213608503341675,0.8276760578155518,0.23237259685993195,0.228755384683609,0.5412334203720093,0.5442615151405334,0.6574811339378357,0.6234352588653564
qnli,qnli,entailment,0.8224999904632568,0.6384866833686829,0.8152192234992981,0.5584471821784973,0.9103978276252747,0.8607960343360901,0.2046048790216446,0.22985059022903442,0.5624174475669861,0.6478022336959839,0.6009666919708252,0.6368505358695984
qnli,qnli,entailment,0.8130000233650208,0.6574087142944336,0.801570475101471,0.561699628829956,0.9208281636238098,0.902789294719696,0.1951206624507904,0.20345018804073334,0.5784696340560913,0.652292788028717,0.5807256698608398,0.6171737909317017
qnli,qnli,entailment,0.6735000014305115,0.6545655131340027,0.5992240905761719,0.5539093613624573,0.9134716987609863,0.8876063823699951,0.20719453692436218,0.20347723364830017,0.5840484499931335,0.6391372680664062,0.6048821210861206,0.6402159333229065
qnli,qnli,entailment,0.565500020980835,0.700934112071991,0.5167893171310425,0.6186838150024414,0.8873238563537598,0.9152007102966309,0.22911588847637177,0.1844254732131958,0.6897714734077454,0.7181829810142517,0.6432201266288757,0.5928414463996887
qnli,qnli,entailment,0.8100000023841858,0.6141971349716187,0.8060899972915649,0.5203045010566711,0.8849214911460876,0.85680091381073,0.21859490871429443,0.24064408242702484,0.5431785583496094,0.6355728507041931,0.6298572421073914,0.6629072427749634
qnli,qnli,entailment,0.8090000152587891,0.6523234248161316,0.8061619997024536,0.5477066040039062,0.8889937996864319,0.8821259140968323,0.21599863469600677,0.212280735373497,0.5464920401573181,0.6224827766418457,0.6245352625846863,0.627128005027771
qnli,qnli,entailment,0.609499990940094,0.6497331857681274,0.481058806180954,0.5523176789283752,0.8760339021682739,0.871296763420105,0.21873612701892853,0.2196679413318634,0.5878625512123108,0.603650689125061,0.628852367401123,0.6168666481971741
qnli,qnli,entailment,0.7085000276565552,0.6808582544326782,0.6591519117355347,0.5889544486999512,0.8956741690635681,0.9071813821792603,0.20530864596366882,0.1953122466802597,0.584435760974884,0.6351747512817383,0.6012676954269409,0.5898775458335876
qnli,qnli,entailment,0.7415000200271606,0.5994660258293152,0.7403168082237244,0.5150191783905029,0.8677210807800293,0.8157634139060974,0.2315811961889267,0.2580961287021637,0.5288727283477783,0.5664052367210388,0.656158983707428,0.677571713924408
qnli,qnli,entailment,0.6974999904632568,0.6082635521888733,0.6959890127182007,0.5120583176612854,0.759254515171051,0.802056074142456,0.2397962510585785,0.23127207159996033,0.5191647410392761,0.5640367865562439,0.6726975440979004,0.6581001877784729
qnli,qnli,entailment,0.8184999823570251,0.6861063838005066,0.8173455595970154,0.6147401928901672,0.8991833925247192,0.9090260863304138,0.17611825466156006,0.1907229721546173,0.6133735179901123,0.7427789568901062,0.5383342504501343,0.652742862701416
qnli,qnli,entailment,0.7425000071525574,0.5911988019943237,0.7309141755104065,0.5189518332481384,0.8209720253944397,0.8086643815040588,0.21126247942447662,0.2606331706047058,0.5677980184555054,0.6479617953300476,0.6138426661491394,0.7488778829574585
qnli,qnli,entailment,0.7024999856948853,0.6427662968635559,0.695224940776825,0.5389146208763123,0.8969382047653198,0.8778259754180908,0.22160714864730835,0.20836159586906433,0.5508384704589844,0.6423982381820679,0.6356611847877502,0.647026777267456
qnli,qnli,entailment,0.8349999785423279,0.6880892515182495,0.8275386095046997,0.6158646941184998,0.9332984685897827,0.8998697996139526,0.14978592097759247,0.2043570578098297,0.6624389886856079,0.7567869424819946,0.47625860571861267,0.6382637619972229
qnli,qnli,entailment,0.8454999923706055,0.73176509141922,0.8454471230506897,0.6580309867858887,0.9368294477462769,0.9251481890678406,0.14855451881885529,0.17003443837165833,0.665543794631958,0.7148445248603821,0.4735453426837921,0.5651093125343323
qnli,qnli,entailment,0.6940000057220459,0.6268460750579834,0.6858571171760559,0.5324491262435913,0.9007261991500854,0.884264349937439,0.21807542443275452,0.214974045753479,0.5582661628723145,0.6596630215644836,0.6281986236572266,0.6505025029182434
qnli,qnli,entailment,0.8460000157356262,0.6896167993545532,0.8427390456199646,0.6526100039482117,0.9313720464706421,0.8782817721366882,0.17828665673732758,0.21623043715953827,0.598226010799408,0.6657630205154419,0.5445120930671692,0.615872323513031
qnli,qnli,entailment,0.6664999723434448,0.6346508264541626,0.5866589546203613,0.5290995836257935,0.9075930714607239,0.8843470215797424,0.21090376377105713,0.2071085274219513,0.5800670981407166,0.6185498237609863,0.6129418015480042,0.6162185668945312
qnli,qnli,entailment,0.5429999828338623,0.6274511814117432,0.49747031927108765,0.5575740337371826,0.7561659812927246,0.8119727373123169,0.23900218307971954,0.22105908393859863,0.5525947213172913,0.5931556820869446,0.6706162691116333,0.7203971743583679
qnli,qnli,entailment,0.5609999895095825,0.6953789591789246,0.5098646879196167,0.6194202899932861,0.9108889102935791,0.9094067811965942,0.22002823650836945,0.196038618683815,0.6353448629379272,0.7142977118492126,0.6267145872116089,0.6298615336418152
qnli,qnli,entailment,0.44200000166893005,0.5970764756202698,0.3065187335014343,0.5123999714851379,0.5569817423820496,0.7598204612731934,0.28333187103271484,0.24740304052829742,0.6375269889831543,0.5598253607749939,0.7621028423309326,0.7001752257347107
qnli,qnli,entailment,0.47749999165534973,0.5779898166656494,0.380615770816803,0.47805407643318176,0.6846399903297424,0.7833695411682129,0.24870243668556213,0.2618793547153473,0.5178424119949341,0.5136196613311768,0.6905447244644165,0.6760267615318298
qnli,qnli,entailment,0.7695000171661377,0.6616988778114319,0.7474470138549805,0.5662222504615784,0.9002938270568848,0.8984608054161072,0.21149124205112457,0.20848912000656128,0.5583685636520386,0.6100504994392395,0.6150467395782471,0.6165634393692017
qnli,qnli,entailment,0.8065000176429749,0.6613151431083679,0.8064987659454346,0.5589115023612976,0.9082093834877014,0.9045374393463135,0.2099059522151947,0.19621974229812622,0.5562853813171387,0.6403910517692566,0.6119287014007568,0.6172484755516052
qnli,qnli,entailment,0.5600000023841858,0.6624817252159119,0.3631163239479065,0.5768406987190247,0.8703321814537048,0.8684304356575012,0.2269391268491745,0.2011970579624176,0.5978970527648926,0.5739767551422119,0.6452766060829163,0.610257089138031
qnli,qnli,entailment,0.8544999957084656,0.636879563331604,0.8541569113731384,0.5806304812431335,0.9367372393608093,0.8378614783287048,0.1823408305644989,0.24684187769889832,0.5916144847869873,0.7019883990287781,0.5538036227226257,0.74204021692276
qnli,qnli,entailment,0.8209999799728394,0.6301515698432922,0.8208493590354919,0.532171905040741,0.9124326705932617,0.8533573150634766,0.22641947865486145,0.20858049392700195,0.5301828384399414,0.6466821432113647,0.6458055973052979,0.6683440804481506
qnli,qnli,entailment,0.5164999961853027,0.609458863735199,0.4419499635696411,0.5268505215644836,0.8828253149986267,0.8274823427200317,0.23447832465171814,0.25055548548698425,0.5718590617179871,0.6946383118629456,0.661169707775116,0.7996559143066406
qnli,qnli,entailment,0.5845000147819519,0.6140100955963135,0.42598584294319153,0.5120181441307068,0.821877658367157,0.8444602489471436,0.2313021868467331,0.2153836190700531,0.5611804723739624,0.6029294729232788,0.6552109122276306,0.6737082004547119
qnli,qnli,entailment,0.6290000081062317,0.5695117115974426,0.5869696140289307,0.45249688625335693,0.6902332901954651,0.8081536889076233,0.2396666556596756,0.23297199606895447,0.5282039046287537,0.5785955190658569,0.6723896265029907,0.6954963803291321
qnli,qnli,entailment,0.4645000100135803,0.6064026355743408,0.350136935710907,0.5250622630119324,0.8862513899803162,0.8253265023231506,0.24170710146427155,0.25216877460479736,0.5817582607269287,0.6391404271125793,0.6756030321121216,0.729865550994873
qnli,qnli,entailment,0.6309999823570251,0.7294741868972778,0.6057654619216919,0.6488615274429321,0.9419655799865723,0.9378071427345276,0.19969943165779114,0.17003299295902252,0.6926230192184448,0.7378126978874207,0.5753942131996155,0.5567755103111267
qnli,qnli,entailment,0.8119999766349792,0.661095142364502,0.8104989528656006,0.5785104632377625,0.895251989364624,0.8599427342414856,0.21548596024513245,0.20448479056358337,0.5465621948242188,0.6167430877685547,0.6234584450721741,0.6216788291931152
qnli,qnli,entailment,0.6119999885559082,0.6240969300270081,0.5822166204452515,0.5306764245033264,0.9046940803527832,0.8564527034759521,0.2189696580171585,0.23722097277641296,0.5803351998329163,0.6484615802764893,0.6288685202598572,0.6763231754302979
qnli,qnli,entailment,0.7404999732971191,0.6586141586303711,0.740225613117218,0.5582879185676575,0.8437114953994751,0.879483699798584,0.21911171078681946,0.20153112709522247,0.552347719669342,0.6440146565437317,0.6305755376815796,0.6423097252845764
qnli,qnli,entailment,0.6620000004768372,0.6203903555870056,0.5785405039787292,0.5579566955566406,0.9148953557014465,0.8219133019447327,0.21923188865184784,0.24854472279548645,0.5576493144035339,0.602172315120697,0.6306876540184021,0.6736260652542114
qnli,qnli,entailment,0.746999979019165,0.6460325717926025,0.7469351887702942,0.5418648719787598,0.8531956076622009,0.8817769885063171,0.2195916473865509,0.204440638422966,0.548590898513794,0.6502538919448853,0.6316409111022949,0.6547495126724243
qnli,qnli,entailment,0.6804999709129333,0.6025730967521667,0.6134430766105652,0.5241244435310364,0.9099477529525757,0.8085700869560242,0.2064017802476883,0.2512940466403961,0.5844993591308594,0.6247941851615906,0.6033161282539368,0.6816439032554626
qnli,qnli,entailment,0.7739999890327454,0.6252413392066956,0.7735207676887512,0.5120270252227783,0.8954415321350098,0.8806003928184509,0.219246506690979,0.21703217923641205,0.5459454655647278,0.6183009743690491,0.6310078501701355,0.6358123421669006
qnli,qnli,entailment,0.6119999885559082,0.6393739581108093,0.4847216010093689,0.5271249413490295,0.8843026757240295,0.8900601863861084,0.21266710758209229,0.214665487408638,0.6092455983161926,0.6417995691299438,0.615005612373352,0.6298407316207886
qnli,qnli,entailment,0.6959999799728394,0.699876070022583,0.6860529184341431,0.646323561668396,0.9239790439605713,0.9040993452072144,0.1886935979127884,0.20280957221984863,0.6537731885910034,0.7446109652519226,0.5591272115707397,0.6259480118751526
qnli,qnli,entailment,0.800000011920929,0.6842215061187744,0.7995572090148926,0.6271932721138,0.9244210124015808,0.8828976154327393,0.17370738089084625,0.1915707290172577,0.627790093421936,0.6852028369903564,0.5322695374488831,0.644539475440979
qnli,qnli,entailment,0.6019999980926514,0.6168259382247925,0.4605993628501892,0.541330873966217,0.8521313071250916,0.8080419898033142,0.21854375302791595,0.24301467835903168,0.5983196496963501,0.621256947517395,0.6275728344917297,0.7113985419273376
qnli,qnli,entailment,0.7695000171661377,0.6536324620246887,0.768476128578186,0.5743709802627563,0.9063726663589478,0.8883280754089355,0.19198359549045563,0.21729525923728943,0.5996994972229004,0.7057417035102844,0.57270348072052,0.6458570957183838
qnli,qnli,entailment,0.6190000176429749,0.6843119859695435,0.5073853135108948,0.62434983253479,0.8650333881378174,0.871271014213562,0.20680299401283264,0.2106163501739502,0.6561076641082764,0.6752821207046509,0.5981974005699158,0.6195937395095825
qnli,qnli,entailment,0.8305000066757202,0.6535195708274841,0.8293666243553162,0.6104577779769897,0.9084237217903137,0.8196542263031006,0.2157517373561859,0.24004046618938446,0.5440729856491089,0.5922906398773193,0.6239748597145081,0.6616116166114807
qnli,qnli,entailment,0.800000011920929,0.6653779745101929,0.799903154373169,0.5920917391777039,0.9073132872581482,0.8932666182518005,0.17585478723049164,0.21885612607002258,0.6258682608604431,0.700572669506073,0.5364986062049866,0.6440081596374512
qnli,qnli,entailment,0.8289999961853027,0.6439743041992188,0.8278706669807434,0.5833147168159485,0.9086999893188477,0.8623705506324768,0.19802604615688324,0.2283966839313507,0.5708257555961609,0.6918272376060486,0.5868886709213257,0.7095497250556946
qnli,qnli,entailment,0.7875000238418579,0.7155709266662598,0.770183265209198,0.6369524598121643,0.9131194353103638,0.931161105632782,0.18654872477054596,0.1831081509590149,0.599992573261261,0.6944372653961182,0.5614662170410156,0.5641389489173889
qnli,qnli,entailment,0.4480000138282776,0.6150421500205994,0.31843775510787964,0.51555335521698,0.8608019351959229,0.8641085624694824,0.2538773715496063,0.22393904626369476,0.6222625374794006,0.6313128471374512,0.699525773525238,0.6749693751335144
qnli,qnli,entailment,0.7870000004768372,0.672116219997406,0.7869520783424377,0.6201328635215759,0.9029653072357178,0.8604201078414917,0.18074701726436615,0.23148559033870697,0.6178730726242065,0.7341029047966003,0.5473083257675171,0.6980720162391663
qnli,qnli,entailment,0.6504999995231628,0.6343039274215698,0.641258716583252,0.5593191981315613,0.8015653491020203,0.8110488653182983,0.21400289237499237,0.2613409161567688,0.6532962918281555,0.7929989695549011,0.6154623031616211,0.9074504375457764
qnli,qnli,entailment,0.7979999780654907,0.7013882994651794,0.7974937558174133,0.6551013588905334,0.8748454451560974,0.8968730568885803,0.17843791842460632,0.210658997297287,0.6233453750610352,0.7242941856384277,0.5418147444725037,0.619023323059082
qnli,qnli,entailment,0.5724999904632568,0.68436199426651,0.529753565788269,0.6352512240409851,0.8413005471229553,0.8866607546806335,0.23047932982444763,0.2109072059392929,0.6463330388069153,0.7309646010398865,0.649845540523529,0.7024542093276978
qnli,qnli,entailment,0.7170000076293945,0.6973708271980286,0.7158722877502441,0.6444963812828064,0.792719841003418,0.8941956162452698,0.20160160958766937,0.2006847858428955,0.6119116544723511,0.7418060302734375,0.5916141271591187,0.5975122451782227
qnli,qnli,entailment,0.784500002861023,0.7091094255447388,0.7844003438949585,0.6515793204307556,0.8838130831718445,0.9097549319267273,0.1667940616607666,0.19523893296718597,0.6570650935173035,0.7845278978347778,0.5136444568634033,0.6630116701126099
qnli,qnli,entailment,0.796500027179718,0.6971232891082764,0.7849764227867126,0.6291685700416565,0.8981205821037292,0.9131355881690979,0.1761680245399475,0.18296048045158386,0.6227732300758362,0.7038155794143677,0.5370801091194153,0.5722956657409668
qnli,qnli,entailment,0.5979999899864197,0.7104056477546692,0.5635364055633545,0.6325696706771851,0.8749675750732422,0.9116643071174622,0.22260834276676178,0.18013907968997955,0.6877416372299194,0.7116939425468445,0.630824089050293,0.5721752047538757
qnli,qnli,entailment,0.7400000095367432,0.6490128636360168,0.7399833798408508,0.592725932598114,0.8277202844619751,0.8542143702507019,0.20243972539901733,0.2559380829334259,0.5922814011573792,0.7346034646034241,0.5945946574211121,0.7761856913566589
qnli,qnli,entailment,0.6294999718666077,0.6161488890647888,0.6087107062339783,0.5543922185897827,0.8375957012176514,0.8018339276313782,0.21663472056388855,0.23502178490161896,0.6247796416282654,0.650462806224823,0.6217919588088989,0.7451967000961304
qnli,qnli,entailment,0.6370000243186951,0.6268620491027832,0.5335143804550171,0.5538192987442017,0.8766618371009827,0.8447641134262085,0.2286575883626938,0.21586279571056366,0.5485367774963379,0.582022488117218,0.6500877737998962,0.6654006838798523
qnli,qnli,entailment,0.6735000014305115,0.6050781011581421,0.6690077185630798,0.5262070894241333,0.7950537204742432,0.8065147399902344,0.2388242930173874,0.2508774995803833,0.5230435132980347,0.5945718884468079,0.6707324385643005,0.6964526176452637
qnli,qnli,entailment,0.6209999918937683,0.6095722913742065,0.5209510922431946,0.5245991349220276,0.745254635810852,0.8091030716896057,0.2363443225622177,0.22677336633205414,0.5396027565002441,0.5613743662834167,0.6656582355499268,0.6773812174797058
qnli,qnli,entailment,0.5590000152587891,0.5968549251556396,0.36371350288391113,0.5075882077217102,0.49287208914756775,0.7663570046424866,0.24766677618026733,0.23963020741939545,0.5284937620162964,0.5584008097648621,0.6884778738021851,0.7273275256156921
qnli,qnli,entailment,0.574999988079071,0.6138229966163635,0.4036795198917389,0.5232163071632385,0.8242790102958679,0.8191033601760864,0.23938123881816864,0.22783619165420532,0.5335337519645691,0.5592597723007202,0.6718213558197021,0.6628941893577576
qnli,qnli,entailment,0.6200000047683716,0.6210600137710571,0.5995464324951172,0.5608527064323425,0.8145333528518677,0.7567779421806335,0.2408236265182495,0.25099530816078186,0.5220764875411987,0.5703040361404419,0.6747456192970276,0.7300138473510742
qnli,qnli,entailment,0.5924999713897705,0.6505640149116516,0.45774954557418823,0.5666211247444153,0.6798748970031738,0.811046838760376,0.24510981142520905,0.20837704837322235,0.5183122754096985,0.5117744207382202,0.6833541989326477,0.6251408457756042
qnli,qnli,entailment,0.6340000033378601,0.5775982141494751,0.6299980878829956,0.48395153880119324,0.7276573777198792,0.7286908626556396,0.24467115104198456,0.2608010470867157,0.5128458738327026,0.5925994515419006,0.6824790239334106,0.7672322392463684
qnli,qnli,entailment,0.7214999794960022,0.6176797747612,0.7211871147155762,0.5701302289962769,0.7933062314987183,0.7994186282157898,0.23038536310195923,0.26030680537223816,0.5354532599449158,0.6231417059898376,0.6536657810211182,0.760229766368866
qnli,qnli,entailment,0.5584999918937683,0.6147723197937012,0.35939639806747437,0.5412030816078186,0.8233094811439514,0.7609190344810486,0.23845508694648743,0.254886269569397,0.5605668425559998,0.4977770149707794,0.6697900295257568,0.6539771556854248
qnli,qnli,entailment,0.5059999823570251,0.592551052570343,0.476072758436203,0.5133115649223328,0.5682533979415894,0.7428504824638367,0.30983561277389526,0.2778647243976593,0.7205936908721924,0.7212285995483398,0.8655042052268982,0.9032015204429626
qnli,qnli,entailment,0.44350001215934753,0.5784562826156616,0.32257547974586487,0.5183126330375671,0.5491189360618591,0.7615583539009094,0.32826170325279236,0.30214741826057434,0.7270467281341553,0.7218202352523804,0.8779462575912476,1.0159393548965454
qnli,qnli,entailment,0.6445000171661377,0.6165441870689392,0.6322516798973083,0.5470876097679138,0.6725239753723145,0.7590694427490234,0.2254207879304886,0.32864317297935486,0.6088597774505615,0.8499672412872314,0.6421406269073486,1.3103102445602417
qnli,qnli,entailment,0.7570000290870667,0.7413666248321533,0.7569378018379211,0.6930876970291138,0.8395753502845764,0.9198946952819824,0.1932792216539383,0.17702913284301758,0.6176242232322693,0.7428998351097107,0.574299156665802,0.5734431147575378
qnli,qnli,entailment,0.5540000200271606,0.593430757522583,0.5114871859550476,0.5272955894470215,0.7733066082000732,0.7716475129127502,0.25462639331817627,0.30727899074554443,0.6982749104499817,0.8048503398895264,0.7078180313110352,1.1467931270599365
qnli,qnli,entailment,0.6284999847412109,0.6975000500679016,0.6117849349975586,0.6416764855384827,0.758596658706665,0.878199577331543,0.2294159233570099,0.20942126214504242,0.6149831414222717,0.7703871130943298,0.6510620713233948,0.7421022653579712
qnli,qnli,entailment,0.6855000257492065,0.6536274552345276,0.6797931790351868,0.5811468958854675,0.8356328010559082,0.8365840315818787,0.21090960502624512,0.2543429732322693,0.5937644839286804,0.7596978545188904,0.6118168234825134,0.8155288100242615
qnli,qnli,entailment,0.5320000052452087,0.6789348721504211,0.47480642795562744,0.6110400557518005,0.7648553848266602,0.8998035788536072,0.24977412819862366,0.2070777714252472,0.6622403860092163,0.7765131592750549,0.6928685903549194,0.6746025681495667
qnli,qnli,entailment,0.8075000047683716,0.6933520436286926,0.8071837425231934,0.6134173274040222,0.8905324935913086,0.9120992422103882,0.18192850053310394,0.18887145817279816,0.6097109317779541,0.7293851375579834,0.5509400963783264,0.6044516563415527
qnli,qnli,entailment,0.612500011920929,0.6301116347312927,0.606299102306366,0.5702962279319763,0.7364886999130249,0.8036794066429138,0.22653740644454956,0.2859688997268677,0.6482913494110107,0.7602420449256897,0.6429806351661682,0.9549210667610168
qnli,qnli,entailment,0.6899999976158142,0.6870602965354919,0.6470048427581787,0.6304925680160522,0.8282104134559631,0.867851197719574,0.19256843626499176,0.197835773229599,0.6549472808837891,0.7013948559761047,0.5681445598602295,0.6493023633956909
qnli,qnli,entailment,0.5695000290870667,0.7612290382385254,0.528312087059021,0.7151976227760315,0.7778588533401489,0.9087115526199341,0.2708819508552551,0.1910565048456192,0.7539477348327637,0.8406409621238708,0.7644147872924805,0.7114220857620239
qnli,qnli,entailment,0.5285000205039978,0.585398256778717,0.5066390633583069,0.5021805167198181,0.6263248324394226,0.7396238446235657,0.30746302008628845,0.34212881326675415,0.7485313415527344,0.8531790375709534,0.8969525694847107,1.291914463043213
qnli,qnli,entailment,0.684499979019165,0.673567533493042,0.6603793501853943,0.606385350227356,0.7658989429473877,0.8699510097503662,0.20422311127185822,0.2121572643518448,0.6341621279716492,0.741984486579895,0.5958495140075684,0.7119407653808594
qnli,qnli,entailment,0.6334999799728394,0.6524327397346497,0.6261194944381714,0.5989611744880676,0.6865836977958679,0.8557670712471008,0.2224937379360199,0.22396038472652435,0.6393558979034424,0.7510432004928589,0.6355491280555725,0.7682462930679321
qnli,qnli,entailment,0.5364999771118164,0.6808221340179443,0.49782976508140564,0.6140887141227722,0.6188679933547974,0.8414651155471802,0.297639936208725,0.2535701394081116,0.7351513504981995,0.8755013942718506,0.8383177518844604,1.0746781826019287
qnli,qnli,entailment,0.5895000100135803,0.7119850516319275,0.5620164275169373,0.6514105200767517,0.7586879134178162,0.8767023682594299,0.2795213460922241,0.21899265050888062,0.7971055507659912,0.8716908693313599,0.8339890241622925,0.9269610643386841
qnli,qnli,entailment,0.5145000219345093,0.616795003414154,0.44290030002593994,0.5530232191085815,0.7254217863082886,0.8192616701126099,0.27971869707107544,0.2833450138568878,0.7141178846359253,0.8277708888053894,0.767522394657135,1.0748766660690308
qnli,qnli,entailment,0.7705000042915344,0.6285109519958496,0.7628592848777771,0.5713929533958435,0.8595916628837585,0.843428909778595,0.17934462428092957,0.268148809671402,0.6289681196212769,0.7467217445373535,0.5419924259185791,0.8578741550445557
qnli,qnli,entailment,0.6259999871253967,0.707917332649231,0.616174042224884,0.6594012975692749,0.7534904479980469,0.8855008482933044,0.24170388281345367,0.2237045168876648,0.7439466714859009,0.8126526474952698,0.6919142007827759,0.7410818934440613
qnli,qnli,entailment,0.531499981880188,0.655240535736084,0.4786089062690735,0.5960296988487244,0.6830486059188843,0.8170982599258423,0.2794402539730072,0.2550329267978668,0.7042661905288696,0.7432970404624939,0.7727420926094055,0.849388599395752
qnli,qnli,entailment,0.5205000042915344,0.611998438835144,0.4659879207611084,0.5372952818870544,0.6827211976051331,0.7911480665206909,0.2639772891998291,0.30371755361557007,0.663058876991272,0.8458250761032104,0.7262514233589172,1.2142958641052246
qnli,qnli,entailment,0.7850000262260437,0.62525874376297,0.7825568318367004,0.5780729055404663,0.8613979816436768,0.7457292675971985,0.1597839742898941,0.3007385730743408,0.6924923658370972,0.8274702429771423,0.49385887384414673,1.1184430122375488
qnli,qnli,entailment,0.5164999961853027,0.6894175410270691,0.45266902446746826,0.6386204361915588,0.687354564666748,0.8598897457122803,0.2845737934112549,0.23538100719451904,0.7108007669448853,0.8137480616569519,0.7850332856178284,0.8883129954338074
qnli,qnli,entailment,0.5824999809265137,0.6370890736579895,0.573085606098175,0.5811664462089539,0.6596482396125793,0.7970261573791504,0.24729907512664795,0.29246610403060913,0.6278007626533508,0.8110066056251526,0.6918653845787048,1.052539587020874
qnli,qnli,entailment,0.6359999775886536,0.7063468098640442,0.6240896582603455,0.6583916544914246,0.7631261348724365,0.8824425339698792,0.22664210200309753,0.22736410796642303,0.6577264070510864,0.8034865856170654,0.6476159691810608,0.7318333983421326
qnli,qnli,entailment,0.4690000116825104,0.5762771964073181,0.3641967177391052,0.5053383708000183,0.6937703490257263,0.7424594759941101,0.2927207946777344,0.3166516125202179,0.7073289155960083,0.7857837080955505,0.7893639206886292,1.1347079277038574
qnli,qnli,entailment,0.5640000104904175,0.6428354382514954,0.5584613680839539,0.5853945016860962,0.623707115650177,0.8207010626792908,0.26759228110313416,0.25475624203681946,0.7033548951148987,0.7575980424880981,0.7490934729576111,0.8520992398262024
qnli,qnli,entailment,0.7039999961853027,0.7135496139526367,0.7034769058227539,0.6424724459648132,0.8074247241020203,0.9113295674324036,0.20252051949501038,0.19399619102478027,0.6242715120315552,0.7996293306350708,0.5923474431037903,0.6775661706924438
qnli,qnli,entailment,0.5914999842643738,0.6250102519989014,0.5914770364761353,0.5632606148719788,0.6366882920265198,0.8033826351165771,0.24077032506465912,0.2788388431072235,0.6274133324623108,0.8005160689353943,0.6769111156463623,1.018849492073059
qnli,qnli,entailment,0.6179999709129333,0.6748496294021606,0.5697107911109924,0.6221433877944946,0.6698129773139954,0.8721833229064941,0.23182132840156555,0.2312835454940796,0.6799386143684387,0.771385669708252,0.6559416651725769,0.7713464498519897
qnli,qnli,entailment,0.6129999756813049,0.6497455835342407,0.5978652834892273,0.574744462966919,0.7377638220787048,0.8852642178535461,0.2330896109342575,0.2331310212612152,0.6324502229690552,0.7877199649810791,0.6589704155921936,0.8081947565078735
qnli,qnli,entailment,0.5855000019073486,0.5741523504257202,0.5743993520736694,0.5055851936340332,0.5909320712089539,0.6775626540184021,0.2786116302013397,0.3571634590625763,0.7491658329963684,0.8419414758682251,0.7998816967010498,1.3865392208099365
qnli,qnli,entailment,0.5669999718666077,0.6553217172622681,0.5337623953819275,0.5996995568275452,0.7109687924385071,0.8517833948135376,0.256943017244339,0.25797608494758606,0.6830832958221436,0.8136999607086182,0.7170984745025635,0.9213923215866089
qnli,qnli,entailment,0.5145000219345093,0.5989593863487244,0.4825460612773895,0.5374352931976318,0.6158250570297241,0.7254095673561096,0.30238160490989685,0.35033583641052246,0.7294830679893494,0.8664703369140625,0.849335789680481,1.3549058437347412
qnli,qnli,entailment,0.703499972820282,0.658952534198761,0.7008850574493408,0.5883871912956238,0.8212968707084656,0.8856427669525146,0.19835633039474487,0.23589056730270386,0.6477453112602234,0.8027902245521545,0.58381587266922,0.7945431470870972
qnli,qnli,entailment,0.6075000166893005,0.6880625486373901,0.5874412655830383,0.6303426027297974,0.6281615495681763,0.8538112640380859,0.2389541119337082,0.24084526300430298,0.6506229043006897,0.7993195056915283,0.6727485060691833,0.8662459254264832
qnli,qnli,entailment,0.5414999723434448,0.6249801516532898,0.5081209540367126,0.5553820133209229,0.667640745639801,0.7925606966018677,0.27753153443336487,0.30549001693725586,0.7065744400024414,0.8805006146430969,0.7740026712417603,1.2688982486724854
qnli,qnli,entailment,0.6035000085830688,0.6577466130256653,0.6034380197525024,0.6083233952522278,0.6411128044128418,0.8247277140617371,0.24502219259738922,0.2671731412410736,0.6781198978424072,0.7899581789970398,0.6893685460090637,0.8798256516456604
qnli,qnli,entailment,0.6154999732971191,0.5964805483818054,0.6153537631034851,0.5251349806785583,0.6536936163902283,0.7087805271148682,0.23566986620426178,0.34084242582321167,0.6351686716079712,0.8924739360809326,0.6659480929374695,1.5151512622833252
qnli,qnli,entailment,0.44200000166893005,0.5668054819107056,0.3065187335014343,0.46467846632003784,0.7332546710968018,0.7920824885368347,0.2662789523601532,0.2657773792743683,0.6120511889457703,0.6239013075828552,0.7259713411331177,0.7249818444252014
qnli,qnli,entailment,0.5295000076293945,0.5392752289772034,0.5268740057945251,0.4758816659450531,0.567604660987854,0.6671670079231262,0.2912341356277466,0.38863471150398254,0.706574022769928,0.8609574437141418,0.8125797510147095,1.5387200117111206
qnli,qnli,entailment,0.5,0.491159588098526,0.49693939089775085,0.4031745493412018,0.5326118469238281,0.5770699381828308,0.29757818579673767,0.4033171832561493,0.6862349510192871,0.8805118203163147,0.8265137076377869,1.7702839374542236
qnli,qnli,entailment,0.5230000019073486,0.5947446227073669,0.49147066473960876,0.5297483205795288,0.6191259622573853,0.7082066535949707,0.2911323606967926,0.3522880971431732,0.7093167901039124,0.8769416213035583,0.8122142553329468,1.4912289381027222
qnli,qnli,entailment,0.5649999976158142,0.564366340637207,0.5551232695579529,0.5070971846580505,0.6395705342292786,0.7121805548667908,0.2503470480442047,0.39093315601348877,0.6284328103065491,0.860230028629303,0.6967660784721375,1.494511604309082
qnli,qnli,entailment,0.5619999766349792,0.5971347689628601,0.5606710314750671,0.5286144614219666,0.5815908908843994,0.7185184359550476,0.26108628511428833,0.3435656726360321,0.6553846001625061,0.8504897952079773,0.7277862429618835,1.2421927452087402
qnli,qnli,entailment,0.460999995470047,0.5255275964736938,0.42537251114845276,0.44378167390823364,0.5293590426445007,0.6464584469795227,0.37758734822273254,0.38628077507019043,0.7903675436973572,0.845142126083374,1.1661280393600464,1.5704970359802246
qnli,qnli,entailment,0.5855000019073486,0.6545311808586121,0.582728385925293,0.584638774394989,0.6122494339942932,0.8410764336585999,0.25153982639312744,0.2735375165939331,0.6665645241737366,0.8266233205795288,0.7068153023719788,0.9946431517601013
qnli,qnli,entailment,0.531000018119812,0.5931609272956848,0.5309531092643738,0.5408604145050049,0.5495989322662354,0.7518758177757263,0.28345954418182373,0.3422181010246277,0.6859993934631348,0.8268909454345703,0.7883844971656799,1.2179819345474243
qnli,qnli,entailment,0.550000011920929,0.5254491567611694,0.5495094060897827,0.45236942172050476,0.5521867275238037,0.5901807546615601,0.2938835322856903,0.4213756024837494,0.720099151134491,0.8747809529304504,0.8347979187965393,1.6745359897613525
qnli,qnli,entailment,0.5590000152587891,0.5929161310195923,0.5588725209236145,0.5154337286949158,0.5743904709815979,0.750308632850647,0.2715567946434021,0.34221816062927246,0.6843642592430115,0.8863144516944885,0.7565369606018066,1.4286224842071533
scitail,scitail,entailment,0.46399998664855957,0.5451253652572632,0.3491986393928528,0.37126144766807556,0.9206558465957642,0.8405555486679077,0.2333247810602188,0.26935961842536926,0.5944332480430603,0.7755131125450134,0.6572871208190918,0.7893210053443909
scitail,scitail,entailment,0.44200000166893005,0.5026862025260925,0.3065187335014343,0.3616318702697754,0.8848130702972412,0.8816231489181519,0.2597722113132477,0.24406756460666656,0.6331308484077454,0.6639019250869751,0.7112592458724976,0.7280323505401611
scitail,scitail,entailment,0.828000009059906,0.5941850543022156,0.825225293636322,0.48544275760650635,0.9004687070846558,0.8611928820610046,0.2197391241788864,0.2543976604938507,0.5394884347915649,0.6509000658988953,0.6322262287139893,0.7256842255592346
scitail,scitail,entailment,0.5580000281333923,0.5488918423652649,0.35815146565437317,0.4584363102912903,0.872093915939331,0.7648243308067322,0.27902311086654663,0.32304221391677856,0.7894724607467651,0.6353581547737122,0.760464072227478,0.7084417939186096
scitail,scitail,entailment,0.5580000281333923,0.5346357822418213,0.35815146565437317,0.44308218359947205,0.866256833076477,0.7811829447746277,0.2917512357234955,0.3271249234676361,0.8124135136604309,0.6231125593185425,0.7957201600074768,0.7228747606277466
scitail,scitail,entailment,0.4560000002384186,0.5703598260879517,0.3339993357658386,0.4712214469909668,0.9159023761749268,0.8216334581375122,0.23802317678928375,0.2829638719558716,0.5990327596664429,0.6662259101867676,0.6668840646743774,0.750062108039856
scitail,scitail,entailment,0.5580000281333923,0.5406910181045532,0.35815146565437317,0.4384848475456238,0.8685096502304077,0.8050408959388733,0.27129408717155457,0.2952214777469635,0.7724152207374573,0.6450368762016296,0.74064701795578,0.7225647568702698
scitail,scitail,entailment,0.5580000281333923,0.5052716732025146,0.35815146565437317,0.42360323667526245,0.8542487621307373,0.732566773891449,0.2979879081249237,0.3501451015472412,0.8237847089767456,0.6292206048965454,0.8144350647926331,0.7297308444976807
scitail,scitail,entailment,0.4440000057220459,0.5669633150100708,0.3105158805847168,0.45287972688674927,0.9115503430366516,0.8488306403160095,0.25030094385147095,0.26885154843330383,0.6196001172065735,0.6664679646492004,0.6917428970336914,0.7500908374786377
scitail,scitail,entailment,0.6029999852180481,0.5540022850036621,0.4626995623111725,0.43952223658561707,0.8924705982208252,0.8196341395378113,0.21912933886051178,0.28036803007125854,0.5897234678268433,0.6508253812789917,0.6295625567436218,0.7172377705574036
scitail,scitail,entailment,0.44200000166893005,0.581555187702179,0.3065187335014343,0.474877268075943,0.8920428156852722,0.8137354850769043,0.3659130930900574,0.2612992227077484,0.8176558613777161,0.6856762170791626,0.9701805114746094,0.7556251883506775
scitail,scitail,entailment,0.44200000166893005,0.5853332281112671,0.3065187335014343,0.4579450488090515,0.9253464341163635,0.8768442273139954,0.27816474437713623,0.23036609590053558,0.6975459456443787,0.6761720776557922,0.7473950982093811,0.7002423405647278
scitail,scitail,entailment,0.44200000166893005,0.562475323677063,0.3065187335014343,0.4291721284389496,0.8734258413314819,0.8422424793243408,0.2920147180557251,0.2541031837463379,0.6952829360961914,0.6728429794311523,0.7799437642097473,0.771095871925354
scitail,scitail,entailment,0.44200000166893005,0.5681559443473816,0.3065187335014343,0.4434833526611328,0.9069939851760864,0.8565682172775269,0.274460107088089,0.24934498965740204,0.6771695613861084,0.6787921786308289,0.740839421749115,0.7509835362434387
scitail,scitail,entailment,0.5440000295639038,0.5786844491958618,0.48479175567626953,0.4818877875804901,0.9129962921142578,0.8127796649932861,0.2279130518436432,0.2736586928367615,0.5654889345169067,0.6462326645851135,0.6476432085037231,0.7253461480140686
scitail,scitail,entailment,0.4449999928474426,0.5794743895530701,0.3125053346157074,0.46495354175567627,0.919209361076355,0.8276731967926025,0.2777767777442932,0.25578415393829346,0.7070677876472473,0.6916400790214539,0.746423065662384,0.7461704611778259
scitail,scitail,entailment,0.4429999887943268,0.569216251373291,0.3085203468799591,0.4317454993724823,0.9108787775039673,0.8436923027038574,0.2571357488632202,0.23790720105171204,0.6393211483955383,0.6709976196289062,0.7051896452903748,0.7202149629592896
scitail,scitail,entailment,0.5644999742507935,0.5546204447746277,0.37414470314979553,0.4579542577266693,0.8791888356208801,0.7961392402648926,0.22498907148838043,0.3054415285587311,0.6252794861793518,0.6481097936630249,0.6402581334114075,0.754538357257843
scitail,scitail,entailment,0.44749999046325684,0.5987402200698853,0.31745272874832153,0.5008443593978882,0.9316016435623169,0.8519484996795654,0.25269708037376404,0.25525879859924316,0.6669831871986389,0.6844393610954285,0.6930454969406128,0.7247891426086426
scitail,scitail,entailment,0.44200000166893005,0.593774139881134,0.3065187335014343,0.4891612231731415,0.9310613870620728,0.8547313809394836,0.3108137249946594,0.25864166021347046,0.7645475268363953,0.6869949102401733,0.8203983306884766,0.7432029247283936
scitail,scitail,entailment,0.445499986410141,0.600016713142395,0.3134978115558624,0.47975102066993713,0.8898427486419678,0.8697969317436218,0.24582967162132263,0.21987701952457428,0.596765398979187,0.6209110617637634,0.6834313869476318,0.6761046648025513
scitail,scitail,entailment,0.4625000059604645,0.5556057691574097,0.3496890962123871,0.4345652759075165,0.7434645295143127,0.7891883254051208,0.24809160828590393,0.2422705441713333,0.519184410572052,0.5632242560386658,0.6893174052238464,0.7070274353027344
scitail,scitail,entailment,0.44200000166893005,0.5428047180175781,0.3065187335014343,0.4314790964126587,0.5296894907951355,0.7343384623527527,0.31533342599868774,0.2687596380710602,0.7041535377502441,0.5904635190963745,0.8373029828071594,0.7551926374435425
scitail,scitail,entailment,0.7425000071525574,0.5903346538543701,0.7414901852607727,0.4874914586544037,0.8669440746307373,0.8252483010292053,0.22999346256256104,0.25308361649513245,0.530857503414154,0.6094167828559875,0.6529113054275513,0.7071570158004761
scitail,scitail,entailment,0.6945000290870667,0.5979853868484497,0.6357882618904114,0.4882761538028717,0.8923707604408264,0.8348550200462341,0.21907134354114532,0.23473334312438965,0.5558714866638184,0.628512442111969,0.6304971575737,0.6677798628807068
scitail,scitail,entailment,0.6790000200271606,0.5971618294715881,0.6122134923934937,0.467720627784729,0.8829864859580994,0.8606851100921631,0.2238486260175705,0.21617019176483154,0.5491540431976318,0.6175196170806885,0.6403453350067139,0.6623451113700867
scitail,scitail,entailment,0.44200000166893005,0.5448304414749146,0.3065187335014343,0.4138734042644501,0.7306399941444397,0.7888925075531006,0.2674226462841034,0.24869656562805176,0.6040472388267517,0.6157612800598145,0.728367269039154,0.7223984599113464
scitail,scitail,entailment,0.44200000166893005,0.5096719264984131,0.3065187335014343,0.4022600054740906,0.5301213264465332,0.6915544867515564,0.27980709075927734,0.2703271508216858,0.6257417798042297,0.5548883676528931,0.7544454336166382,0.745644748210907
scitail,scitail,entailment,0.6244999766349792,0.539390504360199,0.5200527906417847,0.410795122385025,0.7972801923751831,0.8190599679946899,0.23611381649971008,0.24675790965557098,0.5360230803489685,0.6080050468444824,0.6652389168739319,0.7166787385940552
scitail,scitail,entailment,0.4814999997615814,0.6046156287193298,0.38126030564308167,0.49693402647972107,0.863102912902832,0.824914813041687,0.2430095374584198,0.24108248949050903,0.6144269108772278,0.66259765625,0.6773526072502136,0.709365963935852
scitail,scitail,entailment,0.44200000166893005,0.5427349805831909,0.3065187335014343,0.40546026825904846,0.6294564604759216,0.762213408946991,0.2610531449317932,0.25037068128585815,0.57448410987854,0.5617430806159973,0.7153913974761963,0.7235207557678223
scitail,scitail,entailment,0.44200000166893005,0.5360705256462097,0.3065187335014343,0.4259602129459381,0.6698064208030701,0.7264230251312256,0.27249881625175476,0.25832799077033997,0.6195083260536194,0.571427583694458,0.7389631867408752,0.7436366677284241
scitail,scitail,entailment,0.5600000023841858,0.551305890083313,0.5549041032791138,0.43267181515693665,0.6209855079650879,0.7644646167755127,0.24801723659038544,0.2515650689601898,0.5103009939193726,0.5702633261680603,0.6891794204711914,0.7264442443847656
scitail,scitail,entailment,0.44350001215934753,0.5052295327186584,0.3204711377620697,0.37181925773620605,0.5059242248535156,0.6954636573791504,0.25375106930732727,0.2694452702999115,0.5261514186859131,0.5630289912223816,0.7006614804267883,0.7701345086097717
scitail,scitail,entailment,0.4404999911785126,0.5475754141807556,0.31680789589881897,0.4321877956390381,0.5904171466827393,0.726977527141571,0.25153738260269165,0.25361767411231995,0.5240687131881714,0.5626261234283447,0.6962183713912964,0.7485718131065369
scitail,scitail,entailment,0.44200000166893005,0.5541011095046997,0.3065187335014343,0.45464393496513367,0.6836780905723572,0.7800490260124207,0.2578012943267822,0.25097835063934326,0.5626662373542786,0.5522675514221191,0.708787739276886,0.6906899213790894
scitail,scitail,entailment,0.44200000166893005,0.5435501337051392,0.3065187335014343,0.41810789704322815,0.663536012172699,0.7562567591667175,0.2695838510990143,0.24450789391994476,0.604292094707489,0.590076744556427,0.7328964471817017,0.7306045293807983
scitail,scitail,entailment,0.44200000166893005,0.529943585395813,0.3065187335014343,0.41947510838508606,0.6076105237007141,0.7133967280387878,0.26804643869400024,0.2654048204421997,0.5962684154510498,0.5721499919891357,0.7297301292419434,0.7613475918769836
scitail,scitail,entailment,0.47049999237060547,0.5987613201141357,0.36256101727485657,0.49388691782951355,0.8186821937561035,0.8012129068374634,0.2440279722213745,0.2194848656654358,0.5446075201034546,0.5960010886192322,0.6810119152069092,0.6635296940803528
scitail,scitail,entailment,0.4514999985694885,0.5422147512435913,0.32529157400131226,0.4048473834991455,0.8219496607780457,0.8057844638824463,0.24542033672332764,0.24075601994991302,0.5592777729034424,0.6048420071601868,0.6836339235305786,0.7269594669342041
scitail,scitail,entailment,0.44200000166893005,0.5743239521980286,0.3065187335014343,0.465877503156662,0.8672963380813599,0.8255311250686646,0.2860090136528015,0.26071473956108093,0.6806769371032715,0.634522557258606,0.7668956518173218,0.7386109828948975
scitail,scitail,entailment,0.4560000002384186,0.569453239440918,0.3339993357658386,0.46297556161880493,0.9268420934677124,0.8485278487205505,0.23978951573371887,0.27085068821907043,0.6383615732192993,0.6894139647483826,0.6676766872406006,0.7435566782951355
scitail,scitail,entailment,0.44200000166893005,0.5941142439842224,0.3065187335014343,0.4722668528556824,0.9178344011306763,0.8498908281326294,0.30298691987991333,0.253498375415802,0.7392616868019104,0.6932938098907471,0.8032021522521973,0.7515108585357666
scitail,scitail,entailment,0.44200000166893005,0.5759034156799316,0.3065187335014343,0.4648297131061554,0.8669795989990234,0.8298182487487793,0.2857118248939514,0.23789548873901367,0.6813816428184509,0.656938374042511,0.7661876082420349,0.7456115484237671
scitail,scitail,entailment,0.44350001215934753,0.595221757888794,0.30951887369155884,0.4840017557144165,0.9077937602996826,0.8610365390777588,0.25612133741378784,0.2382279634475708,0.6401804089546204,0.6596280932426453,0.702940821647644,0.6979275941848755
scitail,scitail,entailment,0.44200000166893005,0.6062748432159424,0.3065187335014343,0.5285728573799133,0.8846584558486938,0.8060644268989563,0.4081946909427643,0.24384428560733795,0.8766982555389404,0.7095920443534851,1.1280944347381592,0.7584596276283264
scitail,scitail,entailment,0.44200000166893005,0.5641566514968872,0.3065187335014343,0.4497024714946747,0.8974369168281555,0.8274129033088684,0.2644031047821045,0.2646677792072296,0.6524222493171692,0.6514270305633545,0.7202354669570923,0.7427974343299866
scitail,scitail,entailment,0.44350001215934753,0.5949527025222778,0.30951887369155884,0.48948535323143005,0.9118194580078125,0.8722292184829712,0.25188201665878296,0.2337694764137268,0.6296801567077637,0.6662585139274597,0.6944552659988403,0.723050594329834
scitail,scitail,entailment,0.44749999046325684,0.6328085660934448,0.31745272874832153,0.5416120886802673,0.9227920770645142,0.8542298674583435,0.39598655700683594,0.24029119312763214,0.8842296004295349,0.750302791595459,1.1143925189971924,0.763075053691864
scitail,scitail,entailment,0.4440000057220459,0.6178507804870605,0.3105158805847168,0.5009269118309021,0.9200289249420166,0.8821018934249878,0.2549511790275574,0.22234265506267548,0.6526681780815125,0.6791443228721619,0.6994091868400574,0.68827223777771
scitail,scitail,entailment,0.4449999928474426,0.6257310509681702,0.3125053346157074,0.5245160460472107,0.93301922082901,0.8856366872787476,0.3850595951080322,0.23528458178043365,0.8734864592552185,0.7253590822219849,1.0551178455352783,0.7153658866882324
scitail,scitail,entailment,0.4440000057220459,0.6009984016418457,0.3105158805847168,0.4877399504184723,0.9174349904060364,0.8771881461143494,0.2646143436431885,0.2283944934606552,0.6725708246231079,0.6554098725318909,0.7191949486732483,0.6786949038505554
scitail,scitail,entailment,0.5065000057220459,0.5228409767150879,0.4289567470550537,0.4203851819038391,0.7874504327774048,0.6537588834762573,0.24816656112670898,0.2859112620353699,0.6321621537208557,0.6515467166900635,0.6880763173103333,0.8425442576408386
scitail,scitail,entailment,0.44699999690055847,0.5539036393165588,0.31646624207496643,0.43460750579833984,0.7496614456176758,0.7593036890029907,0.28588008880615234,0.249781534075737,0.693942666053772,0.6674649715423584,0.768546462059021,0.7906493544578552
scitail,scitail,entailment,0.49950000643730164,0.6485697031021118,0.4126688241958618,0.5652629733085632,0.9026870727539062,0.8732506036758423,0.3827015161514282,0.22321057319641113,0.8972387313842773,0.786245584487915,1.1972620487213135,0.7316079139709473
scitail,scitail,entailment,0.48350000381469727,0.6436812877655029,0.3848259150981903,0.5493825078010559,0.8734177350997925,0.8909038305282593,0.37096959352493286,0.2032921463251114,0.8730196356773376,0.7477418780326843,1.082492470741272,0.6624931693077087
scitail,scitail,entailment,0.44200000166893005,0.5173699259757996,0.3065187335014343,0.41854727268218994,0.6648000478744507,0.6525704860687256,0.2832162380218506,0.28397178649902344,0.6504955291748047,0.5833969712257385,0.7617727518081665,0.7789267897605896
scitail,scitail,entailment,0.460999995470047,0.6006510257720947,0.34354034066200256,0.5027111768722534,0.8761529922485352,0.8132622241973877,0.3434751331806183,0.23937737941741943,0.8243756890296936,0.7188776731491089,0.9289929866790771,0.7729671597480774
scitail,scitail,entailment,0.44999998807907104,0.6275642514228821,0.322363018989563,0.5437281131744385,0.9067228436470032,0.8421720266342163,0.37213611602783203,0.2324906885623932,0.8585089445114136,0.6968133449554443,1.0182613134384155,0.6997520327568054
scitail,scitail,entailment,0.4424999952316284,0.5602412223815918,0.3075203001499176,0.43201375007629395,0.8742133975028992,0.8303241729736328,0.2840101718902588,0.24717099964618683,0.687675416469574,0.671869158744812,0.7624906897544861,0.7528960704803467
scitail,scitail,entailment,0.44200000166893005,0.6043173670768738,0.3065187335014343,0.4910587966442108,0.8778934478759766,0.8425264358520508,0.26732563972473145,0.21634018421173096,0.6303881406784058,0.6010187864303589,0.7276703715324402,0.6655009984970093
scitail,scitail,entailment,0.5230000019073486,0.5555297136306763,0.5228926539421082,0.44687506556510925,0.5448702573776245,0.7436341643333435,0.24975226819515228,0.25993287563323975,0.5418580770492554,0.6365001797676086,0.6927299499511719,0.7624789476394653
scitail,scitail,entailment,0.44200000166893005,0.5566907525062561,0.3065187335014343,0.4545316994190216,0.7095856666564941,0.756629467010498,0.2569223940372467,0.2581506073474884,0.569230854511261,0.5569784641265869,0.7069813013076782,0.6999343037605286
scitail,scitail,entailment,0.4440000057220459,0.5914539694786072,0.3105158805847168,0.475318968296051,0.9043762683868408,0.8483949899673462,0.254048615694046,0.228892520070076,0.6410989761352539,0.6397533416748047,0.6985833048820496,0.701076090335846
scitail,scitail,entailment,0.48100000619888306,0.6200894117355347,0.38155311346054077,0.532385528087616,0.8453236818313599,0.8186174035072327,0.24108996987342834,0.22277933359146118,0.6159748435020447,0.6533054709434509,0.6728238463401794,0.6882838010787964
scitail,scitail,entailment,0.44749999046325684,0.5941741466522217,0.31745272874832153,0.5010303258895874,0.9052784442901611,0.8214302659034729,0.2708739936351776,0.24314236640930176,0.6998656392097473,0.6694226861000061,0.7313989400863647,0.7333418726921082
scitail,scitail,entailment,0.44200000166893005,0.5364935398101807,0.3065187335014343,0.4345785975456238,0.5031453371047974,0.7101629972457886,0.30751314759254456,0.2720092833042145,0.687526285648346,0.5727256536483765,0.816849946975708,0.7369780540466309
scitail,scitail,entailment,0.44999998807907104,0.580557107925415,0.322363018989563,0.46500837802886963,0.8600543737411499,0.7815835475921631,0.2438337653875351,0.2526199221611023,0.5573446154594421,0.5971729159355164,0.6804367303848267,0.7233689427375793
scitail,scitail,entailment,0.5529999732971191,0.6099216938018799,0.4987435042858124,0.50217205286026,0.888505220413208,0.8368043303489685,0.23365525901317596,0.21381205320358276,0.6760152578353882,0.6489371061325073,0.6542345285415649,0.6775050759315491
scitail,scitail,entailment,0.44200000166893005,0.5450345873832703,0.3065187335014343,0.42493656277656555,0.7039452791213989,0.741806149482727,0.2765713334083557,0.24607603251934052,0.6261366009712219,0.5768680572509766,0.7474903464317322,0.7347167730331421
scitail,scitail,entailment,0.4424999952316284,0.5979619026184082,0.3075203001499176,0.4869000315666199,0.9214951395988464,0.8525182008743286,0.29436442255973816,0.2500310242176056,0.7373517155647278,0.6832129955291748,0.7824319005012512,0.7146661281585693
scitail,scitail,entailment,0.44200000166893005,0.6150375604629517,0.3065187335014343,0.5334315896034241,0.9112036824226379,0.8583879470825195,0.3072071969509125,0.2397194504737854,0.7538678646087646,0.6631283164024353,0.8126421570777893,0.7005696296691895
scitail,scitail,entailment,0.44200000166893005,0.5721502900123596,0.3065187335014343,0.45272642374038696,0.8440307974815369,0.824837327003479,0.29233890771865845,0.2409399002790451,0.6898725032806396,0.6643759608268738,0.781242847442627,0.744438111782074
scitail,scitail,entailment,0.4684999883174896,0.6749241352081299,0.3575950562953949,0.5897846817970276,0.9349517226219177,0.9032520055770874,0.36046913266181946,0.1931583285331726,0.8670982122421265,0.7408095002174377,1.0104750394821167,0.625044047832489
scitail,scitail,entailment,0.47450000047683716,0.562955915927887,0.3686244785785675,0.4379938840866089,0.9031578898429871,0.8598209023475647,0.23539109528064728,0.2566714882850647,0.5724756717681885,0.6732069253921509,0.6627447009086609,0.742275595664978
scitail,scitail,entailment,0.4424999952316284,0.5941948294639587,0.3075203001499176,0.5004193186759949,0.9117241501808167,0.8513928055763245,0.28275713324546814,0.25112953782081604,0.7087610363960266,0.668540894985199,0.7574608325958252,0.7150899767875671
scitail,scitail,entailment,0.44200000166893005,0.5729049444198608,0.3065187335014343,0.4729214012622833,0.737433910369873,0.7864452600479126,0.3541063666343689,0.2596665918827057,0.7838297486305237,0.6458916664123535,0.9363239407539368,0.7538825273513794
scitail,scitail,entailment,0.4424999952316284,0.6226308941841125,0.3075203001499176,0.5452186465263367,0.8701021075248718,0.8192701935768127,0.4707479476928711,0.23723401129245758,0.940087616443634,0.7307291626930237,1.5091501474380493,0.7660816311836243
scitail,scitail,entailment,0.44200000166893005,0.5879235863685608,0.3065187335014343,0.4743557572364807,0.7885948419570923,0.832303524017334,0.28770744800567627,0.22725461423397064,0.6816673278808594,0.618087649345398,0.7710305452346802,0.7011199593544006
scitail,scitail,entailment,0.44200000166893005,0.5808364748954773,0.3065187335014343,0.48076945543289185,0.890051543712616,0.8125909566879272,0.28707367181777954,0.25109773874282837,0.6918279528617859,0.654546320438385,0.769014298915863,0.7471361756324768
scitail,scitail,entailment,0.4465000033378601,0.6552122831344604,0.31547826528549194,0.5482900142669678,0.9317237734794617,0.9037021398544312,0.38561686873435974,0.20249643921852112,0.874798059463501,0.7466398477554321,1.0618277788162231,0.6746820211410522
scitail,scitail,entailment,0.453000009059906,0.6074429750442505,0.3282070755958557,0.5024107098579407,0.8547069430351257,0.8356167674064636,0.370490163564682,0.23975779116153717,0.8506557941436768,0.7327682375907898,1.016872763633728,0.7478871941566467
scitail,scitail,entailment,0.44200000166893005,0.5398082733154297,0.3065187335014343,0.4353224039077759,0.626214325428009,0.7018660306930542,0.44881030917167664,0.2827478349208832,0.901369035243988,0.7000998854637146,1.356624722480774,0.8976144790649414
scitail,scitail,entailment,0.44449999928474426,0.6081994771957397,0.311511367559433,0.5113375186920166,0.8028166890144348,0.8068764805793762,0.5197799801826477,0.25236940383911133,0.9750582575798035,0.739682137966156,2.1347620487213135,0.7762714624404907
scitail,scitail,entailment,0.5325000286102295,0.6417402625083923,0.4665968418121338,0.542032778263092,0.9103947877883911,0.8773600459098816,0.3365649878978729,0.221907839179039,0.8735864758491516,0.7878913283348083,1.0188952684402466,0.7594571113586426
scitail,scitail,entailment,0.4569999873638153,0.689476490020752,0.33591872453689575,0.621719479560852,0.9424997568130493,0.9148999452590942,0.362630158662796,0.2003125250339508,0.8659327030181885,0.7721196413040161,1.0032362937927246,0.6865411400794983
scitail,scitail,entailment,0.4440000057220459,0.5972034931182861,0.3105158805847168,0.49923175573349,0.8072392344474792,0.8199106454849243,0.45630791783332825,0.23506174981594086,0.922069251537323,0.7352924942970276,1.3962675333023071,0.766951322555542
scitail,scitail,entailment,0.4490000009536743,0.6029129028320312,0.3204033076763153,0.5040058493614197,0.9030519723892212,0.8226297497749329,0.35605308413505554,0.24267224967479706,0.8343760371208191,0.7171427011489868,0.9592217803001404,0.7838729619979858
scitail,scitail,entailment,0.4560000002384186,0.6632494330406189,0.3339993357658386,0.5861775279045105,0.9155572652816772,0.8983570337295532,0.47266238927841187,0.21452581882476807,0.9508970379829407,0.7768696546554565,1.7900465726852417,0.6987224221229553
scitail,scitail,entailment,0.5009999871253967,0.6382495164871216,0.4152190685272217,0.540500283241272,0.9224839210510254,0.8725416660308838,0.394269198179245,0.22585444152355194,0.9122170805931091,0.80582195520401,1.3119020462036133,0.810141384601593
scitail,scitail,entailment,0.4544999897480011,0.6520715355873108,0.3311096131801605,0.5659213662147522,0.8840933442115784,0.883110761642456,0.41664937138557434,0.21671126782894135,0.9052973389625549,0.7496983408927917,1.2651796340942383,0.6759609580039978
scitail,scitail,entailment,0.45350000262260437,0.6671677827835083,0.32917603850364685,0.5838257670402527,0.9035750031471252,0.9080029726028442,0.41334113478660583,0.20581531524658203,0.9018645286560059,0.776889443397522,1.2230252027511597,0.6838841438293457
scitail,scitail,entailment,0.460999995470047,0.5390139818191528,0.3462221026420593,0.44168606400489807,0.6571141481399536,0.7192371487617493,0.3796731233596802,0.2964329719543457,0.8337986469268799,0.7969827055931091,1.1018472909927368,1.0060219764709473
scitail,scitail,entailment,0.453000009059906,0.6777108907699585,0.3282070755958557,0.6054675579071045,0.9244807958602905,0.9160377383232117,0.43548840284347534,0.19472435116767883,0.9233769178390503,0.7751112580299377,1.3612127304077148,0.6620684862136841
scitail,scitail,entailment,0.4429999887943268,0.6274949908256531,0.3085203468799591,0.5451409816741943,0.8014214038848877,0.8220580816268921,0.5321646332740784,0.24565398693084717,0.9830691814422607,0.8007411956787109,2.336811065673828,0.862189531326294
scitail,scitail,entailment,0.44350001215934753,0.6167661547660828,0.30951887369155884,0.5341271162033081,0.6932620406150818,0.8061079382896423,0.460640549659729,0.2531462609767914,0.916839063167572,0.7572956085205078,1.402552604675293,0.8146029710769653
scitail,scitail,entailment,0.4424999952316284,0.5250468254089355,0.3075203001499176,0.4350481927394867,0.6614793539047241,0.6595901250839233,0.5328059196472168,0.30862876772880554,0.980747401714325,0.7005475759506226,2.3048276901245117,0.9159486293792725
scitail,scitail,entailment,0.4424999952316284,0.6646585464477539,0.3075203001499176,0.5825043320655823,0.8970993757247925,0.8985382914543152,0.4669594466686249,0.20218762755393982,0.9347538352012634,0.7645366787910461,1.4509176015853882,0.6971302628517151
scitail,scitail,entailment,0.44200000166893005,0.5615882873535156,0.3065187335014343,0.47621288895606995,0.4628186821937561,0.7322256565093994,0.5518402457237244,0.2862202525138855,0.9946396350860596,0.7020993232727051,3.122615337371826,0.8728194236755371
scitail,scitail,entailment,0.4424999952316284,0.6009562611579895,0.3075203001499176,0.5141356587409973,0.5760442614555359,0.7618898153305054,0.5439483523368835,0.26771628856658936,0.9887855648994446,0.7638005018234253,2.665774345397949,0.90992271900177
scitail,scitail,entailment,0.44850000739097595,0.624620258808136,0.31942126154899597,0.5306874513626099,0.9220136404037476,0.8009589314460754,0.24920162558555603,0.22950178384780884,0.5989747643470764,0.5953982472419739,0.6905782222747803,0.6868824362754822
scitail,scitail,entailment,0.4410000145435333,0.5698381662368774,0.3060374855995178,0.4669460952281952,0.557985782623291,0.720705509185791,0.262924462556839,0.25674551725387573,0.5761641263961792,0.583159863948822,0.7192421555519104,0.7694162130355835
scitail,scitail,entailment,0.44200000166893005,0.5407941341400146,0.3065187335014343,0.4400906264781952,0.6233406662940979,0.7029679417610168,0.27884945273399353,0.2581806480884552,0.6360833048820496,0.5776888132095337,0.752685010433197,0.7575264573097229
scitail,scitail,entailment,0.4424999952316284,0.5627853870391846,0.3082781136035919,0.45633137226104736,0.6892880797386169,0.7390735149383545,0.25350508093833923,0.23532067239284515,0.5526864528656006,0.5663621425628662,0.700122594833374,0.7163997292518616
scitail,scitail,entailment,0.45649999380111694,0.5832858085632324,0.33565396070480347,0.4689365029335022,0.8612281680107117,0.8157119750976562,0.24342890083789825,0.23470672965049744,0.5595124363899231,0.6005890965461731,0.6796003580093384,0.6809476017951965
scitail,scitail,entailment,0.44200000166893005,0.544314980506897,0.3065187335014343,0.4276585578918457,0.6321780681610107,0.7526271343231201,0.25579696893692017,0.24412941932678223,0.5572036504745483,0.5924322009086609,0.7047670483589172,0.7478813529014587
scitail,scitail,entailment,0.44200000166893005,0.553767740726471,0.3065187335014343,0.45555827021598816,0.6189850568771362,0.7243422865867615,0.2668883502483368,0.2643134295940399,0.6018807888031006,0.5785226821899414,0.7274377346038818,0.7823144197463989
scitail,scitail,entailment,0.44200000166893005,0.5437781810760498,0.31250646710395813,0.4235241711139679,0.5723292827606201,0.7391915321350098,0.25516846776008606,0.2512228786945343,0.5428770780563354,0.5776191353797913,0.7035096287727356,0.7281630635261536
scitail,scitail,entailment,0.5164999961853027,0.6358726024627686,0.44147807359695435,0.5438340902328491,0.9231990575790405,0.87386155128479,0.23118242621421814,0.2136276215314865,0.572437584400177,0.6176978349685669,0.6542870998382568,0.6513291597366333
scitail,scitail,entailment,0.5580000281333923,0.525851845741272,0.36530637741088867,0.4032100737094879,0.4803759455680847,0.6551644802093506,0.2484212964773178,0.26217955350875854,0.5198807716369629,0.5560407638549805,0.6899893879890442,0.7642052173614502
scitail,scitail,entailment,0.44200000166893005,0.514848530292511,0.3065187335014343,0.43662339448928833,0.4921671152114868,0.5555799007415771,0.554579496383667,0.32405129075050354,0.9969196915626526,0.7644634246826172,3.275564670562744,1.1316813230514526
scitail,scitail,entailment,0.44200000166893005,0.5688459277153015,0.3065187335014343,0.4911825358867645,0.6145889163017273,0.6852512359619141,0.5529502034187317,0.30364659428596497,0.9958779215812683,0.7728515267372131,3.106901168823242,1.0064184665679932
scitail,scitail,entailment,0.44200000166893005,0.5739681124687195,0.3065187335014343,0.4966317117214203,0.6206910014152527,0.7185474038124084,0.543305516242981,0.29832807183265686,0.9890915751457214,0.7998956441879272,2.668224811553955,1.0706508159637451
scitail,scitail,entailment,0.4424999952316284,0.6493838429450989,0.3075203001499176,0.5959359407424927,0.798938512802124,0.8172302842140198,0.526949942111969,0.23383823037147522,0.9781621694564819,0.7822414636611938,2.1162703037261963,0.8111850023269653
scitail,scitail,entailment,0.4424999952316284,0.5519511103630066,0.3075203001499176,0.4532862603664398,0.6331232786178589,0.723204493522644,0.5376924872398376,0.2901841402053833,0.9834119081497192,0.7761545777320862,2.3652806282043457,1.00167977809906
scitail,scitail,entailment,0.5210000276565552,0.6465859413146973,0.44876381754875183,0.5606415867805481,0.877321720123291,0.8803942799568176,0.3340500295162201,0.22362260520458221,0.8530301451683044,0.7764125466346741,0.9776395559310913,0.749428391456604
scitail,scitail,entailment,0.48649999499320984,0.664603590965271,0.39013800024986267,0.5888241529464722,0.8677393198013306,0.8905820846557617,0.35773107409477234,0.216868057847023,0.8640515804290771,0.7740741968154907,1.0513347387313843,0.7513920664787292
scitail,scitail,entailment,0.44200000166893005,0.5393280982971191,0.3065187335014343,0.4526502788066864,0.61060631275177,0.685177206993103,0.5538427829742432,0.31833165884017944,0.996804416179657,0.7972331047058105,3.2929556369781494,1.1217951774597168
scitail,scitail,entailment,0.4424999952316284,0.5722072720527649,0.3075203001499176,0.494560569524765,0.6469742059707642,0.7156136631965637,0.5227066874504089,0.28876668214797974,0.9717180728912354,0.7419650554656982,2.027233839035034,0.9144550561904907
scitail,scitail,entailment,0.45249998569488525,0.6567450165748596,0.32723668217658997,0.585168719291687,0.8416152596473694,0.8841153979301453,0.4381793737411499,0.21676881611347198,0.9201080799102783,0.7689067125320435,1.4069079160690308,0.7239841222763062
scitail,scitail,entailment,0.45649999380111694,0.6765885353088379,0.3349597454071045,0.6057640314102173,0.9107611775398254,0.8981334567070007,0.43628057837486267,0.21134692430496216,0.9259483814239502,0.8037574887275696,1.4251127243041992,0.720689058303833
scitail,scitail,entailment,0.4715000092983246,0.6771953701972961,0.36313313245773315,0.5961619019508362,0.8514663577079773,0.8852707743644714,0.4332844018936157,0.22183530032634735,0.925286054611206,0.829498827457428,1.5243862867355347,0.7501214146614075
scitail,scitail,entailment,0.4424999952316284,0.6515317559242249,0.3075203001499176,0.58855801820755,0.6051666140556335,0.8145192265510559,0.5515599846839905,0.23781386017799377,0.9960202574729919,0.8186265826225281,3.477558135986328,0.8324266672134399
scitail,scitail,entailment,0.44600000977516174,0.6316831111907959,0.31448879837989807,0.5639444589614868,0.8702779412269592,0.8328180313110352,0.5046774744987488,0.25007134675979614,0.9680942296981812,0.7995662689208984,1.9723320007324219,0.8709048628807068
scitail,scitail,entailment,0.4424999952316284,0.5565111637115479,0.3075203001499176,0.47525930404663086,0.5672245621681213,0.6935124397277832,0.5491687059402466,0.3037511706352234,0.9929072260856628,0.8202064633369446,2.9231011867523193,1.111770749092102
scitail,scitail,entailment,0.4424999952316284,0.5257447361946106,0.3075203001499176,0.42690709233283997,0.4651688039302826,0.6522083282470703,0.5573112368583679,0.32337504625320435,0.999541699886322,0.7927467823028564,4.8115434646606445,1.0689553022384644
scitail,scitail,entailment,0.44350001215934753,0.6284587979316711,0.30951887369155884,0.5482368469238281,0.7374491095542908,0.7974981665611267,0.5505536794662476,0.27657753229141235,0.9956396818161011,0.8547112345695496,3.435939311981201,0.9805408120155334
scitail,scitail,entailment,0.4424999952316284,0.5824222564697266,0.3075203001499176,0.4996650815010071,0.6098668575286865,0.7714608907699585,0.5573431253433228,0.281210333108902,0.999687671661377,0.8053870797157288,5.070109844207764,1.0315505266189575
scitail,scitail,entailment,0.44200000166893005,0.6299564242362976,0.3065187335014343,0.575914204120636,0.42317017912864685,0.7660070657730103,0.557438850402832,0.264601469039917,0.9995394349098206,0.8192891478538513,4.587682723999023,0.9320465326309204
scitail,scitail,entailment,0.44200000166893005,0.6074337363243103,0.3065187335014343,0.5312527418136597,0.5456796884536743,0.7738979458808899,0.5575175285339355,0.2854057252407074,0.9996697306632996,0.845909833908081,5.180911064147949,1.0443980693817139
scitail,scitail,entailment,0.4440000057220459,0.6649959087371826,0.3105158805847168,0.5954363346099854,0.798915684223175,0.8451172709465027,0.49715518951416016,0.2379087656736374,0.9593231081962585,0.8146972060203552,1.82345712184906,0.7850595712661743
scitail,scitail,entailment,0.4424999952316284,0.47669175267219543,0.3075203001499176,0.3926973044872284,0.5663999915122986,0.5317844152450562,0.5531377792358398,0.36576393246650696,0.9962875843048096,0.7996101975440979,3.2543251514434814,1.2510780096054077
scitail,scitail,entailment,0.44449999928474426,0.6488855481147766,0.311511367559433,0.5678586363792419,0.7262737154960632,0.8446608185768127,0.5216349363327026,0.2438821941614151,0.9751614928245544,0.8516978621482849,2.139235258102417,0.8726890087127686
scitail,scitail,entailment,0.4424999952316284,0.6157833933830261,0.3075203001499176,0.5365726351737976,0.6047611832618713,0.7914214134216309,0.5538543462753296,0.2610771358013153,0.9969790577888489,0.7758749127388,3.3312296867370605,0.9162418842315674
scitail,scitail,entailment,0.44200000166893005,0.5594507455825806,0.3065187335014343,0.48258817195892334,0.5070164203643799,0.6794077157974243,0.5574970841407776,0.30927231907844543,0.9996410012245178,0.8284401297569275,4.922333717346191,1.149363398551941
scitail,scitail,entailment,0.4424999952316284,0.6842761039733887,0.3075203001499176,0.6219109296798706,0.5943267345428467,0.8497128486633301,0.5349303483963013,0.21500138938426971,0.9828324913978577,0.8343435525894165,2.3860557079315186,0.7667422294616699
scitail,scitail,entailment,0.44200000166893005,0.5876861810684204,0.3065187335014343,0.5158724188804626,0.5023648142814636,0.7353434562683105,0.5471375584602356,0.28971755504608154,0.9907270073890686,0.8108433485031128,2.8033056259155273,1.0680365562438965
scitail,scitail,entailment,0.4449999928474426,0.6614522337913513,0.3125053346157074,0.5903273224830627,0.8766283988952637,0.8713313937187195,0.4906601309776306,0.21884708106517792,0.9568413496017456,0.8128034472465515,1.741734504699707,0.7629134654998779
scitail,scitail,entailment,0.44200000166893005,0.6183910369873047,0.3065187335014343,0.5585619807243347,0.7730587720870972,0.804842472076416,0.5464306473731995,0.27874627709388733,0.992143988609314,0.8394064903259277,2.7317278385162354,0.9999366402626038
scitail,scitail,entailment,0.44699999690055847,0.630239725112915,0.31646624207496643,0.5566474199295044,0.7970734238624573,0.8214570879936218,0.5028522610664368,0.25228944420814514,0.9648985266685486,0.8342480063438416,1.9343434572219849,0.8958054184913635
scitail,scitail,entailment,0.44200000166893005,0.5820603966712952,0.3065187335014343,0.5278977155685425,0.5803329348564148,0.7316108345985413,0.5564751029014587,0.3011411726474762,0.9988499879837036,0.8171969652175903,4.000669002532959,1.0407888889312744
scitail,scitail,entailment,0.4424999952316284,0.6319945454597473,0.3075203001499176,0.5621688961982727,0.6909615993499756,0.7995730042457581,0.5368084907531738,0.2584556043148041,0.9852217435836792,0.840909481048584,2.4188332557678223,0.9640102982521057
scitail,scitail,entailment,0.44200000166893005,0.5474824905395508,0.3065187335014343,0.47607460618019104,0.5665737986564636,0.6004562377929688,0.5576847791671753,0.33625277876853943,0.9997584819793701,0.8360131978988647,4.804678916931152,1.291840672492981
scitail,scitail,entailment,0.44200000166893005,0.6080273985862732,0.3065187335014343,0.5386666059494019,0.7057698369026184,0.7655918002128601,0.5495984554290771,0.2785225510597229,0.993585467338562,0.8194267749786377,2.81425142288208,0.9742172360420227
scitail,scitail,entailment,0.4424999952316284,0.5437102317810059,0.3075203001499176,0.47572728991508484,0.6212870478630066,0.6481205224990845,0.5566425919532776,0.3285682499408722,0.9991508722305298,0.8117634057998657,4.176949977874756,1.153505563735962
scitail,scitail,entailment,0.4424999952316284,0.6682721972465515,0.3075203001499176,0.60728520154953,0.5809893012046814,0.8260424137115479,0.5449264049530029,0.23675087094306946,0.9901072978973389,0.846393346786499,2.7014167308807373,0.8922080397605896
scitail,scitail,entailment,0.4424999952316284,0.5570735931396484,0.3075203001499176,0.4861297309398651,0.533133864402771,0.6348831653594971,0.5569258332252502,0.31828293204307556,0.999351441860199,0.8452100157737732,4.25140380859375,1.2264732122421265
scitail,scitail,entailment,0.4424999952316284,0.5617043375968933,0.3075203001499176,0.49213334918022156,0.585063636302948,0.6909276843070984,0.5524277091026306,0.3101383149623871,0.9959446787834167,0.7968062162399292,3.2721831798553467,1.1234043836593628
scitail,scitail,entailment,0.4424999952316284,0.6810433864593506,0.3075203001499176,0.633652925491333,0.688422441482544,0.8306697607040405,0.5418229699134827,0.24043312668800354,0.988798201084137,0.8277589082717896,2.5850086212158203,0.8010108470916748
scitail,scitail,entailment,0.44200000166893005,0.5591844320297241,0.3065187335014343,0.46693089604377747,0.521742045879364,0.7559137940406799,0.55470871925354,0.307725191116333,0.997249960899353,0.8080073595046997,3.4430971145629883,1.0067613124847412
scitail,scitail,entailment,0.44200000166893005,0.5530145764350891,0.3065187335014343,0.4869738817214966,0.6859557032585144,0.6624606251716614,0.5563704967498779,0.3266349136829376,0.9988265633583069,0.8491305112838745,3.8462421894073486,1.1992948055267334
scitail,scitail,entailment,0.4424999952316284,0.5420534014701843,0.3075203001499176,0.4846790134906769,0.48035821318626404,0.6588528156280518,0.557279646396637,0.35685285925865173,0.9996907114982605,0.8301309943199158,4.952282905578613,1.1878334283828735
scitail,scitail,entailment,0.44200000166893005,0.5896361470222473,0.3065187335014343,0.529719352722168,0.5797313451766968,0.7455897331237793,0.5524429678916931,0.2845178246498108,0.995857834815979,0.8108082413673401,3.238375663757324,1.0122084617614746
scitail,scitail,entailment,0.44200000166893005,0.5816388130187988,0.3065187335014343,0.5348741412162781,0.5444658398628235,0.7050591111183167,0.5568550229072571,0.31049463152885437,0.9991596341133118,0.8134835362434387,4.338283538818359,1.094245195388794
scitail,scitail,entailment,0.44200000166893005,0.6220868825912476,0.3065187335014343,0.5686358213424683,0.4438038170337677,0.7497387528419495,0.5572676658630371,0.2671792805194855,0.9994457364082336,0.822568416595459,4.630892276763916,0.9809149503707886
scitail,scitail,entailment,0.44200000166893005,0.5618883967399597,0.3065187335014343,0.5028664469718933,0.6377100348472595,0.6765226721763611,0.5565614104270935,0.3177439272403717,0.9989399313926697,0.806339681148529,3.966975212097168,1.1416832208633423
scitail,scitail,entailment,0.4424999952316284,0.5279824733734131,0.3075203001499176,0.4538174271583557,0.623104989528656,0.6197437644004822,0.5558333992958069,0.34527722001075745,0.9985232353210449,0.8224484324455261,3.734628915786743,1.2880040407180786
scitail,scitail,entailment,0.4424999952316284,0.6747281551361084,0.3075203001499176,0.6198651790618896,0.7403126358985901,0.8321091532707214,0.5444037318229675,0.23218515515327454,0.9909762740135193,0.8473074436187744,2.7051444053649902,0.8287535905838013
scitail,scitail,entailment,0.4424999952316284,0.6407433152198792,0.3075203001499176,0.5931527614593506,0.6104507446289062,0.7983677387237549,0.5543447732925415,0.268806517124176,0.9978729486465454,0.8160203099250793,3.758066415786743,0.9204667806625366
scitail,scitail,entailment,0.44200000166893005,0.5187975168228149,0.3065187335014343,0.43236324191093445,0.6532435417175293,0.6368553042411804,0.5568442940711975,0.33562374114990234,0.9991855025291443,0.8438839316368103,4.207640647888184,1.2759286165237427
doc_nli,doc_nli,entailment,0.4429999887943268,0.5459811687469482,0.3085203468799591,0.43323275446891785,0.9050787687301636,0.8663626909255981,0.25165098905563354,0.25883546471595764,0.6249254941940308,0.5876113772392273,0.6942910552024841,0.6347816586494446
doc_nli,doc_nli,entailment,0.4440000057220459,0.6001757383346558,0.3105158805847168,0.5030730366706848,0.9127342700958252,0.8927772045135498,0.24690558016300201,0.24476106464862823,0.6148641705513,0.6300445199012756,0.6847776174545288,0.678514838218689
doc_nli,doc_nli,entailment,0.559499979019165,0.6042208075523376,0.36187881231307983,0.5038648247718811,0.8764809370040894,0.8678746223449707,0.23022715747356415,0.25776252150535583,0.6566222906112671,0.6484059691429138,0.6498620510101318,0.6635066866874695
doc_nli,doc_nli,entailment,0.484499990940094,0.6013380289077759,0.38660144805908203,0.5133315324783325,0.9208753108978271,0.8610970973968506,0.23142015933990479,0.26009008288383484,0.5853407979011536,0.6531267762184143,0.6539503335952759,0.6907510161399841
doc_nli,doc_nli,entailment,0.4465000033378601,0.5824398994445801,0.31547826528549194,0.4687245786190033,0.9130591154098511,0.8836299777030945,0.2406504899263382,0.24521124362945557,0.5988495349884033,0.637660562992096,0.6724425554275513,0.6681007146835327
doc_nli,doc_nli,entailment,0.5580000281333923,0.5502543449401855,0.35815146565437317,0.4509170949459076,0.8535524010658264,0.8035067319869995,0.29095709323883057,0.31465408205986023,0.8110584616661072,0.6337831616401672,0.7937405109405518,0.6957773566246033
doc_nli,doc_nli,entailment,0.445499986410141,0.5823290944099426,0.3134978115558624,0.4688320755958557,0.9141898155212402,0.8772502541542053,0.24236416816711426,0.25978201627731323,0.597600519657135,0.6532787084579468,0.6761330366134644,0.7058143019676208
doc_nli,doc_nli,entailment,0.5580000281333923,0.5745640993118286,0.35815146565437317,0.49276843667030334,0.8704279661178589,0.8011305332183838,0.2653355300426483,0.32012081146240234,0.76162189245224,0.624765157699585,0.7259055376052856,0.6810905933380127
doc_nli,doc_nli,entailment,0.44200000166893005,0.583859920501709,0.3065187335014343,0.47495022416114807,0.8952687382698059,0.840523362159729,0.272819846868515,0.2675018906593323,0.6726139783859253,0.6445487141609192,0.7375434041023254,0.648004412651062
doc_nli,doc_nli,entailment,0.5580000281333923,0.5704973340034485,0.35815146565437317,0.47102200984954834,0.8731242418289185,0.847194492816925,0.24870665371418,0.2815370559692383,0.7176910042762756,0.6383318305015564,0.6878874897956848,0.6801859140396118
doc_nli,doc_nli,entailment,0.5580000281333923,0.5779328346252441,0.35815146565437317,0.4678378701210022,0.8673667907714844,0.8677327632904053,0.266757071018219,0.2745029926300049,0.7628927230834961,0.6592221260070801,0.7294674515724182,0.7030027508735657
doc_nli,doc_nli,entailment,0.44350001215934753,0.5997779965400696,0.30951887369155884,0.49732479453086853,0.7168448567390442,0.8607327938079834,0.26185372471809387,0.2540251910686493,0.6088517308235168,0.6141149997711182,0.7169554233551025,0.6804104447364807
doc_nli,doc_nli,entailment,0.5625,0.5980263948440552,0.5144767761230469,0.4831407070159912,0.8791391849517822,0.8762582540512085,0.23264917731285095,0.23601293563842773,0.5494982004165649,0.6432386636734009,0.6578291654586792,0.6737319231033325
doc_nli,doc_nli,entailment,0.44200000166893005,0.5844643115997314,0.3065187335014343,0.4860086143016815,0.9017773270606995,0.8451464772224426,0.2904380261898041,0.2628030478954315,0.7102967500686646,0.6324284672737122,0.7751346826553345,0.6858143210411072
doc_nli,doc_nli,entailment,0.44449999928474426,0.6156882047653198,0.311511367559433,0.5326100587844849,0.9190147519111633,0.8809450268745422,0.25334376096725464,0.24834325909614563,0.6556196212768555,0.6513550877571106,0.6955384016036987,0.6617466807365417
doc_nli,doc_nli,entailment,0.44350001215934753,0.6215441226959229,0.30951887369155884,0.5198366641998291,0.9093030691146851,0.8910653591156006,0.2460698038339615,0.2426772564649582,0.611176609992981,0.6330696940422058,0.6832188367843628,0.6677911877632141
doc_nli,doc_nli,entailment,0.5605000257492065,0.5803230404853821,0.3653702139854431,0.4642021358013153,0.6971300840377808,0.8705064058303833,0.239512100815773,0.25536611676216125,0.6315308809280396,0.6556330323219299,0.6710910201072693,0.7070951461791992
doc_nli,doc_nli,entailment,0.44350001215934753,0.5870187878608704,0.30951887369155884,0.4812069833278656,0.8703509569168091,0.8546285033226013,0.25215956568717957,0.2591049075126648,0.6114915609359741,0.6091223955154419,0.6961092948913574,0.677132248878479
doc_nli,doc_nli,entailment,0.44200000166893005,0.6025123000144958,0.3065187335014343,0.5054873824119568,0.7897225022315979,0.8746424317359924,0.287338525056839,0.25163888931274414,0.6852309703826904,0.6481132507324219,0.7705499529838562,0.6895859241485596
doc_nli,doc_nli,entailment,0.4884999990463257,0.614662766456604,0.3936554193496704,0.4937354028224945,0.91778165102005,0.8904908299446106,0.23210567235946655,0.2253810316324234,0.571366012096405,0.6474289894104004,0.6559850573539734,0.6415027976036072
doc_nli,doc_nli,entailment,0.44200000166893005,0.5177149772644043,0.3065187335014343,0.40011706948280334,0.6178351044654846,0.7889615893363953,0.2808939814567566,0.28175878524780273,0.6349299550056458,0.5867041349411011,0.7567920088768005,0.7640891671180725
doc_nli,doc_nli,entailment,0.7760000228881836,0.6338068842887878,0.7753926515579224,0.5360163450241089,0.9078429341316223,0.9034180641174316,0.21765460073947906,0.2173020839691162,0.5467191934585571,0.6003941893577576,0.6276662349700928,0.6015048027038574
doc_nli,doc_nli,entailment,0.44699999690055847,0.5395481586456299,0.3193938434123993,0.408417671918869,0.637718141078949,0.839171826839447,0.2518693208694458,0.24607211351394653,0.5340006947517395,0.5529358983039856,0.6968793272972107,0.6572332382202148
doc_nli,doc_nli,entailment,0.44200000166893005,0.5955212116241455,0.3065187335014343,0.47021934390068054,0.6598666906356812,0.8861294388771057,0.27471545338630676,0.22522523999214172,0.6268812417984009,0.5650336146354675,0.7436743974685669,0.6117177605628967
doc_nli,doc_nli,entailment,0.44200000166893005,0.575024425983429,0.3065187335014343,0.4597381353378296,0.6807030439376831,0.8429635167121887,0.265535831451416,0.24936853349208832,0.5963461399078369,0.5675702095031738,0.7245351672172546,0.6597695350646973
doc_nli,doc_nli,entailment,0.503000020980835,0.5302758812904358,0.47599872946739197,0.41119256615638733,0.4829338490962982,0.7719599604606628,0.24999698996543884,0.267659068107605,0.5153330564498901,0.5537818670272827,0.6931450963020325,0.6998882293701172
doc_nli,doc_nli,entailment,0.593500018119812,0.5506234765052795,0.5153778195381165,0.4215557277202606,0.6121703386306763,0.8224404454231262,0.24529197812080383,0.2573264539241791,0.5201594233512878,0.5473428964614868,0.6837135553359985,0.6608489155769348
doc_nli,doc_nli,entailment,0.5580000281333923,0.6215018630027771,0.35815146565437317,0.5169999003410339,0.8860126733779907,0.8695456981658936,0.2324667125940323,0.23458023369312286,0.6490686535835266,0.5994551181793213,0.6551105976104736,0.6100049018859863
doc_nli,doc_nli,entailment,0.5270000100135803,0.6210970878601074,0.45791134238243103,0.5146391987800598,0.9162678122520447,0.8966197967529297,0.22746652364730835,0.23474884033203125,0.573143482208252,0.6336919665336609,0.6463180780410767,0.625900149345398
doc_nli,doc_nli,entailment,0.5914999842643738,0.5972049236297607,0.43890273571014404,0.49736443161964417,0.8685644268989563,0.8607723712921143,0.2248506397008896,0.24898111820220947,0.5818523168563843,0.602823793888092,0.6416680216789246,0.638588547706604
doc_nli,doc_nli,entailment,0.5580000281333923,0.5485503077507019,0.35815146565437317,0.4402052164077759,0.8474563956260681,0.7681236863136292,0.23997090756893158,0.2592524290084839,0.5759502053260803,0.541192352771759,0.6727664470672607,0.6931570768356323
doc_nli,doc_nli,entailment,0.44200000166893005,0.5763818025588989,0.3065187335014343,0.4675160050392151,0.7407019138336182,0.8277906775474548,0.2594517767429352,0.22676599025726318,0.5720040202140808,0.5007680058479309,0.7121078968048096,0.6028221845626831
doc_nli,doc_nli,entailment,0.5019999742507935,0.5549877285957336,0.44752851128578186,0.42729923129081726,0.6325744390487671,0.8383355140686035,0.24868597090244293,0.25000473856925964,0.5185414552688599,0.5648888349533081,0.6905111074447632,0.6474668979644775
doc_nli,doc_nli,entailment,0.5590000152587891,0.570149838924408,0.3616688549518585,0.46787795424461365,0.6638188362121582,0.7773188352584839,0.24609139561653137,0.26099061965942383,0.5225821733474731,0.529574453830719,0.6853187680244446,0.6850122213363647
doc_nli,doc_nli,entailment,0.625,0.5821301341056824,0.5180933475494385,0.464200496673584,0.8028745055198669,0.8361368179321289,0.227969691157341,0.24795369803905487,0.5606734156608582,0.6335554122924805,0.6484137773513794,0.686793327331543
doc_nli,doc_nli,entailment,0.45350000262260437,0.5571306943893433,0.3312888741493225,0.4462713897228241,0.674585223197937,0.8179003596305847,0.24994440376758575,0.2467995434999466,0.5305799245834351,0.5612505674362183,0.6930155158042908,0.6855847835540771
doc_nli,doc_nli,entailment,0.6890000104904175,0.5795706510543823,0.6507340669631958,0.48540034890174866,0.7991726398468018,0.8397050499916077,0.23794926702976227,0.2530055344104767,0.5226808786392212,0.5497041344642639,0.6689882874488831,0.6476885080337524
doc_nli,doc_nli,entailment,0.7580000162124634,0.6348475813865662,0.7328184247016907,0.5367417931556702,0.8979113101959229,0.8991133570671082,0.21655341982841492,0.21388152241706848,0.5516032576560974,0.6001948714256287,0.6255005598068237,0.597068190574646
doc_nli,doc_nli,entailment,0.7524999976158142,0.6186397671699524,0.7481448650360107,0.5080280900001526,0.8338512778282166,0.8793466091156006,0.23266826570034027,0.22201532125473022,0.5257402062416077,0.5778787136077881,0.6583691835403442,0.611189067363739
doc_nli,doc_nli,entailment,0.45100000500679016,0.5896408557891846,0.3243168294429779,0.47159504890441895,0.8556197285652161,0.8766810894012451,0.2436608076095581,0.2322935312986374,0.5591290593147278,0.578925609588623,0.6800498366355896,0.6351352334022522
doc_nli,doc_nli,entailment,0.6334999799728394,0.6091580986976624,0.6108010411262512,0.48528173565864563,0.9094191193580627,0.9040704965591431,0.22144223749637604,0.2234395295381546,0.5630427598953247,0.6370145082473755,0.6345809698104858,0.6391054391860962
doc_nli,doc_nli,entailment,0.44200000166893005,0.5433225631713867,0.3065187335014343,0.43313783407211304,0.6467410326004028,0.8137791752815247,0.2784096300601959,0.2791048586368561,0.6309595108032227,0.5950679183006287,0.7514650225639343,0.7422050833702087
doc_nli,doc_nli,entailment,0.5584999918937683,0.5919114351272583,0.35939639806747437,0.4795556366443634,0.8732879757881165,0.8724589943885803,0.2386971414089203,0.26684364676475525,0.6910454630851746,0.6604788899421692,0.6665080785751343,0.6923076510429382
doc_nli,doc_nli,entailment,0.44200000166893005,0.5804384350776672,0.3065187335014343,0.46321189403533936,0.8471466898918152,0.8631889224052429,0.31671589612960815,0.2412516176700592,0.7241842150688171,0.6260526180267334,0.8376911878585815,0.6679806709289551
doc_nli,doc_nli,entailment,0.44200000166893005,0.5837995409965515,0.3065187335014343,0.47997918725013733,0.8253645896911621,0.8646273016929626,0.2569747269153595,0.2675330936908722,0.6136349439620972,0.6399313807487488,0.7061971426010132,0.6991695165634155
doc_nli,doc_nli,entailment,0.44200000166893005,0.6027920246124268,0.3065187335014343,0.4905422031879425,0.8936058878898621,0.8816425800323486,0.26082149147987366,0.2363494485616684,0.646246075630188,0.622654139995575,0.7127851247787476,0.6619455218315125
doc_nli,doc_nli,entailment,0.44200000166893005,0.5576913356781006,0.3065187335014343,0.4423381984233856,0.7262453436851501,0.8574326038360596,0.27848976850509644,0.26320645213127136,0.6480973958969116,0.6458678841590881,0.7515251040458679,0.7272065877914429
doc_nli,doc_nli,entailment,0.44200000166893005,0.5395433902740479,0.3065187335014343,0.43498384952545166,0.7250300049781799,0.8157522678375244,0.2789171636104584,0.2679571807384491,0.6424717903137207,0.6140104532241821,0.752458930015564,0.7365187406539917
doc_nli,doc_nli,entailment,0.4465000033378601,0.5917239785194397,0.31547826528549194,0.49780094623565674,0.8898397088050842,0.8722273111343384,0.26183608174324036,0.2526560127735138,0.6742585897445679,0.6604008078575134,0.7134574055671692,0.6769843697547913
doc_nli,doc_nli,entailment,0.4449999928474426,0.5978975296020508,0.3125053346157074,0.4817804992198944,0.8817635178565979,0.8924474716186523,0.24767149984836578,0.23601394891738892,0.5989442467689514,0.6666301488876343,0.6872680187225342,0.6886453032493591
doc_nli,doc_nli,entailment,0.44200000166893005,0.5843592286109924,0.3065187335014343,0.4776073694229126,0.7991164326667786,0.8419396877288818,0.25685441493988037,0.2441033571958542,0.583134114742279,0.6035416722297668,0.7067292332649231,0.669686496257782
doc_nli,doc_nli,entailment,0.4440000057220459,0.6324738264083862,0.3105158805847168,0.5243039131164551,0.9163346886634827,0.9091136455535889,0.26964646577835083,0.22024090588092804,0.6980717778205872,0.650189995765686,0.7283490896224976,0.6198463439941406
doc_nli,doc_nli,entailment,0.44200000166893005,0.5025681853294373,0.3065187335014343,0.4135035574436188,0.626563549041748,0.7391528487205505,0.2740876376628876,0.3141116201877594,0.6141842007637024,0.5610396265983582,0.7423074245452881,0.8115639090538025
doc_nli,doc_nli,entailment,0.4440000057220459,0.5571799874305725,0.3105158805847168,0.43015068769454956,0.6468165516853333,0.8443500995635986,0.2629503905773163,0.24523063004016876,0.5938949584960938,0.5988896489143372,0.7193580269813538,0.6770023107528687
doc_nli,doc_nli,entailment,0.6194999814033508,0.6427880525588989,0.5924788117408752,0.5383066534996033,0.9210470914840698,0.9072896838188171,0.2049516886472702,0.23706160485744476,0.6622932553291321,0.7597013711929321,0.5913398861885071,0.7345181703567505
doc_nli,doc_nli,entailment,0.6489999890327454,0.5763469338417053,0.608115017414093,0.47777193784713745,0.7189547419548035,0.8100597858428955,0.21643470227718353,0.30631110072135925,0.644141674041748,0.8057538270950317,0.6218626499176025,0.9592359066009521
doc_nli,doc_nli,entailment,0.4429999887943268,0.5557109713554382,0.3085203468799591,0.4450208246707916,0.7796372771263123,0.8442296981811523,0.261779248714447,0.2674207389354706,0.605979859828949,0.637483537197113,0.7166455388069153,0.7074868679046631
doc_nli,doc_nli,entailment,0.4884999990463257,0.4872739315032959,0.44379669427871704,0.37376341223716736,0.551744282245636,0.7046721577644348,0.2560931444168091,0.31351667642593384,0.5587306022644043,0.6317257881164551,0.7056159377098083,0.8896093368530273
doc_nli,doc_nli,entailment,0.4934999942779541,0.5477822422981262,0.40291628241539,0.4407033324241638,0.9117591381072998,0.803101122379303,0.23525257408618927,0.2733892500400543,0.5439068078994751,0.6634678840637207,0.6631735563278198,0.7951962351799011
doc_nli,doc_nli,entailment,0.559499979019165,0.6030343174934387,0.5090717077255249,0.4980044364929199,0.8894175291061401,0.8693341016769409,0.22719252109527588,0.25625333189964294,0.5767519474029541,0.6733447313308716,0.6458417177200317,0.7149224281311035
doc_nli,doc_nli,entailment,0.4569999873638153,0.5224669575691223,0.45516717433929443,0.41550230979919434,0.44167467951774597,0.752122163772583,0.25537005066871643,0.2679252624511719,0.5338426232337952,0.5566293597221375,0.7040404677391052,0.7293245792388916
doc_nli,doc_nli,entailment,0.44200000166893005,0.596839189529419,0.3065187335014343,0.48630717396736145,0.8025516271591187,0.8824262619018555,0.28584054112434387,0.23608478903770447,0.680068850517273,0.5872904658317566,0.7666480541229248,0.6311114430427551
doc_nli,doc_nli,entailment,0.47049999237060547,0.5306808948516846,0.39919647574424744,0.43512725830078125,0.5654324889183044,0.7531592845916748,0.2518328130245209,0.2613263428211212,0.5275664925575256,0.5012175440788269,0.6968191266059875,0.6919441819190979
doc_nli,doc_nli,entailment,0.5444999933242798,0.5722063183784485,0.49235454201698303,0.4633810818195343,0.5312935709953308,0.8051111698150635,0.2488074004650116,0.2281644642353058,0.5092253088951111,0.49497345089912415,0.6907609701156616,0.6096330285072327
doc_nli,doc_nli,entailment,0.44200000166893005,0.5952922105789185,0.3065187335014343,0.4830636978149414,0.8383706212043762,0.8869757056236267,0.29851171374320984,0.2326938807964325,0.7100461721420288,0.6218753457069397,0.7946742177009583,0.6377084851264954
doc_nli,doc_nli,entailment,0.6664999723434448,0.5953230857849121,0.6042894721031189,0.4878455698490143,0.8302868604660034,0.8427134156227112,0.23680101335048676,0.22796037793159485,0.5250998735427856,0.5773438811302185,0.6666613817214966,0.6104499697685242
doc_nli,doc_nli,entailment,0.44200000166893005,0.5755829811096191,0.3065187335014343,0.46431705355644226,0.8299857974052429,0.8638501763343811,0.2570737600326538,0.23801250755786896,0.58180832862854,0.5820800065994263,0.7071661353111267,0.6491998434066772
doc_nli,doc_nli,entailment,0.7630000114440918,0.6334495544433594,0.7613158226013184,0.5392480492591858,0.9177330136299133,0.8752902150154114,0.21121007204055786,0.2276581972837448,0.5581905245780945,0.6233989000320435,0.6142671704292297,0.6227633357048035
doc_nli,doc_nli,entailment,0.5845000147819519,0.5612072944641113,0.452156126499176,0.4419565200805664,0.6472945213317871,0.8217014670372009,0.24572323262691498,0.24245619773864746,0.518542468547821,0.5421748757362366,0.6845841407775879,0.646030068397522
doc_nli,doc_nli,entailment,0.44449999928474426,0.5760464072227478,0.31300482153892517,0.47388413548469543,0.7268946170806885,0.7797037959098816,0.25036871433258057,0.24921806156635284,0.5326248407363892,0.540083646774292,0.693861722946167,0.6726291179656982
doc_nli,doc_nli,entailment,0.4449999928474426,0.5977709293365479,0.3125053346157074,0.5049365162849426,0.8912810683250427,0.8740676045417786,0.24704422056674957,0.2453060746192932,0.6016345620155334,0.6030713319778442,0.6857847571372986,0.6494839787483215
doc_nli,doc_nli,entailment,0.44200000166893005,0.5689548850059509,0.3065187335014343,0.45117101073265076,0.6854032874107361,0.8435099720954895,0.2769390046596527,0.2704803943634033,0.6390291452407837,0.6181345582008362,0.7483616471290588,0.706261157989502
doc_nli,doc_nli,entailment,0.5429999828338623,0.6052090525627136,0.48444944620132446,0.49280664324760437,0.9067350029945374,0.8853915929794312,0.23000399768352509,0.2440909743309021,0.5599106550216675,0.659410834312439,0.6521783471107483,0.6822128891944885
doc_nli,doc_nli,entailment,0.5214999914169312,0.5591431856155396,0.4608084559440613,0.4368361234664917,0.7270572781562805,0.8517846465110779,0.24429132044315338,0.2534126341342926,0.5401180386543274,0.6540510654449463,0.6816099286079407,0.6966404318809509
doc_nli,doc_nli,entailment,0.6389999985694885,0.6295440793037415,0.6199296116828918,0.5311987400054932,0.8599864840507507,0.9091095328330994,0.2297791987657547,0.22506456077098846,0.5432485342025757,0.6627421379089355,0.6521533131599426,0.6585906147956848
doc_nli,doc_nli,entailment,0.4449999928474426,0.6045767664909363,0.3125053346157074,0.49149030447006226,0.9049723148345947,0.8937704563140869,0.24331098794937134,0.23786459863185883,0.6067774891853333,0.6456275582313538,0.6776050329208374,0.6868051290512085
doc_nli,doc_nli,entailment,0.4440000057220459,0.6017903089523315,0.3105158805847168,0.4878389835357666,0.9112436771392822,0.9017508625984192,0.2469630092382431,0.240483358502388,0.6217978000640869,0.6403223276138306,0.6844422221183777,0.6529883742332458
doc_nli,doc_nli,entailment,0.5550000071525574,0.6085219979286194,0.502083420753479,0.5040985345840454,0.9121564626693726,0.8857877850532532,0.23045223951339722,0.2397509664297104,0.5530219078063965,0.6392000317573547,0.6533233523368835,0.6836823225021362
doc_nli,doc_nli,entailment,0.44350001215934753,0.6104540228843689,0.30951887369155884,0.5272302627563477,0.8716894388198853,0.8661352396011353,0.2631637454032898,0.25322121381759644,0.6482751369476318,0.6079890727996826,0.7180325388908386,0.6766126155853271
doc_nli,doc_nli,entailment,0.44200000166893005,0.5651079416275024,0.3065187335014343,0.44827941060066223,0.7945910096168518,0.8763858079910278,0.26207250356674194,0.24552692472934723,0.6184117197990417,0.6463811993598938,0.7169960737228394,0.7036712765693665
doc_nli,doc_nli,entailment,0.44200000166893005,0.5573281049728394,0.3065187335014343,0.4411523938179016,0.7327792644500732,0.8363981246948242,0.268557608127594,0.24724406003952026,0.6066962480545044,0.5868440866470337,0.7307247519493103,0.6788694262504578
doc_nli,doc_nli,entailment,0.445499986410141,0.5503854155540466,0.3134978115558624,0.4485362768173218,0.8257178664207458,0.815514087677002,0.25042951107025146,0.2873878479003906,0.5929938554763794,0.6804908514022827,0.6932048797607422,0.8224636912345886
doc_nli,doc_nli,entailment,0.4749999940395355,0.5670016407966614,0.3738042712211609,0.45892441272735596,0.7327671051025391,0.7942662239074707,0.24694858491420746,0.27410566806793213,0.5496902465820312,0.730387270450592,0.686863899230957,0.8438374400138855
doc_nli,doc_nli,entailment,0.44200000166893005,0.5452455878257751,0.3065187335014343,0.4421834349632263,0.8205782175064087,0.8035354614257812,0.26150673627853394,0.27462735772132874,0.608667254447937,0.6418431997299194,0.7159855365753174,0.763300895690918
doc_nli,doc_nli,entailment,0.6804999709129333,0.644174337387085,0.6687291860580444,0.5368316173553467,0.9131909012794495,0.8962417840957642,0.20469163358211517,0.2234342247247696,0.5987514853477478,0.7309637665748596,0.598105788230896,0.6921178698539734
doc_nli,doc_nli,entailment,0.7360000014305115,0.5700370073318481,0.7041738629341125,0.4515863358974457,0.8829185366630554,0.8639863729476929,0.2138695865869522,0.25184202194213867,0.5594196319580078,0.6802586317062378,0.6197519302368164,0.7239604592323303
doc_nli,doc_nli,entailment,0.44449999928474426,0.5536200404167175,0.3122597634792328,0.4613390266895294,0.8726884126663208,0.7758604884147644,0.2766629159450531,0.27756959199905396,0.6961441040039062,0.6283808350563049,0.7460100054740906,0.8063080310821533
doc_nli,doc_nli,entailment,0.8015000224113464,0.6457151770591736,0.7929245233535767,0.548413872718811,0.8898503184318542,0.8958795666694641,0.16814281046390533,0.2384580820798874,0.6415514945983887,0.7641140222549438,0.5181818008422852,0.7287806272506714
doc_nli,doc_nli,entailment,0.5419999957084656,0.6056265234947205,0.4844919741153717,0.5028755068778992,0.8459866046905518,0.884239912033081,0.2347985953092575,0.23973627388477325,0.5608737468719482,0.6652148365974426,0.6620040535926819,0.6559215188026428
doc_nli,doc_nli,entailment,0.7124999761581421,0.6361110806465149,0.6722338199615479,0.5352343320846558,0.880194902420044,0.8995968103408813,0.18156379461288452,0.2277723103761673,0.6529011130332947,0.704344630241394,0.5439236760139465,0.6801388263702393
doc_nli,doc_nli,entailment,0.4690000116825104,0.5911863446235657,0.3598020672798157,0.4905490279197693,0.804589033126831,0.824695348739624,0.2568073868751526,0.28681832551956177,0.6474503874778748,0.7717037200927734,0.7055737376213074,0.9912271499633789
doc_nli,doc_nli,entailment,0.44200000166893005,0.5546359419822693,0.3065187335014343,0.45583778619766235,0.5483546853065491,0.7699849605560303,0.33137598633766174,0.277665376663208,0.7351958155632019,0.6417278051376343,0.8851178288459778,0.7950432300567627
doc_nli,doc_nli,entailment,0.765500009059906,0.6509801149368286,0.764191210269928,0.5487287044525146,0.9070512652397156,0.9270631670951843,0.1685793399810791,0.22687099874019623,0.6721318364143372,0.7634502649307251,0.5143804550170898,0.7086519002914429
doc_nli,doc_nli,entailment,0.609000027179718,0.6384581923484802,0.5784998536109924,0.5443702936172485,0.9189594984054565,0.9193851351737976,0.21803602576255798,0.22816945612430573,0.7393541932106018,0.7527952194213867,0.6134207248687744,0.7200595736503601
doc_nli,doc_nli,entailment,0.6420000195503235,0.5367806553840637,0.6306898593902588,0.4313184916973114,0.8030204176902771,0.7908364534378052,0.2181520164012909,0.3085592985153198,0.6038962602615356,0.672828197479248,0.6259995102882385,0.9223940372467041
doc_nli,doc_nli,entailment,0.796999990940094,0.6371252536773682,0.7960004210472107,0.5376996994018555,0.8777859807014465,0.878652036190033,0.17457540333271027,0.24224479496479034,0.6319944858551025,0.7509187459945679,0.5332353711128235,0.7932442426681519
doc_nli,doc_nli,entailment,0.7664999961853027,0.5505064725875854,0.7571219205856323,0.45511072874069214,0.8544676899909973,0.7716467380523682,0.20761924982070923,0.2724837064743042,0.5687026381492615,0.6471825242042542,0.6066540479660034,0.8540338277816772
doc_nli,doc_nli,entailment,0.4429999887943268,0.5331020951271057,0.31373852491378784,0.4339950978755951,0.6356275081634521,0.6930239200592041,0.29252511262893677,0.31865715980529785,0.680121660232544,0.7248172760009766,0.7850773930549622,1.028501033782959
doc_nli,doc_nli,entailment,0.46399998664855957,0.5959808826446533,0.3563254773616791,0.47454017400741577,0.6288148164749146,0.8739388585090637,0.28935515880584717,0.25525665283203125,0.680375337600708,0.7330990433692932,0.7807309627532959,0.7928733825683594
doc_nli,doc_nli,entailment,0.44449999928474426,0.5811729431152344,0.311511367559433,0.4895836114883423,0.8256134390830994,0.7944721579551697,0.2730867564678192,0.29434487223625183,0.6674317717552185,0.7364583015441895,0.739018440246582,0.9359372854232788
doc_nli,doc_nli,entailment,0.44200000166893005,0.5534539222717285,0.3065187335014343,0.42934170365333557,0.6902104616165161,0.8146684765815735,0.25313490629196167,0.25088778138160706,0.5343272089958191,0.4746752977371216,0.6994163990020752,0.6402921080589294
doc_nli,doc_nli,entailment,0.5145000219345093,0.5775839686393738,0.44151607155799866,0.4842297434806824,0.7965230345726013,0.8035392165184021,0.24420194327831268,0.2444552779197693,0.5261403322219849,0.5347579717636108,0.6814985275268555,0.6950129270553589
doc_nli,doc_nli,entailment,0.44200000166893005,0.5677481889724731,0.3065187335014343,0.4880456030368805,0.7362935543060303,0.7630867958068848,0.25698789954185486,0.2607421875,0.5631032586097717,0.5014379620552063,0.7071344256401062,0.7042231559753418
doc_nli,doc_nli,entailment,0.4424999952316284,0.5828801393508911,0.3075203001499176,0.49115779995918274,0.7586483955383301,0.7952362298965454,0.2501644194126129,0.25920552015304565,0.5286985039710999,0.5045735239982605,0.6934600472450256,0.6771856546401978
doc_nli,doc_nli,entailment,0.6305000185966492,0.5709268450737,0.6304733157157898,0.4527879059314728,0.7012317776679993,0.8379470109939575,0.2458479106426239,0.24583257734775543,0.5098162293434143,0.5124268531799316,0.6848382353782654,0.6487685441970825
doc_nli,doc_nli,entailment,0.44200000166893005,0.5792554020881653,0.3065187335014343,0.4940047562122345,0.8664631247520447,0.8014957308769226,0.24895954132080078,0.2489795833826065,0.541333019733429,0.4886209964752197,0.6909916400909424,0.6394254565238953
doc_nli,doc_nli,entailment,0.4424999952316284,0.5878506898880005,0.3075203001499176,0.49763599038124084,0.8780642151832581,0.8177855014801025,0.24802422523498535,0.24829456210136414,0.5399249792098999,0.570854127407074,0.6891157627105713,0.6903772354125977
doc_nli,doc_nli,entailment,0.4424999952316284,0.5732956528663635,0.3082781136035919,0.48180219531059265,0.6540007591247559,0.8290334939956665,0.25237900018692017,0.25551891326904297,0.537255585193634,0.4925988018512726,0.6978940367698669,0.657443106174469
doc_nli,doc_nli,entailment,0.44200000166893005,0.5773277282714844,0.3065187335014343,0.4779524803161621,0.6572950482368469,0.7636575102806091,0.25548580288887024,0.2606384754180908,0.5461387634277344,0.5545990467071533,0.7041362524032593,0.7388119101524353
doc_nli,doc_nli,entailment,0.4494999945163727,0.5620732307434082,0.3228313624858856,0.4509086608886719,0.6485108733177185,0.8313173651695251,0.2504208981990814,0.255530446767807,0.524149477481842,0.4954420030117035,0.6939802765846252,0.655998945236206
doc_nli,doc_nli,entailment,0.4424999952316284,0.5842913389205933,0.3075203001499176,0.5051023364067078,0.6402735114097595,0.7952823638916016,0.4740016460418701,0.3347364664077759,0.9269863963127136,0.8142428398132324,1.4942691326141357,1.1371923685073853
doc_nli,doc_nli,entailment,0.4429999887943268,0.6806294918060303,0.3085203468799591,0.6061206459999084,0.8486853837966919,0.896150529384613,0.423523485660553,0.22843244671821594,0.8981502652168274,0.7845043540000916,1.2284959554672241,0.8064351677894592
doc_nli,doc_nli,entailment,0.4779999852180481,0.6257904171943665,0.3749730587005615,0.537274181842804,0.7910600304603577,0.8210679888725281,0.3154114782810211,0.27676644921302795,0.7812198996543884,0.7893336415290833,0.8540840744972229,0.952178418636322
doc_nli,doc_nli,entailment,0.527999997138977,0.6452094912528992,0.49837982654571533,0.5718721747398376,0.6242489218711853,0.8372873663902283,0.2604868412017822,0.26701533794403076,0.6292195916175842,0.8318339586257935,0.7179218530654907,1.074512243270874
doc_nli,doc_nli,entailment,0.4595000147819519,0.6051735877990723,0.34137392044067383,0.5287964344024658,0.7060070037841797,0.7718573808670044,0.3150395452976227,0.2963307797908783,0.7471399307250977,0.8231748938560486,0.8470763564109802,1.1531920433044434
doc_nli,doc_nli,entailment,0.4449999928474426,0.6208255290985107,0.3125053346157074,0.5438392758369446,0.591888964176178,0.8433582782745361,0.3903121054172516,0.2696619927883148,0.8308671116828918,0.7922022342681885,1.0729293823242188,0.9448875188827515
doc_nli,doc_nli,entailment,0.6140000224113464,0.6383326649665833,0.5947404503822327,0.5438681840896606,0.7683646082878113,0.8751343488693237,0.22768862545490265,0.27196088433265686,0.6502970457077026,0.8682349324226379,0.6455491781234741,1.006906509399414
doc_nli,doc_nli,entailment,0.7864999771118164,0.5654430389404297,0.7782840132713318,0.467764675617218,0.8611739277839661,0.7844393849372864,0.15900492668151855,0.2985340654850006,0.7077557444572449,0.7388718128204346,0.49001243710517883,0.902353048324585
doc_nli,doc_nli,entailment,0.4584999978542328,0.570667564868927,0.348759263753891,0.48266467452049255,0.6279593110084534,0.8083755970001221,0.2827974259853363,0.28825077414512634,0.6621592044830322,0.7384794354438782,0.76398766040802,0.9357826709747314
doc_nli,doc_nli,entailment,0.7114999890327454,0.6122351288795471,0.7051723599433899,0.5372732877731323,0.8980166912078857,0.7815037369728088,0.1860874444246292,0.27658748626708984,0.6780122518539429,0.7790237665176392,0.5535199642181396,0.9654771089553833
doc_nli,doc_nli,entailment,0.4724999964237213,0.6092973947525024,0.36808013916015625,0.5111392140388489,0.7069624066352844,0.8993139266967773,0.3103408217430115,0.25843310356140137,0.7469901442527771,0.7622443437576294,0.8387168645858765,0.779935896396637
doc_nli,doc_nli,entailment,0.47699999809265137,0.6493884921073914,0.373165488243103,0.5641137361526489,0.9378502368927002,0.9003047943115234,0.3028317987918854,0.24292245507240295,0.8033871054649353,0.7794535160064697,0.8115525841712952,0.7797965407371521
doc_nli,doc_nli,entailment,0.5084999799728394,0.6454070210456848,0.4302966892719269,0.5635151267051697,0.7738742232322693,0.88202965259552,0.3473486006259918,0.25471821427345276,0.837439775466919,0.8227241635322571,1.0422728061676025,0.8577943444252014
doc_nli,doc_nli,entailment,0.5830000042915344,0.5766040682792664,0.570590078830719,0.4872056841850281,0.5927789211273193,0.7732869982719421,0.3055567741394043,0.33798184990882874,0.8063464760780334,0.8654934167861938,0.9513356685638428,1.3262978792190552
doc_nli,doc_nli,entailment,0.5394999980926514,0.6180689334869385,0.45152437686920166,0.5273105502128601,0.4728623330593109,0.8424069881439209,0.2906423509120941,0.27655673027038574,0.7050409913063049,0.8034597039222717,0.8052946925163269,1.0045502185821533
doc_nli,doc_nli,entailment,0.44999998807907104,0.6127486228942871,0.322363018989563,0.5241613984107971,0.6769515872001648,0.8658532500267029,0.4056760370731354,0.2818046510219574,0.8647129535675049,0.826887309551239,1.1711711883544922,0.9442628026008606
doc_nli,doc_nli,entailment,0.4740000069141388,0.6394787430763245,0.37261152267456055,0.5551969408988953,0.6935377717018127,0.8587298393249512,0.3395221531391144,0.2808322310447693,0.7905687689781189,0.8792800903320312,0.9305278062820435,1.1493197679519653
doc_nli,doc_nli,entailment,0.5945000052452087,0.6659944653511047,0.5723673105239868,0.5966529250144958,0.7643541693687439,0.8913611769676208,0.24907328188419342,0.2610663175582886,0.7253730297088623,0.8292253017425537,0.7012004852294922,0.9365314245223999
doc_nli,doc_nli,entailment,0.47450000047683716,0.6284472346305847,0.3893069326877594,0.5519883036613464,0.5710353255271912,0.8571274876594543,0.35608547925949097,0.27914807200431824,0.7850020527839661,0.8496026396751404,1.0042554140090942,1.0310207605361938
doc_nli,doc_nli,entailment,0.5440000295639038,0.6696417927742004,0.48439618945121765,0.5929667353630066,0.9348214864730835,0.9266552925109863,0.2611648142337799,0.22397181391716003,0.7841163873672485,0.7783250212669373,0.7138218879699707,0.726002037525177
doc_nli,doc_nli,entailment,0.546500027179718,0.6268434524536133,0.5184127688407898,0.5493199229240417,0.6681420207023621,0.8378645181655884,0.2648813724517822,0.3013596832752228,0.6835747361183167,0.8295058012008667,0.7316338419914246,1.0896111726760864
doc_nli,doc_nli,entailment,0.44350001215934753,0.6350669264793396,0.30951887369155884,0.563234806060791,0.6732624173164368,0.8221818804740906,0.4089278280735016,0.28069815039634705,0.865519106388092,0.8132309317588806,1.1795847415924072,1.110156536102295
doc_nli,doc_nli,entailment,0.4424999952316284,0.6263614296913147,0.3075203001499176,0.5442731380462646,0.6060307621955872,0.8279919028282166,0.38955193758010864,0.28387343883514404,0.8283185362815857,0.8419159650802612,1.0573954582214355,1.0608038902282715
doc_nli,doc_nli,entailment,0.6855000257492065,0.6268602609634399,0.6850085258483887,0.564960241317749,0.7772922515869141,0.7916072607040405,0.20508886873722076,0.3004116415977478,0.6701861023902893,0.8067158460617065,0.5977433323860168,1.085624098777771
doc_nli,doc_nli,entailment,0.46799999475479126,0.652230441570282,0.3566674292087555,0.5769002437591553,0.9023059010505676,0.8939640522003174,0.2984066903591156,0.2580529451370239,0.7798042297363281,0.7975594401359558,0.7987238168716431,0.8467879295349121
doc_nli,doc_nli,entailment,0.4625000059604645,0.6768143773078918,0.35164234042167664,0.6238019466400146,0.6429723501205444,0.8604997992515564,0.37382781505584717,0.2383013516664505,0.822260320186615,0.8007723093032837,1.0704759359359741,0.8584678173065186
doc_nli,doc_nli,entailment,0.5600000023841858,0.6565136313438416,0.5192932486534119,0.5771137475967407,0.7502878904342651,0.8768543004989624,0.24850903451442719,0.2557108998298645,0.6732855439186096,0.8007668256759644,0.6922304034233093,0.882105827331543
doc_nli,doc_nli,entailment,0.44850000739097595,0.5851380228996277,0.31942126154899597,0.5171710252761841,0.7282326221466064,0.7359784841537476,0.4560425877571106,0.33154141902923584,0.9237939715385437,0.8341705799102783,1.520645022392273,1.3701120615005493
doc_nli,doc_nli,entailment,0.4650000035762787,0.6335192322731018,0.35107389092445374,0.5712642669677734,0.8740740418434143,0.874543309211731,0.2772509753704071,0.2616190016269684,0.7298108339309692,0.7336004972457886,0.7472572922706604,0.7832638025283813
doc_nli,doc_nli,entailment,0.5534999966621399,0.627175509929657,0.5110973715782166,0.543091356754303,0.7383841872215271,0.8188350200653076,0.27460718154907227,0.2965216338634491,0.732015073299408,0.8356590270996094,0.769138514995575,1.1073131561279297
doc_nli,doc_nli,entailment,0.46950000524520874,0.6306752562522888,0.3877030909061432,0.5443953275680542,0.5956825017929077,0.8296513557434082,0.38822677731513977,0.2965969741344452,0.8326829075813293,0.853979229927063,1.1849991083145142,1.1728851795196533
doc_nli,doc_nli,entailment,0.44699999690055847,0.5479534864425659,0.3352566361427307,0.4576352536678314,0.4940696954727173,0.6694682836532593,0.4014366567134857,0.33336061239242554,0.8173934817314148,0.8334246873855591,1.1980682611465454,1.2920148372650146
doc_nli,doc_nli,entailment,0.5130000114440918,0.6321240663528442,0.4510226547718048,0.5689504742622375,0.6667680144309998,0.8681914210319519,0.33008530735969543,0.285785049200058,0.7904015183448792,0.8278266191482544,0.9549564719200134,1.0422828197479248
doc_nli,doc_nli,entailment,0.5174999833106995,0.6316671371459961,0.4587346911430359,0.5542337894439697,0.7030978798866272,0.8388949632644653,0.2889563739299774,0.2892053425312042,0.7433886528015137,0.8321308493614197,0.8030858039855957,1.101471185684204
doc_nli,doc_nli,entailment,0.4724999964237213,0.6149401068687439,0.39065083861351013,0.5364721417427063,0.591112494468689,0.8119445443153381,0.35307231545448303,0.30020517110824585,0.7812507748603821,0.8406813740730286,1.0189944505691528,1.1191986799240112
doc_nli,doc_nli,entailment,0.49149999022483826,0.661670446395874,0.4105917811393738,0.5892267823219299,0.6575940847396851,0.8840650916099548,0.316495418548584,0.25953036546707153,0.7532446384429932,0.8540005087852478,0.8768653273582458,0.9747123122215271
doc_nli,doc_nli,entailment,0.46000000834465027,0.6435209512710571,0.34164324402809143,0.5731288194656372,0.7343707084655762,0.8927229642868042,0.3338336646556854,0.28235629200935364,0.7875592112541199,0.8386774063110352,0.9086184501647949,0.9707175493240356
doc_nli,doc_nli,entailment,0.4429999887943268,0.6082628965377808,0.3085203468799591,0.5418342351913452,0.4358665347099304,0.768304169178009,0.4651356339454651,0.31688833236694336,0.897078812122345,0.8360234498977661,1.4977411031723022,1.242318868637085
doc_nli,doc_nli,entailment,0.4440000057220459,0.6145157217979431,0.3105158805847168,0.5365650057792664,0.47804710268974304,0.795917272567749,0.44433459639549255,0.3020843267440796,0.8786900639533997,0.8480732440948486,1.3576422929763794,1.2636834383010864
doc_nli,doc_nli,entailment,0.4580000042915344,0.639080822467804,0.34325000643730164,0.5747082233428955,0.5275811553001404,0.7920932173728943,0.4235658347606659,0.27819007635116577,0.8630421161651611,0.7953759431838989,1.3152223825454712,1.0740488767623901
doc_nli,doc_nli,entailment,0.4894999861717224,0.6381723284721375,0.41324520111083984,0.577034056186676,0.6237308979034424,0.8523092865943909,0.3402676284313202,0.277884840965271,0.7825098633766174,0.8280783891677856,0.9629676342010498,0.9827184677124023
doc_nli,doc_nli,entailment,0.4790000021457672,0.6493470668792725,0.41619154810905457,0.5732764601707458,0.5315125584602356,0.8569170832633972,0.3595792055130005,0.2668803632259369,0.7788148522377014,0.8167293667793274,1.042172908782959,0.963709831237793
doc_nli,doc_nli,entailment,0.44350001215934753,0.6423313021659851,0.30951887369155884,0.5746328234672546,0.5525287985801697,0.8346070647239685,0.5095906853675842,0.29194992780685425,0.9561640620231628,0.8439081311225891,2.0815958976745605,1.1122058629989624
doc_nli,doc_nli,entailment,0.5245000123977661,0.6135995388031006,0.4762568473815918,0.5541675090789795,0.6503622531890869,0.8440898656845093,0.2810825705528259,0.2939677834510803,0.7004543542861938,0.7977749109268188,0.7775338888168335,0.9906778335571289
doc_nli,doc_nli,entailment,0.4754999876022339,0.6686273813247681,0.3909970223903656,0.6132290363311768,0.5968644022941589,0.8603062629699707,0.3916603624820709,0.2725239396095276,0.8409668207168579,0.8543983697891235,1.2163735628128052,1.0657532215118408
doc_nli,doc_nli,entailment,0.45500001311302185,0.6332517266273499,0.34869691729545593,0.5611833930015564,0.5120689272880554,0.7728785872459412,0.45315060019493103,0.2955957353115082,0.8898371458053589,0.8567126393318176,1.535192847251892,1.2548563480377197
doc_nli,doc_nli,entailment,0.45350000262260437,0.6237232685089111,0.33474844694137573,0.5630224943161011,0.5462995171546936,0.7847907543182373,0.4540847837924957,0.322151243686676,0.8985235095024109,0.8487676382064819,1.5364092588424683,1.236737847328186
doc_nli,doc_nli,entailment,0.5609999895095825,0.5998652577400208,0.5490178465843201,0.5297297835350037,0.639359712600708,0.7735725045204163,0.29631587862968445,0.33212438225746155,0.7550961971282959,0.8505301475524902,0.8663162589073181,1.353464961051941
doc_nli,doc_nli,entailment,0.47749999165534973,0.6554206013679504,0.37528377771377563,0.5912520289421082,0.7160511612892151,0.8858434557914734,0.3053811192512512,0.27419331669807434,0.7470463514328003,0.822825014591217,0.8316289186477661,0.9507163763046265
doc_nli,doc_nli,entailment,0.47450000047683716,0.6236470341682434,0.3999386131763458,0.5634942650794983,0.5698118805885315,0.7935553193092346,0.36975565552711487,0.2942369878292084,0.8024340867996216,0.8004158735275269,1.1084916591644287,1.0796486139297485
vitaminc,vitaminc,entailment,0.6399999856948853,0.5379015207290649,0.5439106225967407,0.44334542751312256,0.8334509134292603,0.8187963366508484,0.22390855848789215,0.26516324281692505,0.5645443797111511,0.5387764573097229,0.6400778889656067,0.651283860206604
vitaminc,vitaminc,entailment,0.6175000071525574,0.5857151746749878,0.4950120151042938,0.5077193379402161,0.818898618221283,0.7712703943252563,0.22861580550670624,0.2531682252883911,0.5599664449691772,0.5320560336112976,0.6498109102249146,0.6315041780471802
vitaminc,vitaminc,entailment,0.5680000185966492,0.5706354379653931,0.38355371356010437,0.509527325630188,0.7771508693695068,0.7379425764083862,0.23616276681423187,0.29833248257637024,0.5732511281967163,0.541681706905365,0.6650311350822449,0.6882642507553101
vitaminc,vitaminc,entailment,0.5709999799728394,0.5915059447288513,0.3906804025173187,0.5218609571456909,0.8091630935668945,0.7761008143424988,0.23142607510089874,0.2676515579223633,0.602094292640686,0.5559720993041992,0.6547291874885559,0.6520695686340332
vitaminc,vitaminc,entailment,0.5584999918937683,0.5831364393234253,0.35939639806747437,0.5201780200004578,0.833815336227417,0.7436027526855469,0.23450547456741333,0.28606149554252625,0.6256217360496521,0.5200971364974976,0.6605032086372375,0.6236531138420105
vitaminc,vitaminc,entailment,0.5580000281333923,0.6121528148651123,0.35815146565437317,0.5423076152801514,0.8500081896781921,0.7953220009803772,0.24226048588752747,0.25527116656303406,0.6870028376579285,0.5398669242858887,0.6749537587165833,0.6149312853813171
vitaminc,vitaminc,entailment,0.5695000290870667,0.5715078115463257,0.3871273100376129,0.5164690017700195,0.8152327537536621,0.7474015951156616,0.2257411628961563,0.3070717453956604,0.6173722147941589,0.5420989394187927,0.6421197056770325,0.6560314893722534
vitaminc,vitaminc,entailment,0.7574999928474426,0.5988529920578003,0.7404217720031738,0.5248133540153503,0.8486960530281067,0.7946130037307739,0.2271544188261032,0.24356475472450256,0.5354523062705994,0.5515052676200867,0.6471982598304749,0.641218364238739
vitaminc,vitaminc,entailment,0.7360000014305115,0.5976628661155701,0.7106481194496155,0.5487368106842041,0.8373194932937622,0.756305456161499,0.22803854942321777,0.2735852003097534,0.5368815660476685,0.53444504737854,0.648961067199707,0.6305073499679565
vitaminc,vitaminc,entailment,0.5640000104904175,0.6089476943016052,0.3729289472103119,0.5491243600845337,0.8539730906486511,0.8043240904808044,0.22861717641353607,0.24315381050109863,0.6047707200050354,0.5513597130775452,0.6487501859664917,0.6157032251358032
vitaminc,vitaminc,entailment,0.5580000281333923,0.5738983750343323,0.35815146565437317,0.496871680021286,0.550091028213501,0.7328759431838989,0.24590836465358734,0.27445510029792786,0.58255535364151,0.4826732277870178,0.6849283576011658,0.6387743949890137
vitaminc,vitaminc,entailment,0.5580000281333923,0.5855735540390015,0.35815146565437317,0.5175275802612305,0.8270016312599182,0.7628445625305176,0.2518157660961151,0.27601322531700134,0.7279190421104431,0.5442016124725342,0.6948781609535217,0.648926317691803
vitaminc,vitaminc,entailment,0.5705000162124634,0.59617680311203,0.3885509669780731,0.5203785300254822,0.8112430572509766,0.7800379991531372,0.2330590784549713,0.24258588254451752,0.5755189061164856,0.5035206079483032,0.6586631536483765,0.6392030715942383
vitaminc,vitaminc,entailment,0.6330000162124634,0.5912222862243652,0.5317533612251282,0.5155860781669617,0.8140108585357666,0.7860897779464722,0.22866298258304596,0.24187566339969635,0.5539712309837341,0.5358363389968872,0.6499782800674438,0.6293026804924011
vitaminc,vitaminc,entailment,0.5644999742507935,0.6174298524856567,0.37414470314979553,0.5524872541427612,0.8286269903182983,0.7947432994842529,0.22858817875385284,0.25844523310661316,0.650164783000946,0.5503891706466675,0.6466395854949951,0.6140742301940918
vitaminc,vitaminc,entailment,0.5580000281333923,0.5440964698791504,0.35815146565437317,0.4643782079219818,0.5256643295288086,0.6773156523704529,0.2514550983905792,0.28346601128578186,0.6295616030693054,0.5018733739852905,0.6966111660003662,0.7176479697227478
vitaminc,vitaminc,entailment,0.5580000281333923,0.5743460059165955,0.35815146565437317,0.49607884883880615,0.7610861659049988,0.757248044013977,0.24301756918430328,0.27013295888900757,0.6329373121261597,0.49958691000938416,0.6784505248069763,0.6550440788269043
vitaminc,vitaminc,entailment,0.5580000281333923,0.5488973259925842,0.35815146565437317,0.46853864192962646,0.7343985438346863,0.7283020615577698,0.25828301906585693,0.2604987919330597,0.6933024525642395,0.48648810386657715,0.7113721966743469,0.6423208117485046
vitaminc,vitaminc,entailment,0.5580000281333923,0.5811282396316528,0.35815146565437317,0.4903373420238495,0.6687648892402649,0.7757869362831116,0.24316203594207764,0.25047942996025085,0.6102859973907471,0.4679472744464874,0.6791069507598877,0.6392611265182495
vitaminc,vitaminc,entailment,0.6065000295639038,0.6084437370300293,0.46926724910736084,0.5445168018341064,0.8670814633369446,0.776190996170044,0.2283073514699936,0.2541317045688629,0.5624336004257202,0.5423458814620972,0.6492179036140442,0.6610692739486694
vitaminc,vitaminc,entailment,0.5575000047683716,0.5687512159347534,0.35898154973983765,0.49375608563423157,0.6350051164627075,0.7190306186676025,0.24381978809833527,0.2625887989997864,0.5518425703048706,0.48642289638519287,0.6807101368904114,0.6679996848106384
vitaminc,vitaminc,entailment,0.5580000281333923,0.5597023367881775,0.35815146565437317,0.471957266330719,0.6508929133415222,0.7413984537124634,0.24527963995933533,0.24283885955810547,0.6042625904083252,0.47493264079093933,0.6835381984710693,0.6467515230178833
vitaminc,vitaminc,entailment,0.671999990940094,0.6039354801177979,0.6109983325004578,0.5376052856445312,0.7793509364128113,0.7452417612075806,0.2355228066444397,0.2504919767379761,0.5323606729507446,0.5172077417373657,0.6640381217002869,0.6388081312179565
vitaminc,vitaminc,entailment,0.44200000166893005,0.5785871744155884,0.30727890133857727,0.5028217434883118,0.5586324334144592,0.7603214979171753,0.2576620578765869,0.2415226250886917,0.5525601506233215,0.5253960490226746,0.7085490822792053,0.6834830045700073
vitaminc,vitaminc,entailment,0.5580000281333923,0.5940631628036499,0.35815146565437317,0.5315144658088684,0.6525010466575623,0.7276922464370728,0.24433021247386932,0.2615005671977997,0.5407199263572693,0.5061339139938354,0.6817594766616821,0.6437443494796753
vitaminc,vitaminc,entailment,0.49549999833106995,0.6015616655349731,0.4172196388244629,0.5406833291053772,0.8035277724266052,0.784810483455658,0.24184159934520721,0.25010034441947937,0.5460461974143982,0.5587902069091797,0.6765670776367188,0.677066445350647
vitaminc,vitaminc,entailment,0.5805000066757202,0.5868782997131348,0.42543670535087585,0.5044146776199341,0.6301715970039368,0.7587804794311523,0.24321186542510986,0.25395655632019043,0.5358843207359314,0.4712507724761963,0.6795231103897095,0.6656094193458557
vitaminc,vitaminc,entailment,0.44200000166893005,0.5757107734680176,0.3065187335014343,0.49995994567871094,0.7645533084869385,0.7548880577087402,0.25662851333618164,0.26051682233810425,0.5782933831214905,0.537601888179779,0.7062937617301941,0.6660089492797852
vitaminc,vitaminc,entailment,0.44200000166893005,0.5501928925514221,0.3065187335014343,0.47604912519454956,0.6474161148071289,0.7026146650314331,0.2660982310771942,0.2761716842651367,0.5921189188957214,0.4994845986366272,0.7256879210472107,0.7078616619110107
vitaminc,vitaminc,entailment,0.7195000052452087,0.5734509825706482,0.6797008514404297,0.4986194372177124,0.870485782623291,0.7622965574264526,0.21999375522136688,0.2608468234539032,0.5529595613479614,0.6003606915473938,0.6323421001434326,0.7087202072143555
vitaminc,vitaminc,entailment,0.5625,0.5920156836509705,0.3702714145183563,0.509678304195404,0.7252996563911438,0.7765768766403198,0.23911485075950623,0.23667864501476288,0.5565477609634399,0.4938860535621643,0.6711620092391968,0.6233776807785034
vitaminc,vitaminc,entailment,0.6915000081062317,0.5754157900810242,0.6831327080726624,0.4933234453201294,0.8965818881988525,0.7753040194511414,0.2411031872034073,0.27115005254745483,0.5132836103439331,0.5245072245597839,0.6753315925598145,0.6558176279067993
vitaminc,vitaminc,entailment,0.5625,0.5809288024902344,0.3692673146724701,0.5019083619117737,0.7436617016792297,0.7584459781646729,0.2401052862405777,0.2603297829627991,0.5534284114837646,0.5172556042671204,0.6732026934623718,0.6722530722618103
vitaminc,vitaminc,entailment,0.5565000176429749,0.5349492430686951,0.35753291845321655,0.45322170853614807,0.5099453330039978,0.688557505607605,0.24827603995800018,0.27862900495529175,0.5888125896453857,0.4843839704990387,0.6898553371429443,0.6902300715446472
vitaminc,vitaminc,entailment,0.44200000166893005,0.5833407640457153,0.3065187335014343,0.5191315412521362,0.892339289188385,0.7780939340591431,0.25455424189567566,0.2650090157985687,0.5798711776733398,0.5464900732040405,0.701984167098999,0.6853418946266174
vitaminc,vitaminc,entailment,0.5580000281333923,0.5797152519226074,0.35815146565437317,0.4921051263809204,0.5359852313995361,0.743351936340332,0.2461632639169693,0.23846708238124847,0.5605388283729553,0.45998698472976685,0.6854460835456848,0.6349426507949829
vitaminc,vitaminc,entailment,0.5580000281333923,0.6169301867485046,0.35815146565437317,0.538476288318634,0.8077511191368103,0.7943779230117798,0.2407432645559311,0.22863826155662537,0.5934669971466064,0.4877060353755951,0.6741905212402344,0.6100035905838013
vitaminc,vitaminc,entailment,0.44200000166893005,0.5556678175926208,0.30727890133857727,0.4717707633972168,0.6143998503684998,0.7129321098327637,0.2549786865711212,0.2759707272052765,0.5421684384346008,0.5312300324440002,0.7031192779541016,0.7242075204849243
vitaminc,vitaminc,entailment,0.5910000205039978,0.5703094005584717,0.5872751474380493,0.4937840700149536,0.6306191086769104,0.7386050820350647,0.24607543647289276,0.2694847881793976,0.5139793753623962,0.5338488817214966,0.6852916479110718,0.6954759359359741
vitaminc,vitaminc,entailment,0.5605000257492065,0.5668935179710388,0.3653702139854431,0.49273091554641724,0.5437101721763611,0.7136768698692322,0.2460709810256958,0.2726951241493225,0.5399213433265686,0.5109699368476868,0.6852725148200989,0.682292103767395
vitaminc,vitaminc,entailment,0.5580000281333923,0.5964758992195129,0.35815146565437317,0.5237507820129395,0.7022712826728821,0.7815494537353516,0.24146807193756104,0.2516724169254303,0.6071484088897705,0.4805009067058563,0.6756002306938171,0.6117953062057495
vitaminc,vitaminc,entailment,0.5580000281333923,0.6285300850868225,0.35815146565437317,0.5713997483253479,0.8291505575180054,0.7899395227432251,0.23757342994213104,0.22005778551101685,0.6452119946479797,0.5182675123214722,0.6663053631782532,0.6015055775642395
vitaminc,vitaminc,entailment,0.5580000281333923,0.5794655680656433,0.35815146565437317,0.5166328549385071,0.8606427907943726,0.7549120783805847,0.2347378134727478,0.2669374942779541,0.6435328125953674,0.5216851830482483,0.6603525280952454,0.6118141412734985
vitaminc,vitaminc,entailment,0.7200000286102295,0.5896031260490417,0.69636470079422,0.5084499716758728,0.795289933681488,0.7905666828155518,0.23018762469291687,0.2358992099761963,0.5369997024536133,0.5561291575431824,0.6533006429672241,0.6419616341590881
vitaminc,vitaminc,entailment,0.5580000281333923,0.5882784128189087,0.35815146565437317,0.5286464095115662,0.6096251010894775,0.7522274851799011,0.2596106231212616,0.2619858980178833,0.6908883452415466,0.5191051363945007,0.7148404717445374,0.6353915333747864
vitaminc,vitaminc,entailment,0.5580000281333923,0.5939261317253113,0.35815146565437317,0.51484614610672,0.8202680349349976,0.7910609245300293,0.23870784044265747,0.26898178458213806,0.6831293106079102,0.5625646710395813,0.6671103239059448,0.657467246055603
vitaminc,vitaminc,entailment,0.6685000061988831,0.5597135424613953,0.6573359370231628,0.4830106496810913,0.7119155526161194,0.7542545795440674,0.24112731218338013,0.27456289529800415,0.5200395584106445,0.520682692527771,0.6753644943237305,0.6804466843605042
vitaminc,vitaminc,entailment,0.612500011920929,0.61249840259552,0.559973955154419,0.5360299944877625,0.6597729325294495,0.7661920785903931,0.23770689964294434,0.24396216869354248,0.5440047383308411,0.5735340118408203,0.668361485004425,0.6772361397743225
vitaminc,vitaminc,entailment,0.5820000171661377,0.5903165340423584,0.416128545999527,0.5122171640396118,0.8251608610153198,0.7865561246871948,0.2305404096841812,0.24687281250953674,0.5702872276306152,0.4956616759300232,0.6535569429397583,0.6263035535812378
vitaminc,vitaminc,entailment,0.6115000247955322,0.5994665622711182,0.48026320338249207,0.5152051448822021,0.8099496960639954,0.8035016655921936,0.22928398847579956,0.23221944272518158,0.5617550015449524,0.5598753094673157,0.6511510014533997,0.6268900632858276
vitaminc,vitaminc,entailment,0.7310000061988831,0.6148384809494019,0.6944168210029602,0.5625308752059937,0.8566926717758179,0.7939461469650269,0.2222525030374527,0.23860898613929749,0.5484907031059265,0.550503671169281,0.6370878219604492,0.6331006288528442
vitaminc,vitaminc,entailment,0.559499979019165,0.5887265205383301,0.4454500079154968,0.5339281558990479,0.5912214517593384,0.7420056462287903,0.244440495967865,0.2719757854938507,0.5340335369110107,0.5377132892608643,0.6819819808006287,0.6825048923492432
vitaminc,vitaminc,entailment,0.5669999718666077,0.5916552543640137,0.3801880478858948,0.5268176794052124,0.7706955075263977,0.7680274844169617,0.23141726851463318,0.23371392488479614,0.6263258457183838,0.5740742087364197,0.6539844274520874,0.6777622699737549
vitaminc,vitaminc,entailment,0.5580000281333923,0.6047635078430176,0.35815146565437317,0.5241743922233582,0.7489964962005615,0.7897382974624634,0.24142992496490479,0.22999799251556396,0.5795504450798035,0.47617191076278687,0.6757206320762634,0.6094518899917603
vitaminc,vitaminc,entailment,0.565500020980835,0.5966219902038574,0.37656912207603455,0.5206098556518555,0.8474518060684204,0.779478907585144,0.23409147560596466,0.24749010801315308,0.5679295063018799,0.5004265308380127,0.6608597636222839,0.6405704021453857
vitaminc,vitaminc,entailment,0.7160000205039978,0.5897738337516785,0.6680691838264465,0.5211279988288879,0.9218970537185669,0.748834490776062,0.1991952657699585,0.27773281931877136,0.5866649150848389,0.5695867538452148,0.5878608226776123,0.7049473524093628
vitaminc,vitaminc,entailment,0.6704999804496765,0.646392822265625,0.5929424166679382,0.5953742265701294,0.9017732739448547,0.8106743693351746,0.22331136465072632,0.20760251581668854,0.5518636107444763,0.542427122592926,0.6392033696174622,0.5802260637283325
vitaminc,vitaminc,entailment,0.7649999856948853,0.6076361536979675,0.764286994934082,0.549952507019043,0.9076640009880066,0.7929889559745789,0.21323177218437195,0.25581443309783936,0.5539636015892029,0.5584170818328857,0.6185966730117798,0.6474169492721558
vitaminc,vitaminc,entailment,0.7710000276565552,0.6095431447029114,0.7591289281845093,0.5585747957229614,0.8513340353965759,0.7894175052642822,0.22097764909267426,0.2369285225868225,0.5442728400230408,0.544555127620697,0.6345683336257935,0.6429258584976196
vitaminc,vitaminc,entailment,0.5584999918937683,0.5934152603149414,0.35939639806747437,0.53350430727005,0.8281278014183044,0.7635306119918823,0.23385292291641235,0.25830069184303284,0.6560707688331604,0.5346837639808655,0.657608687877655,0.6406537890434265
vitaminc,vitaminc,entailment,0.7120000123977661,0.5809194445610046,0.7009767889976501,0.5076847672462463,0.7820010781288147,0.7550574541091919,0.23366373777389526,0.2321494221687317,0.5291190147399902,0.5211200714111328,0.660338282585144,0.677685022354126
vitaminc,vitaminc,entailment,0.6215000152587891,0.619371771812439,0.4996415972709656,0.5405430197715759,0.8735601305961609,0.8123200535774231,0.23422645032405853,0.22103199362754822,0.5374597907066345,0.5480014681816101,0.6614344716072083,0.6422134637832642
vitaminc,vitaminc,entailment,0.5580000281333923,0.5831788778305054,0.35815146565437317,0.5042247772216797,0.7381490468978882,0.7341745495796204,0.24314020574092865,0.26012930274009705,0.5665268301963806,0.4735616147518158,0.6792880296707153,0.6650302410125732
vitaminc,vitaminc,entailment,0.5580000281333923,0.5614480376243591,0.35815146565437317,0.4790564477443695,0.5976940989494324,0.7109349966049194,0.2450159639120102,0.2484031766653061,0.566361129283905,0.45008447766304016,0.6831082105636597,0.6670615077018738
vitaminc,vitaminc,entailment,0.621999979019165,0.5675273537635803,0.5171451568603516,0.47872012853622437,0.7724921703338623,0.7173229455947876,0.24154049158096313,0.2765312194824219,0.5216579437255859,0.5276000499725342,0.6761925220489502,0.7298452258110046
vitaminc,vitaminc,entailment,0.4424999952316284,0.5684376358985901,0.3082781136035919,0.4755778908729553,0.6378276348114014,0.7502825260162354,0.2563447952270508,0.24882826209068298,0.5568210482597351,0.4994092881679535,0.7058561444282532,0.6710000038146973
vitaminc,vitaminc,entailment,0.5335000157356262,0.5602020621299744,0.5334998965263367,0.4947156310081482,0.5633469223976135,0.7162119150161743,0.24835947155952454,0.282532662153244,0.5122363567352295,0.48232388496398926,0.68986576795578,0.6829869151115417
vitaminc,vitaminc,entailment,0.5575000047683716,0.5618522763252258,0.35794541239738464,0.49407052993774414,0.6343047022819519,0.7241237163543701,0.2437063306570053,0.2692413628101349,0.5752989649772644,0.4863579273223877,0.6804149746894836,0.6686042547225952
vitaminc,vitaminc,entailment,0.5580000281333923,0.5845373272895813,0.35815146565437317,0.521547794342041,0.7911988496780396,0.7427770495414734,0.23966965079307556,0.26825183629989624,0.5666599273681641,0.49902647733688354,0.6722130179405212,0.6516045331954956
vitaminc,vitaminc,entailment,0.7549999952316284,0.6054019927978516,0.7503136396408081,0.5423069000244141,0.8336602449417114,0.7508559823036194,0.22583147883415222,0.23762795329093933,0.5372738242149353,0.5263730883598328,0.6444875001907349,0.6909853219985962
vitaminc,vitaminc,entailment,0.5580000281333923,0.5862119793891907,0.35815146565437317,0.5081250667572021,0.7410277724266052,0.7304573059082031,0.24151292443275452,0.2603241503238678,0.5831536650657654,0.5008877515792847,0.6758764982223511,0.6607487201690674
vitaminc,vitaminc,entailment,0.5814999938011169,0.5677655935287476,0.5558078289031982,0.48735252022743225,0.5715984106063843,0.7474097609519958,0.2460835725069046,0.24311009049415588,0.5228303074836731,0.4991527199745178,0.68529212474823,0.6689383387565613
vitaminc,vitaminc,entailment,0.5580000281333923,0.6099269390106201,0.35815146565437317,0.5478432178497314,0.8205163478851318,0.7746626734733582,0.23417535424232483,0.25845545530319214,0.6080643534660339,0.5210458636283875,0.6602806448936462,0.6493746638298035
vitaminc,vitaminc,entailment,0.7854999899864197,0.6296952962875366,0.7854548692703247,0.5822726488113403,0.9010834693908691,0.7941065430641174,0.21998330950737,0.24432826042175293,0.5411798357963562,0.5470960140228271,0.6325953006744385,0.6275511980056763
vitaminc,vitaminc,entailment,0.5600000023841858,0.5499830842018127,0.3641388714313507,0.4791012108325958,0.5826917290687561,0.7082237005233765,0.24406187236309052,0.2722685635089874,0.5663546919822693,0.4807358980178833,0.6811778545379639,0.6652799844741821
vitaminc,vitaminc,entailment,0.5580000281333923,0.5488176941871643,0.35815146565437317,0.4743609130382538,0.6898719072341919,0.7106892466545105,0.25116026401519775,0.2805672287940979,0.6533504128456116,0.48827219009399414,0.6958014369010925,0.6569118499755859
vitaminc,vitaminc,entailment,0.5580000281333923,0.5868905782699585,0.35815146565437317,0.5112085938453674,0.7851961255073547,0.7636317014694214,0.2444913536310196,0.26565390825271606,0.620158314704895,0.5267367959022522,0.6817319393157959,0.660118818283081
vitaminc,vitaminc,entailment,0.5580000281333923,0.6044727563858032,0.35815146565437317,0.5372318029403687,0.7322846055030823,0.7751695513725281,0.23864193260669708,0.23921053111553192,0.5841367840766907,0.49448081851005554,0.6699613332748413,0.6197909116744995
vitaminc,vitaminc,entailment,0.6234999895095825,0.6478367447853088,0.5035783052444458,0.5933682322502136,0.9002285003662109,0.8281694054603577,0.2222214788198471,0.2182590365409851,0.5627977252006531,0.5289779901504517,0.6366578936576843,0.6112374067306519
vitaminc,vitaminc,entailment,0.5580000281333923,0.6085872650146484,0.35815146565437317,0.5267546772956848,0.7225724458694458,0.7758380770683289,0.2717682719230652,0.24562665820121765,0.7320558428764343,0.482669472694397,0.7431764602661133,0.605479896068573
vitaminc,vitaminc,entailment,0.8090000152587891,0.6298909783363342,0.8033158183097839,0.5878598093986511,0.8917027711868286,0.7895451784133911,0.19005736708641052,0.2249661684036255,0.5894312262535095,0.5783529281616211,0.5690320730209351,0.65840083360672
vitaminc,vitaminc,entailment,0.8144999742507935,0.5926532745361328,0.8093407154083252,0.5279029607772827,0.9049631953239441,0.7630905508995056,0.18038621544837952,0.25622159242630005,0.6037939190864563,0.5615882277488708,0.5462976694107056,0.6805261373519897
vitaminc,vitaminc,entailment,0.6959999799728394,0.6407914757728577,0.6327504515647888,0.5951344966888428,0.9311596751213074,0.8098681569099426,0.1758340448141098,0.23325029015541077,0.6861273646354675,0.5834234356880188,0.5234145522117615,0.6210968494415283
vitaminc,vitaminc,entailment,0.5669999718666077,0.6318162679672241,0.5186273455619812,0.5869926810264587,0.9158795475959778,0.7666838765144348,0.2316749542951584,0.2676701545715332,0.6932100653648376,0.6814847588539124,0.6491369009017944,0.7537608742713928
vitaminc,vitaminc,entailment,0.6759999990463257,0.6238307356834412,0.6008102297782898,0.5678432583808899,0.9245238900184631,0.7978612780570984,0.1875934600830078,0.24412018060684204,0.6384080052375793,0.6259597539901733,0.5573854446411133,0.6868584156036377
vitaminc,vitaminc,entailment,0.5580000281333923,0.5803847312927246,0.35815146565437317,0.5097927451133728,0.6678151488304138,0.7565258741378784,0.2444065362215042,0.24406671524047852,0.6117371320724487,0.48581451177597046,0.6816467642784119,0.6199346780776978
vitaminc,vitaminc,entailment,0.6855000257492065,0.6277879476547241,0.615971565246582,0.5632408261299133,0.9422109127044678,0.8036505579948425,0.19040709733963013,0.23186278343200684,0.6193109750747681,0.548137903213501,0.5669092535972595,0.5854690670967102
vitaminc,vitaminc,entailment,0.4465000033378601,0.5925585031509399,0.3162173628807068,0.5327054858207703,0.7778162956237793,0.7587965130805969,0.2527928352355957,0.25746047496795654,0.5779600739479065,0.5014963150024414,0.6984419822692871,0.6808657646179199
vitaminc,vitaminc,entailment,0.6579999923706055,0.6158514022827148,0.5973894000053406,0.5741963386535645,0.758765459060669,0.7548736929893494,0.2171587347984314,0.22512386739253998,0.5878699421882629,0.5626706480979919,0.6244887113571167,0.6203259825706482
vitaminc,vitaminc,entailment,0.6549999713897705,0.6291778683662415,0.5740236043930054,0.5781611204147339,0.8443186283111572,0.8050316572189331,0.19934186339378357,0.22697500884532928,0.6463009119033813,0.5874919891357422,0.5815690159797668,0.6544879674911499
vitaminc,vitaminc,entailment,0.8180000185966492,0.642975389957428,0.8174067735671997,0.6041340827941895,0.9006577730178833,0.7985925674438477,0.16687193512916565,0.24120444059371948,0.6341652274131775,0.6255851984024048,0.5161225199699402,0.6502044796943665
vitaminc,vitaminc,entailment,0.7979999780654907,0.6301174759864807,0.7973415851593018,0.5910857319831848,0.8890150785446167,0.791653037071228,0.18188276886940002,0.23603041470050812,0.6062024235725403,0.576138436794281,0.5508726239204407,0.6705503463745117
vitaminc,vitaminc,entailment,0.7595000267028809,0.613533079624176,0.7356270551681519,0.5616570115089417,0.9049317836761475,0.770739734172821,0.18311169743537903,0.26140159368515015,0.6154055595397949,0.6021976470947266,0.5520214438438416,0.7000474333763123
vitaminc,vitaminc,entailment,0.7919999957084656,0.6131706237792969,0.7831517457962036,0.5687913298606873,0.8891235589981079,0.7787621021270752,0.19900907576084137,0.24265281856060028,0.5756260752677917,0.57606440782547,0.5880025625228882,0.6691125631332397
vitaminc,vitaminc,entailment,0.7369999885559082,0.6924474835395813,0.7033045887947083,0.6562084555625916,0.9130403995513916,0.8464996218681335,0.171393021941185,0.2086428850889206,0.6635956168174744,0.6554383039474487,0.5183393955230713,0.6402410268783569
vitaminc,vitaminc,entailment,0.5609999895095825,0.6092109680175781,0.36558401584625244,0.565965473651886,0.8251487016677856,0.7238030433654785,0.22946907579898834,0.2626646161079407,0.6129438281059265,0.5474944114685059,0.64998459815979,0.7068966627120972
vitaminc,vitaminc,entailment,0.7634999752044678,0.611112117767334,0.7610869407653809,0.571867823600769,0.9232162833213806,0.715239942073822,0.19436313211917877,0.2764657437801361,0.5951679348945618,0.6378630995750427,0.5783058404922485,0.7989777326583862
vitaminc,vitaminc,entailment,0.7455000281333923,0.6056007742881775,0.7107750177383423,0.564781129360199,0.9392698407173157,0.7321397066116333,0.17389245331287384,0.26392117142677307,0.6352633237838745,0.5748270750045776,0.5288960933685303,0.6648637652397156
vitaminc,vitaminc,entailment,0.7024999856948853,0.6096286773681641,0.6934847235679626,0.5537886023521423,0.9236181974411011,0.781965434551239,0.19168581068515778,0.2745254635810852,0.6399093270301819,0.6448110342025757,0.5688163638114929,0.7926371097564697
vitaminc,vitaminc,entailment,0.8424999713897705,0.6177943348884583,0.8351247310638428,0.5712704062461853,0.9396625757217407,0.7757709622383118,0.15045729279518127,0.27074965834617615,0.6570209264755249,0.6671668291091919,0.4783715009689331,0.7398675680160522
vitaminc,vitaminc,entailment,0.5630000233650208,0.6358880400657654,0.37049025297164917,0.573734700679779,0.8065925240516663,0.7855002284049988,0.24149702489376068,0.22849248349666595,0.534340500831604,0.4932822585105896,0.6760778427124023,0.6157077550888062
vitaminc,vitaminc,entailment,0.7615000009536743,0.5842533707618713,0.7408154606819153,0.5401961803436279,0.8887277245521545,0.7203611135482788,0.2305544912815094,0.28632909059524536,0.5279110074043274,0.5155855417251587,0.6541061997413635,0.7064502835273743
vitaminc,vitaminc,entailment,0.44200000166893005,0.5850810408592224,0.3065187335014343,0.4987497627735138,0.9073203802108765,0.7800477147102356,0.2527652680873871,0.24773235619068146,0.5672838091850281,0.5451067686080933,0.6985065937042236,0.672033965587616
vitaminc,vitaminc,entailment,0.7059999704360962,0.6311784982681274,0.7029090523719788,0.5656249523162842,0.7670362591743469,0.7691560983657837,0.24293115735054016,0.22941291332244873,0.5126470327377319,0.510417640209198,0.6789973974227905,0.6568214893341064
vitaminc,vitaminc,entailment,0.7440000176429749,0.5979915857315063,0.7423092722892761,0.5594360828399658,0.8157137632369995,0.7385578751564026,0.23990769684314728,0.26853203773498535,0.5153151750564575,0.5054853558540344,0.6729311347007751,0.6668262481689453
vitaminc,vitaminc,entailment,0.44200000166893005,0.573700487613678,0.30727890133857727,0.49360594153404236,0.6279339790344238,0.7140536308288574,0.255043089389801,0.2734321057796478,0.5475851893424988,0.5383318066596985,0.7032442092895508,0.7256579995155334
vitaminc,vitaminc,entailment,0.8264999985694885,0.6208958029747009,0.8264468312263489,0.5561381578445435,0.9247007966041565,0.7757217884063721,0.2355021834373474,0.2386327087879181,0.5176056027412415,0.5619180202484131,0.664113461971283,0.6900805830955505
vitaminc,vitaminc,entailment,0.7289999723434448,0.5813885927200317,0.7228469252586365,0.4978981614112854,0.7913387417793274,0.7523717284202576,0.24284310638904572,0.2470094859600067,0.5117993950843811,0.5051215291023254,0.6788231730461121,0.6774443984031677
vitaminc,vitaminc,entailment,0.6395000219345093,0.6096606254577637,0.5502350330352783,0.537395179271698,0.7928814888000488,0.7816776633262634,0.24183820188045502,0.2403058409690857,0.5189058184623718,0.47406068444252014,0.6767963171005249,0.6292057037353516
vitaminc,vitaminc,entailment,0.5580000281333923,0.5859085321426392,0.35815146565437317,0.5102912187576294,0.7658168077468872,0.7336181402206421,0.24204683303833008,0.2724256217479706,0.5726351737976074,0.4909321069717407,0.677026093006134,0.6783294677734375
vitaminc,vitaminc,entailment,0.8215000033378601,0.6570087671279907,0.8151388764381409,0.6271993517875671,0.9080654382705688,0.8014516234397888,0.14708031713962555,0.25284266471862793,0.6876916289329529,0.7205392718315125,0.4658331573009491,0.7610139846801758
vitaminc,vitaminc,entailment,0.8059999942779541,0.6079974174499512,0.80344557762146,0.5673218369483948,0.8866907954216003,0.7741039395332336,0.20648588240146637,0.24325330555438995,0.5607762932777405,0.5615713000297546,0.6043932437896729,0.6755409240722656
vitaminc,vitaminc,entailment,0.7294999957084656,0.6884281039237976,0.7091522216796875,0.652153730392456,0.8408834338188171,0.8376668095588684,0.19374704360961914,0.209309384226799,0.608905017375946,0.6312406063079834,0.5731970071792603,0.6045278310775757
vitaminc,vitaminc,entailment,0.6930000185966492,0.6027655005455017,0.6833010911941528,0.5517895221710205,0.8900414109230042,0.7628851532936096,0.20992644131183624,0.24708415567874908,0.5872085094451904,0.5893377661705017,0.6104828715324402,0.6977247595787048
vitaminc,vitaminc,entailment,0.8514999747276306,0.6477245688438416,0.8492376208305359,0.6012157797813416,0.9245360493659973,0.791239321231842,0.1396740972995758,0.2492176741361618,0.6825587749481201,0.7256055474281311,0.4520304799079895,0.8072867393493652
vitaminc,vitaminc,entailment,0.7570000290870667,0.6583850979804993,0.7569589018821716,0.6259414553642273,0.8591512441635132,0.8159463405609131,0.19295023381710052,0.26041942834854126,0.6069797277450562,0.7164760828018188,0.5744916796684265,0.7476797699928284
vitaminc,vitaminc,entailment,0.7879999876022339,0.6434482932090759,0.7781217694282532,0.6001399159431458,0.871328592300415,0.7597303986549377,0.19044847786426544,0.2673328220844269,0.597451388835907,0.671101987361908,0.5692443251609802,0.7662902474403381
vitaminc,vitaminc,entailment,0.652999997138977,0.6117066144943237,0.6091352105140686,0.5617035031318665,0.7619599103927612,0.7780128717422485,0.20872637629508972,0.26493725180625916,0.6331260800361633,0.609794557094574,0.6027997136116028,0.7123583555221558
vitaminc,vitaminc,entailment,0.7444999814033508,0.6528541445732117,0.7207735180854797,0.6104061007499695,0.8700336813926697,0.815649688243866,0.1985999196767807,0.2258899062871933,0.5877393484115601,0.6225573420524597,0.5855976939201355,0.6807528734207153
vitaminc,vitaminc,entailment,0.6330000162124634,0.6508261561393738,0.54288649559021,0.6091518998146057,0.7782881259918213,0.7831680178642273,0.215792715549469,0.24874353408813477,0.6881528496742249,0.6529348492622375,0.6169621348381042,0.7563619613647461
vitaminc,vitaminc,entailment,0.734499990940094,0.6286139488220215,0.7306536436080933,0.5957567095756531,0.9044639468193054,0.790557324886322,0.18366044759750366,0.27423107624053955,0.6403504014015198,0.6612772941589355,0.5514478087425232,0.7996768355369568
vitaminc,vitaminc,entailment,0.6725000143051147,0.6480145454406738,0.6609589457511902,0.6098006367683411,0.8684772253036499,0.7259445190429688,0.20055007934570312,0.2798806428909302,0.7021089196205139,0.7621546387672424,0.5838548541069031,0.9853977560997009
vitaminc,vitaminc,entailment,0.8009999990463257,0.6591165661811829,0.8009759187698364,0.6446622610092163,0.8974136114120483,0.7852936387062073,0.14477096498012543,0.2756164073944092,0.7248794436454773,0.761737585067749,0.45406442880630493,0.8732166886329651
vitaminc,vitaminc,entailment,0.7985000014305115,0.6646657586097717,0.7925395965576172,0.6300869584083557,0.8849585056304932,0.8059605956077576,0.14501969516277313,0.2589038908481598,0.7331963181495667,0.7368525266647339,0.4536508321762085,0.734774649143219
vitaminc,vitaminc,entailment,0.4494999945163727,0.6002004146575928,0.3242660462856293,0.5476710796356201,0.5989915132522583,0.6765044927597046,0.4306700527667999,0.29758012294769287,0.8814339637756348,0.7496045231819153,1.3302799463272095,1.0165197849273682
vitaminc,vitaminc,entailment,0.8345000147819519,0.6589545011520386,0.8294243216514587,0.6329934597015381,0.9167817234992981,0.8081203103065491,0.15589477121829987,0.24044492840766907,0.6525205373764038,0.6180772185325623,0.4899410903453827,0.6795452833175659
vitaminc,vitaminc,entailment,0.7799999713897705,0.6473608613014221,0.762283205986023,0.6202603578567505,0.8961130976676941,0.8109502196311951,0.1548110842704773,0.24654144048690796,0.7115625739097595,0.7179228663444519,0.4760667085647583,0.7864549160003662
vitaminc,vitaminc,entailment,0.6765000224113464,0.7122662663459778,0.6384261846542358,0.68086177110672,0.7893950939178467,0.8564049601554871,0.20825472474098206,0.20926733314990997,0.7693017721176147,0.6976308822631836,0.6091694831848145,0.6851365566253662
vitaminc,vitaminc,entailment,0.7664999961853027,0.6506030559539795,0.7621980905532837,0.623993992805481,0.8468775749206543,0.7511246204376221,0.1714579463005066,0.2599303126335144,0.664499819278717,0.7337580919265747,0.5223574638366699,0.8778400421142578
vitaminc,vitaminc,entailment,0.7565000057220459,0.6870712637901306,0.7564780116081238,0.6493546962738037,0.8564797639846802,0.826337993144989,0.16572260856628418,0.23264114558696747,0.712193489074707,0.7443490624427795,0.5043671727180481,0.7301970720291138
vitaminc,vitaminc,entailment,0.6679999828338623,0.6345118880271912,0.6020859479904175,0.5946499109268188,0.844031810760498,0.7718146443367004,0.19579367339611053,0.26637086272239685,0.6916136741638184,0.6817545294761658,0.5699610710144043,0.7377234101295471
vitaminc,vitaminc,entailment,0.6060000061988831,0.6862920522689819,0.6049725413322449,0.6559807062149048,0.6581186652183533,0.777107298374176,0.23596812784671783,0.22642084956169128,0.6399030685424805,0.7048999667167664,0.6664589643478394,0.7322438359260559
vitaminc,vitaminc,entailment,0.7935000061988831,0.641069769859314,0.7934293150901794,0.590903103351593,0.9076204299926758,0.8091550469398499,0.17664162814617157,0.24242864549160004,0.6224902868270874,0.6669484972953796,0.5384199619293213,0.7347168922424316
vitaminc,vitaminc,entailment,0.7749999761581421,0.627375066280365,0.768858790397644,0.5784496068954468,0.8529568910598755,0.7336706519126892,0.18818072974681854,0.2748516798019409,0.6094123125076294,0.7296711802482605,0.5639937520027161,0.9619483947753906
vitaminc,vitaminc,entailment,0.6830000281333923,0.6342199444770813,0.6816962361335754,0.5951417684555054,0.7848950624465942,0.7388297915458679,0.20670092105865479,0.2692700922489166,0.6263949275016785,0.7083575129508972,0.6025280356407166,0.8594182133674622
vitaminc,vitaminc,entailment,0.7409999966621399,0.6484284996986389,0.7398668527603149,0.6125316023826599,0.8179939389228821,0.764214813709259,0.189658984541893,0.2815481126308441,0.6307317018508911,0.7640126347541809,0.5653062462806702,0.9332634210586548
vitaminc,vitaminc,entailment,0.6610000133514404,0.6514790654182434,0.6505410671234131,0.6276829838752747,0.8242009282112122,0.748859167098999,0.2093396931886673,0.272828072309494,0.669684112071991,0.7386358380317688,0.6079542636871338,0.8810428380966187
vitaminc,vitaminc,entailment,0.6144999861717224,0.6637316346168518,0.49432259798049927,0.6324278712272644,0.8562659025192261,0.7589192986488342,0.22131483256816864,0.27623647451400757,0.7617411017417908,0.7531083226203918,0.6234816312789917,0.8972324132919312
vitaminc,vitaminc,entailment,0.6800000071525574,0.6422397494316101,0.6715927720069885,0.6082749366760254,0.8193942904472351,0.7534984946250916,0.2086176574230194,0.2784166634082794,0.6434078812599182,0.7079375386238098,0.6063801050186157,0.8133339881896973
vitaminc,vitaminc,entailment,0.8270000219345093,0.6483643651008606,0.8231257200241089,0.6136144995689392,0.9074379801750183,0.7832732796669006,0.1608036905527115,0.2735953629016876,0.6434792876243591,0.7318784594535828,0.502210259437561,0.8512901067733765
vitaminc,vitaminc,entailment,0.8324999809265137,0.6764476299285889,0.8295067548751831,0.6435996294021606,0.9099178314208984,0.8107402920722961,0.14730574190616608,0.25153809785842896,0.6761706471443176,0.7220197916030884,0.46910330653190613,0.8188902139663696
vitaminc,vitaminc,entailment,0.7365000247955322,0.6276749968528748,0.7352210283279419,0.5871362686157227,0.8601582646369934,0.7191362380981445,0.18242304027080536,0.29951024055480957,0.6772393584251404,0.7870141863822937,0.5461888909339905,1.0063834190368652
vitaminc,vitaminc,entailment,0.47600001096725464,0.5885277986526489,0.39443737268447876,0.5381882190704346,0.5837509632110596,0.6805515885353088,0.3572634756565094,0.33936360478401184,0.786072313785553,0.8294669985771179,1.0449283123016357,1.280604600906372
vitaminc,vitaminc,entailment,0.5554999709129333,0.6650252342224121,0.5338519811630249,0.616658627986908,0.6934165954589844,0.7747931480407715,0.2671497166156769,0.2554542124271393,0.713128924369812,0.7249605059623718,0.750798761844635,0.8383297920227051
vitaminc,vitaminc,entailment,0.7195000052452087,0.6594085097312927,0.7182161211967468,0.6322599649429321,0.8340818881988525,0.7678070068359375,0.1968015730381012,0.25934717059135437,0.6221672296524048,0.726608395576477,0.5810062885284424,0.8512848615646362
vitaminc,vitaminc,entailment,0.512499988079071,0.6268876194953918,0.4682404696941376,0.5874696373939514,0.6594743728637695,0.7268883585929871,0.33034229278564453,0.31297895312309265,0.7895960807800293,0.7698968052864075,0.9716026782989502,1.0151325464248657
vitaminc,vitaminc,entailment,0.7400000095367432,0.6216731071472168,0.7379240989685059,0.5961413383483887,0.8889786005020142,0.7415504455566406,0.1744445115327835,0.2928321063518524,0.6824234127998352,0.7423277497291565,0.5270877480506897,0.8814109563827515
vitaminc,vitaminc,entailment,0.6894999742507935,0.6221651434898376,0.68870609998703,0.5812374353408813,0.7608500123023987,0.6951053142547607,0.2020418792963028,0.3197726607322693,0.6683678030967712,0.822622537612915,0.5926434993743896,1.2293702363967896
vitaminc,vitaminc,entailment,0.4740000069141388,0.6491512060165405,0.3835776150226593,0.6117392778396606,0.6396182179450989,0.7654762268066406,0.2958962619304657,0.270119309425354,0.7040375471115112,0.7679124474525452,0.8021049499511719,0.9390189051628113
vitaminc,vitaminc,entailment,0.6604999899864197,0.6419118046760559,0.6512919068336487,0.6315569877624512,0.8035901188850403,0.7408564686775208,0.21407808363437653,0.29277312755584717,0.6554343700408936,0.7692117691040039,0.6158578991889954,1.0553956031799316
vitaminc,vitaminc,entailment,0.5874999761581421,0.6209796071052551,0.5605829358100891,0.5848819017410278,0.7529805898666382,0.6746147274971008,0.2732146084308624,0.3446424901485443,0.7655311822891235,0.8573487401008606,0.7956345677375793,1.2778010368347168
vitaminc,vitaminc,entailment,0.6934999823570251,0.6420156359672546,0.6885155439376831,0.6195133328437805,0.8185949921607971,0.7324429750442505,0.2055465281009674,0.3242882490158081,0.7078390121459961,0.7983688116073608,0.6030252575874329,1.1172657012939453
vitaminc,vitaminc,entailment,0.5450000166893005,0.6479249596595764,0.5006563067436218,0.6103302836418152,0.7206830382347107,0.7598583102226257,0.27037477493286133,0.2830706834793091,0.7125252485275269,0.8218092322349548,0.7491018772125244,1.1123576164245605
vitaminc,vitaminc,entailment,0.5805000066757202,0.6482043266296387,0.5584432482719421,0.62433922290802,0.7069268822669983,0.7492045164108276,0.27880510687828064,0.29919901490211487,0.7561424374580383,0.7908941507339478,0.7983600497245789,1.0455427169799805
vitaminc,vitaminc,entailment,0.6449999809265137,0.6486873626708984,0.6404083967208862,0.6124619841575623,0.6980697512626648,0.7244307398796082,0.22014066576957703,0.28377026319503784,0.666944146156311,0.787349283695221,0.6326143145561218,1.0270915031433105
vitaminc,vitaminc,entailment,0.46549999713897705,0.578182578086853,0.3809858560562134,0.5429161190986633,0.6198188066482544,0.6481454372406006,0.3946804702281952,0.4110897183418274,0.8407086730003357,0.8363442420959473,1.1833693981170654,1.281736969947815
vitaminc,vitaminc,entailment,0.7574999928474426,0.6493351459503174,0.7573164701461792,0.6289243698120117,0.8494243621826172,0.7391720414161682,0.19117924571037292,0.2759533226490021,0.6219657063484192,0.7129857540130615,0.5698635578155518,0.8962479829788208
vitaminc,vitaminc,entailment,0.5885000228881836,0.6276436448097229,0.5618787407875061,0.6069648265838623,0.7786312699317932,0.7094464302062988,0.25500771403312683,0.3235967755317688,0.7400704026222229,0.8026654124259949,0.7228509783744812,1.0639300346374512
vitaminc,vitaminc,entailment,0.6940000057220459,0.6244809627532959,0.6884896755218506,0.5999854207038879,0.8453566431999207,0.7115218639373779,0.2027580887079239,0.3046201765537262,0.6348263621330261,0.7345728874206543,0.5927318334579468,0.978225827217102
vitaminc,vitaminc,entailment,0.625,0.6383198499679565,0.6171715259552002,0.6051538586616516,0.7402133345603943,0.7444934248924255,0.22826744616031647,0.29318922758102417,0.6702837347984314,0.7588507533073425,0.6520470380783081,0.9577598571777344
